<?xml version="1.0" encoding="utf-8"?>
<odoo>
    <data>
        <record id="mail_activity_type_tax_report_to_be_sent" model="mail.activity.type">
            <field name="name">Tax Report Ready</field>
            <field name="summary">Tax report is ready to be sent to the administration</field>
            <field name="category">tax_report</field>
            <field name="delay_count">0</field>
            <field name="delay_unit">days</field>
            <field name="delay_from">current_date</field>
            <field name="res_model">account.move</field>
            <field name="chaining_type">suggest</field>
        </record>
    </data>
</odoo>
