<?xml version="1.0" encoding="utf-8"?>
<odoo>
    <data>
        <record id="hr_payroll_account_journal" model="account.journal">
            <field name="name">Salaries</field>
            <field name="code">SLR</field>
            <field name="type">general</field>
            <!-- avoid being selected as default journal -->
            <field name="sequence">99</field>
        </record>

        <record id="hr_payroll.structure_002" model="hr.payroll.structure">
            <field name="journal_id" ref="hr_payroll_account.hr_payroll_account_journal"/>
        </record>

        <record id="hr_payroll.structure_worker_001" model="hr.payroll.structure">
            <field name="journal_id" ref="hr_payroll_account.hr_payroll_account_journal"/>
        </record>
    </data>
</odoo>
