<?xml version="1.0" encoding="utf-8"?>
<odoo>
    <record id ="product.consu_delivery_03" model="product.product">
        <field name="unspsc_code_id" ref="product_unspsc.unspsc_code_01010101"/>
    </record>
    <record id ="product.consu_delivery_02" model="product.product">
        <field name="unspsc_code_id" ref="product_unspsc.unspsc_code_01010101"/>
    </record>
    <record id ="product.consu_delivery_01" model="product.product">
        <field name="unspsc_code_id" ref="product_unspsc.unspsc_code_01010101"/>
    </record>
</odoo>
