id,name,model_id:id,group_id:id,perm_read,perm_write,perm_create,perm_unlink
access_report_project_task_user_fsm,access_report_project_task_user_fsm,model_report_project_task_user_fsm,group_fsm_manager,1,1,1,1
access_project_task_stop_timers_wizard_user_fsm,access_project_task_stop_timers_wizard_user_fsm,model_project_task_stop_timers_wizard,group_fsm_user,1,1,1,0
access_project_task_stop_timers_wizard_line_user_fsm,access_project_task_stop_timers_wizard_line_user_fsm,model_project_task_stop_timers_wizard_line,group_fsm_user,1,1,1,0
access_report_project_task_user_project_user_fsm,access_report_project_task_user_project_user_fsm,model_report_project_task_user_fsm,group_fsm_user,1,0,0,0
