<?xml version="1.0" encoding="utf-8"?>
<odoo>
    <data>
        <!--Old Template Preview-->
        <template id="report_preview_old">
            <t t-call="web.html_preview_container">
                <t t-call="web.external_layout">
                    <div class="pt-5">
                        <div class="address row">
                            <div name="address" class="col-md-5 ml-auto">
                                <address>
                                    <address class="mb-0" itemscope="itemscope"
                                             itemtype="http://schema.org/Organization">
                                    </address>
                                </address>
                            </div>
                        </div>
                    </div>
                    <div class="new">
                        <div class=" row mt32 mb32" t-attf-class="pull-right">
                            <div class="col-12" style="padding-top:20px;">
                                <div itemprop="address"
                                     itemscope="itemscope"
                                     itemtype="http://schema.org/PostalAddress">
                                    <div class="d-flex align-items-baseline">
                                        <span class="w-100 o_force_ltr"
                                              itemprop="streetAddress">
                                            Deco Addict
                                            <br/>
                                            77 Santa Barbara
                                            Rd<br/>Pleasant Hill CA
                                            94523<br/>United States
                                            <br/>
                                        </span>
                                    </div>
                                </div>
                            </div>
                        </div>
                        <div t-attf-class="pull-right"
                             t-attf-style="font:15px lucida-console,sans-serif !important;background-color:#{company.document_layout_id.base_color};color:#{company.document_layout_id.heading_text_color};padding:2%">
                            <h2>
                                <div t-attf-style="color:##FFFFFF">
                                    Invoice INV/2021/07/0003
                                </div>
                            </h2>
                            <div id="informations"
                                 class="row mt32 mb32">
                                <div class="col-auto mw-100 mb-2"
                                     name="invoice_date"
                                     t-attf-style="color:##FFFFFF;">
                                    <p>Invoice Date:
                                    </p>
                                    <p class="m-0">07/08/2021
                                    </p>
                                </div>
                                <div class="col-auto mw-100 mb-2"
                                     name="due_date"
                                     t-attf-style="color:##FFFFFF;">
                                    <p>Due Date:</p>
                                    <p class="m-0">08/07/2021
                                    </p>
                                </div>
                                <div class="col-auto mw-100 mb-2"
                                     name="sales"
                                     t-attf-style="color:##FFFFFF;">
                                    <p>Sales Person
                                    </p>
                                    <p class="m-0">Mitchell
                                        Admin
                                    </p>
                                </div>

                            </div>
                        </div>
                        <br/>
                        <br/>
                        <br/>
                        <br/>
                        <br/>
                        <br/>
                        <br/>
                        <br/>
                        <div class="page" t-attf-style="padding-top:36px;">
                            <table class="table table-sm o_main_table"
                                   name="invoice_line_table">
                                <thead>
                                    <tr t-attf-style=" background-color:#{company.document_layout_id.base_color};padding:2% ;color:#{company.document_layout_id.heading_text_color};">
                                        <th name="th_description"
                                            class="text-left">
                                            <span>Product</span>
                                        </th>
                                        <th name="th_description"
                                            class="text-left">
                                            <span>Description</span>
                                        </th>
                                        <th name="th_quantity"
                                            class="text-right">
                                            <span>Quantity</span>
                                        </th>
                                        <th name="th_priceunit"
                                            class="text-right d-none d-md-table-cell">
                                            <span>Unit Price</span>
                                        </th>
                                        <th name="th_taxes"
                                            class="text-left d-none d-md-table-cell">
                                            <span>Taxes</span>
                                        </th>
                                        <th name="th_subtotal"
                                            class="text-right">
                                            <span>Amount</span>
                                        </th>
                                    </tr>
                                </thead>
                                <tbody class="invoice_tbody">
                                    <tr>
                                        <td name="account_invoice_line_pro">
                                            Three-Seat Sofa
                                        </td>
                                        <td name="account_invoice_line_name">
                                            <span>[FURN_8999] Three-Seat Sofa
                                                <br/>
                                                Three Seater Sofa with Lounger
                                                in
                                                Steel Grey Colour
                                            </span>
                                        </td>
                                        <td class="text-right">
                                            <span>5.000</span>
                                        </td>
                                        <td class="text-right d-none d-md-table-cell">
                                            <span class="text-nowrap">1,500.00
                                            </span>
                                        </td>
                                        <td class="text-left d-none d-md-table-cell">
                                            <span id="line_tax_ids">15.00%
                                            </span>
                                        </td>
                                        <td class="text-right o_price_total">
                                            <span class="text-nowrap">$
                                                <span class="oe_currency_value">
                                                    7,500.00
                                                </span>
                                            </span>
                                        </td>
                                    </tr>
                                    <tr>
                                        <td name="account_invoice_line_name">
                                            <span>Four Person Desk
                                            </span>
                                        </td>
                                        <td name="account_invoice_line_des">
                                            <span>[FURN_8220] Four Person Desk
                                                <br/>
                                                Four person modern office
                                                workstation
                                            </span>
                                        </td>
                                        <td class="text-right">
                                            <span>5.000</span>
                                        </td>
                                        <td class="text-right d-none d-md-table-cell">
                                            <span class="text-nowrap">23,500.00
                                            </span>
                                        </td>
                                        <td class="text-left d-none d-md-table-cell">
                                            <span id="line_tax_ids">15.00%
                                            </span>
                                        </td>
                                        <td class="text-right o_price_total">
                                            <span class="text-nowrap">$
                                                <span class="oe_currency_value">
                                                    117,500.00
                                                </span>
                                            </span>
                                        </td>
                                    </tr>
                                </tbody>
                            </table>
                            <div class="clearfix mb-4" style="margin-left:auto;">
                                <div id="total" class="row">
                                    <div class="col-sm-7 col-md-6 ms-auto">
                                        <table class="table table-sm"
                                               style="page-break-inside: avoid;">
                                            <tbody>
                                                <tr class="border-black o_subtotal"
                                                    style="">
                                                    <td>
                                                        <strong>Subtotal
                                                        </strong>
                                                    </td>
                                                    <td class="text-right">
                                                        <span>$
                                                            <span class="oe_currency_value">
                                                                125,000.00
                                                            </span>
                                                        </span>
                                                    </td>
                                                </tr>
                                                <tr>
                                                    <td>
                                                        <span class="text-nowrap">
                                                            Tax 15%
                                                        </span>
                                                    </td>
                                                    <td class="text-right o_price_total">
                                                        <span class="text-nowrap">
                                                            $
                                                            18,750.00
                                                        </span>
                                                    </td>
                                                </tr>
                                                <tr class="border-black o_total"
                                                    t-attf-style=" background-color:#{company.document_layout_id.base_color};padding:2% ;color:#{company.document_layout_id.heading_text_color};">
                                                    <td>
                                                        <strong>Total</strong>
                                                    </td>
                                                    <td class="text-right">
                                                        <span class="text-nowrap">
                                                            $
                                                            <span class="oe_currency_value">
                                                                143,750.00
                                                            </span>
                                                        </span>
                                                    </td>
                                                </tr>
                                            </tbody>
                                        </table>
                                    </div>
                                </div>
                            </div>
                            <p>
                                Please use the following communication for your
                                payment :
                                <b>
                                    <span>
                                        INV/2021/07/0003
                                    </span>
                                </b>
                            </p>
                            <p name="payment_term">
                                <span>Payment terms: 30 Days</span>
                            </p>
                        </div>
                    </div>
                </t>
            </t>
        </template>
    </data>
</odoo>