<?xml version="1.0" encoding="utf-8"?>
<odoo>

    <record id="l10n_cl.res_partner_bmya" model="res.partner">
        <field name="l10n_cl_dte_email">dte@example.com</field>
        <field name="l10n_cl_activity_description">Servicios integrales de informática</field>
    </record>

    <record id="l10n_cl.res_partner_teksa" model="res.partner">
        <field name="l10n_cl_dte_email">dte1@example.com</field>
        <field name="l10n_cl_activity_description">Venta de Mangeras y Fittings</field>
    </record>

</odoo>
