<?xml version="1.0" encoding="UTF-8" ?>
<template>
    <t t-name="rowno_in_tree.ListRendererInsideView" t-inherit="account.sectionAndNoteListRenderer"
       t-inherit-mode="extension" owl="1">
        <xpath expr="//table[@class='o_section_and_note_list_view']/thead/tr/th[1]" position="before">
            <th>#</th>
        </xpath>
    </t>
    <t
            t-name="rowno_in_tree_account.AccountListRenderer"
            t-inherit="account.ListRenderer"
            t-inherit-mode="extension"
            owl="1"
    >
        <xpath expr="//table/thead/tr/th[@t-if='hasSelectors']" position="before">
            <th>#</th>
        </xpath>
        <xpath expr="//div/table/tfoot/tr/td" position="before">
            <td/>
        </xpath>
    </t>

</template>
