<?xml version="1.0" ?>
<odoo>
    <data noupdate="0">
        <record id="payment_method_efectivo" model="l10n_mx_edi.payment.method">
            <field name="code">01</field>
            <field name="name">Efectivo</field>
        </record>
        <record id="payment_method_cheque" model="l10n_mx_edi.payment.method">
            <field name="code">02</field>
            <field name="name">Cheque nominativo</field>
        </record>
        <record id="payment_method_transferencia" model="l10n_mx_edi.payment.method">
            <field name="code">03</field>
            <field name="name">Transferencia electrónica de fondos</field>
        </record>
        <record id="payment_method_tarjeta_de_credito" model="l10n_mx_edi.payment.method">
            <field name="code">04</field>
            <field name="name">Tarjeta de Crédito</field>
        </record>
        <record id="payment_method_monedero_electronico" model="l10n_mx_edi.payment.method">
            <field name="code">05</field>
            <field name="name">Monedero Electrónico</field>
        </record>
        <record id="payment_method_dinero_electronico" model="l10n_mx_edi.payment.method">
            <field name="code">06</field>
            <field name="name">Dinero Electrónico</field>
        </record>
        <record id="payment_method_vales_despensa" model="l10n_mx_edi.payment.method">
            <field name="code">08</field>
            <field name="name">Vales de despensa</field>
        </record>
        <record id="payment_method_12" model="l10n_mx_edi.payment.method">
            <field name="code">12</field>
            <field name="name">Dación en pago</field>
        </record>
        <record id="payment_method_13" model="l10n_mx_edi.payment.method">
            <field name="code">13</field>
            <field name="name">Pago por subrogación</field>
        </record>
        <record id="payment_method_14" model="l10n_mx_edi.payment.method">
            <field name="code">14</field>
            <field name="name">Pago por consignación</field>
        </record>
        <record id="payment_method_15" model="l10n_mx_edi.payment.method">
            <field name="code">15</field>
            <field name="name">Condonación</field>
        </record>
        <record id="payment_method_17" model="l10n_mx_edi.payment.method">
            <field name="code">17</field>
            <field name="name">Compensación</field>
        </record>
        <record id="payment_method_23" model="l10n_mx_edi.payment.method">
            <field name="code">23</field>
            <field name="name">Novación</field>
        </record>
        <record id="payment_method_24" model="l10n_mx_edi.payment.method">
            <field name="code">24</field>
            <field name="name">Confusión</field>
        </record>
        <record id="payment_method_25" model="l10n_mx_edi.payment.method">
            <field name="code">25</field>
            <field name="name">Remisión de deuda</field>
        </record>
        <record id="payment_method_26" model="l10n_mx_edi.payment.method">
            <field name="code">26</field>
            <field name="name">Prescripción o caducidad</field>
        </record>
        <record id="payment_method_27" model="l10n_mx_edi.payment.method">
            <field name="code">27</field>
            <field name="name">A satisfacción del acreedor</field>
        </record>
        <record id="payment_method_tarjeta_debito" model="l10n_mx_edi.payment.method">
            <field name="code">28</field>
            <field name="name">Tarjeta de Débito</field>
        </record>
        <record id="payment_method_tarjeta_servicio" model="l10n_mx_edi.payment.method">
            <field name="code">29</field>
            <field name="name">Tarjeta de Servicio</field>
        </record>
        <record id="payment_method_anticipos" model="l10n_mx_edi.payment.method">
            <field name="code">30</field>
            <field name="name">Aplicación de anticipos</field>
        </record>
        <record id="payment_method_intermediario_pagos" model="l10n_mx_edi.payment.method">
            <field name="code">31</field>
            <field name="name">Intermediario pagos</field>
        </record>
        <record id="payment_method_otros" model="l10n_mx_edi.payment.method">
            <field name="code">99</field>
            <field name="name">Por definir</field>
        </record>
     </data>
</odoo>
