<?xml version="1.0" encoding="UTF-8"?>
<templates xml:space="preserve">

    <t owl="1" t-inherit="stock_barcode.LineQuantity" t-inherit-mode="extension">
        <xpath expr="//div[@name='quantity']" position="after">
            <div t-if="!props.subline &amp;&amp; env.model.params.model == 'stock.picking.batch'">
                <i class="fa fa-fw fa-truck"/>
                <span class="o_picking_label" t-esc="line.picking_id.name"/>
            </div>
        </xpath>
    </t>

    <t owl="1" t-inherit="stock_barcode.LineComponent" t-inherit-mode="extension" t-translation="off">
        <xpath expr="//div[hasclass('o_barcode_line')]" position="attributes">
            <attribute name="t-att-style">(line.colorLine or line.colorLine === 0) ? 'border-color: hsla(' + line.colorLine + ', 80%, 50%, 0.6);' : ''</attribute>
        </xpath>
        <xpath expr="//div[@name='package']" position="attributes">
            <attribute name="t-if">line.package_id || line.result_package_id || line.suggested_package</attribute>
        </xpath>
        <xpath expr="//div[@name='package']" position="inside">
            <span t-if="!line.result_package_id &amp;&amp; line.suggested_package"
                  t-esc="line.suggested_package + ' ?'" class="text-muted ms-1"/>
        </xpath>
    </t>

</templates>
