<?xml version="1.0" encoding="utf-8"?>
<odoo>
        <record id="account_tag_281_50_commissions" model="account.account.tag">
            <field name="name">281.50 - Commissions</field>
            <field name="applicability">accounts</field>
        </record>

        <record id="account_tag_281_50_fees" model="account.account.tag">
            <field name="name">281.50 - Fees</field>
            <field name="applicability">accounts</field>
        </record>

        <record id="account_tag_281_50_atn" model="account.account.tag">
            <field name="name">281.50 - ATN</field>
            <field name="applicability">accounts</field>
        </record>

        <record id="account_tag_281_50_exposed_expenses" model="account.account.tag">
            <field name="name">281.50 - Exposed Expenses</field>
            <field name="applicability">accounts</field>
        </record>

        <record id="res_partner_tag_281_50" model="res.partner.category">
            <field name="name">281.50</field>
            <field name="color" eval="2"/>
        </record>

</odoo>
