<?xml version="1.0" encoding="UTF-8"?>
<templates id="template" xml:space="preserve">
    <div t-name="website_helpdesk.knowledge_base_autocomplete" class="dropdown-menu show w-100">
        <a t-foreach="results" t-as="result" class="dropdown-item p-2 text-wrap" t-attf-href="{{result.url}}">
            <i t-attf-class="fa fa-fw {{result.icon}}" /> <t t-esc="result.name" />
        </a>
        <span t-if="!results.length" class="dropdown-item-text">
            <span class="text-muted">
                No results found. Please try another search.
            </span>
        </span>
        <a t-attf-href="?search={{term}}" class="dropdown-item p-2 text-primary text-center" t-if="showMore">
            All results
        </a>
    </div>
</templates>
