<?xml version="1.0" encoding="utf-8"?>
<odoo>

    <record id="spreadsheet_dashboard_group_crm" model="spreadsheet.dashboard.group">
        <field name="name">CRM</field>
        <field name="sequence">200</field>
    </record>

    <record id="dashboard_leads" model="spreadsheet.dashboard">
        <field name="name">Leads</field>
        <field name="data" type="base64" file="spreadsheet_dashboard_crm/data/files/leads_dashboard.json"/>
        <field name="dashboard_group_id" ref="spreadsheet_dashboard_crm.spreadsheet_dashboard_group_crm"/>
        <field name="group_ids" eval="[Command.link(ref('sales_team.group_sale_salesman'))]"/>
        <field name="sequence">10</field>
    </record>

    <record id="dashboard_pipeline" model="spreadsheet.dashboard">
        <field name="name">Pipeline</field>
        <field name="data" type="base64" file="spreadsheet_dashboard_crm/data/files/pipeline_dashboard.json"/>
        <field name="dashboard_group_id" ref="spreadsheet_dashboard_crm.spreadsheet_dashboard_group_crm"/>
        <field name="group_ids" eval="[Command.link(ref('sales_team.group_sale_salesman'))]"/>
        <field name="sequence">20</field>
    </record>


</odoo>
