<?xml version="1.0" encoding="utf-8"?>
<templates id="template" xml:space="preserve">

    <t t-name="project_enterprise._ControlPanel" t-inherit="web_enterprise._ControlPanel" t-inherit-mode="extension" owl="1">
        <xpath expr="//ol[hasclass('breadcrumb')]" position="inside">
            <t t-call="project.ProjectControlPanelContent">
                <t t-set="showProjectUpdate" t-value="show_project_update"/>
                <t t-set="isProjectUser" t-value="is_project_user"/>
            </t>
        </xpath>
    </t>

</templates>
