<?xml version="1.0" encoding="utf-8"?>
<odoo>
    <template id="pe_ubl_2_1_signature">
        <ds:Signature xmlns:ds="http://www.w3.org/2000/09/xmldsig#">
            <ds:SignedInfo>
                <ds:CanonicalizationMethod Algorithm="http://www.w3.org/2001/10/xml-exc-c14n#"/>
                <ds:SignatureMethod Algorithm="http://www.w3.org/2000/09/xmldsig#rsa-sha1"/>
                <ds:Reference URI="">
                    <ds:Transforms>
                        <ds:Transform Algorithm="http://www.w3.org/2000/09/xmldsig#enveloped-signature"/>
                        <ds:Transform Algorithm="http://www.w3.org/2001/10/xml-exc-c14n#"/>
                    </ds:Transforms>
                    <ds:DigestMethod Algorithm="http://www.w3.org/2000/09/xmldsig#sha1"/>
                    <ds:DigestValue t-esc="digest_value"/>
                </ds:Reference>
            </ds:SignedInfo>
            <ds:SignatureValue/>
            <ds:KeyInfo>
                <ds:X509Data>
                    <ds:X509Certificate/>
                </ds:X509Data>
            </ds:KeyInfo>
        </ds:Signature>
    </template>
</odoo>
