<?xml version="1.0" encoding="UTF-8"?>
<templates xml:space="preserve">
    <t t-name="documents_spreadsheet.TemplateDialog" owl="1">
        <div>
            <Dialog
                t-if="state.isOpen"
                title="dialogTitle"
                contentClass="'o-spreadsheet-templates-dialog'"
                footer="true"
            >
                <div>
                    <SearchBar/>
                </div>
                <div class="o-pager">
                    <Pager
                        t-if="state.templatesCount"
                        total="state.templatesCount"
                        offset="state.offset"
                        limit="limit"
                        isEditable="false"
                        onUpdate.bind="_onPagerChanged"/>
                </div>
                <div class="o-templates-container">
                    <div class="o-template o-blank-template">
                        <img
                            tabindex="0"
                            t-on-focus="() => this._selectTemplate(null)"
                            t-att-class="_isSelected(null) ? 'o-template-selected': ''"
                            src="spreadsheet/static/img/spreadsheet.svg"
                            t-att-title="Blank"/>
                        <div class="o-template-item-name">Blank spreadsheet</div>
                    </div>
                    <div
                        t-foreach="state.templates" t-as="template"
                        t-key="template.id"
                        class="o-template">
                        <img
                            tabindex="0"
                            t-att-class="_isSelected(template.id) ? 'o-template-selected': ''"
                            t-on-focus="() => this._selectTemplate(template.id)"
                            t-attf-src="/web/image?model=spreadsheet.template&amp;id={{template.id}}&amp;field=thumbnail"
                            t-att-title="template.name"/>
                        <div class="o-template-item-name" t-esc="template.name"/>
                    </div>
                </div>
                <t t-set-slot="footer">
                    <button
                        class="btn btn-primary o-spreadsheet-create"
                        t-att-disabled="_buttonDisabled()"
                        t-on-click="_createSpreadsheet">
                        <t>Create</t>
                    </button>
                    <button class="btn btn-secondary" t-on-click="data.close">
                        <t>Cancel</t>
                    </button>
                </t>
            </Dialog>
        </div>
    </t>
</templates>
