<?xml version="1.0" encoding="utf-8"?>
<odoo>

    <template id="tax_information_inherit_l10n_lu_saft" inherit_id="account_saft.tax_information">
        <xpath expr="//TaxCode" position="before">
            <t t-if="company.account_fiscal_country_id.code == 'LU'">
                <TaxType>TVA-<t t-esc="tax_vals['tax_id']"/></TaxType>
            </t>
        </xpath>
    </template>

    <template id="saft_template_inherit_l10n_lu_saft" inherit_id="account_saft.saft_template">
        <xpath expr="//AuditFile" position="inside">
            <SourceDocuments t-if="invoice_vals_list and company.account_fiscal_country_id.code == 'LU'">
                <SalesInvoices>
                    <NumberOfEntries t-esc="len(invoice_vals_list)"/>
                    <TotalDebit t-esc="format_float(total_invoices_debit)"/>
                    <TotalCredit t-esc="format_float(total_invoices_credit)"/>
                    <Invoice t-foreach="invoice_vals_list" t-as="invoice_vals">
                        <InvoiceNo t-esc="invoice_vals['name'][:70]"/>
                        <t t-set="partner_id" t-value="invoice_vals['partner_id']"/>
                        <t t-set="partner_vals" t-value="partner_detail_map[partner_id]"/>
                        <CustomerInfo t-if="partner_vals['type'] == 'customer'">
                            <CustomerID t-esc="partner_id"/>
                            <BillingAddress>
                                <t t-call="account_saft.address">
                                    <t t-set="partner_address" t-value="partner_vals['addresses'][0]"/>
                                </t>
                            </BillingAddress>
                        </CustomerInfo>
                        <SupplierInfo t-if="partner_vals['type'] == 'supplier'">
                            <SupplierID t-esc="partner_id"/>
                            <BillingAddress>
                                <t t-call="account_saft.address">
                                    <t t-set="partner_address" t-value="partner_vals['addresses'][0]"/>
                                </t>
                            </BillingAddress>
                        </SupplierInfo>
                        <Period t-esc="format_date(invoice_vals['date'], '%m')"/>
                        <PeriodYear t-esc="format_date(invoice_vals['date'], '%Y')"/>
                        <InvoiceDate t-esc="invoice_vals['invoice_date']"/>
                        <InvoiceType t-esc="invoice_vals['type'][:9]"/>
                        <SourceID t-if="invoice_vals['invoice_origin']" t-esc="invoice_vals['invoice_origin'][:35]"/>
                        <GLPostingDate t-esc="invoice_vals['date']"/>
                        <TransactionID t-esc="invoice_vals['id']"/>
                        <Line t-foreach="invoice_vals['invoice_line_vals_list']" t-as="line_vals">
                            <AccountID t-esc="line_vals['account_id']"/>
                            <OrderReferences>
                                <OriginatingON t-esc="invoice_vals['name'][:70]"/>
                                <OrderDate t-esc="invoice_vals['invoice_date']"/>
                            </OrderReferences>
                            <ProductCode t-if="line_vals['product_default_code']" t-esc="line_vals['product_default_code'][:70]"/>
                            <ProductDescription t-if="line_vals['name']" t-esc="line_vals['name'][:256]"/>
                            <Quantity t-esc="line_vals['quantity']"/>
                            <InvoiceUOM t-if="line_vals['product_uom_name']" t-esc="line_vals['product_uom_name'][:9]"/>
                            <UnitPrice t-esc="format_float(line_vals['price_unit'] / line_vals['rate'])"/>
                            <TaxPointDate t-esc="invoice_vals['invoice_date']"/>
                            <Description t-esc="(line_vals['name'] or invoice_vals['name'])[:256]"/>
                            <InvoiceLineAmount>
                                <Amount t-esc="format_float(line_vals['balance'] * invoice_vals['sign'])"/>
                                <t t-if="line_vals['currency_id'] != company.currency_id.id">
                                    <CurrencyCode t-esc="line_vals['currency_code']"/>
                                    <CurrencyAmount t-esc="format_float(line_vals['amount_currency'] * invoice_vals['sign'])"/>
                                    <ExchangeRate t-esc="format_float(line_vals['rate'], digits=8)"/>
                                </t>
                            </InvoiceLineAmount>
                            <DebitCreditIndicator t-esc="'C' if invoice_vals['type'] == 'out_invoice' else 'D'"/>
                            <TaxInformation t-foreach="line_vals.get('tax_detail_vals_list', [])" t-as="tax_vals">
                                <t t-set="sign" t-value="invoice_vals['sign']"/>
                                <t t-call="account_saft.tax_information"/>
                            </TaxInformation>
                        </Line>
                        <DocumentTotals>
                            <TaxInformationTotals t-foreach="invoice_vals['tax_detail_vals_list']" t-as="tax_vals">
                                <t t-set="sign" t-value="invoice_vals['sign']"/>
                                <t t-call="account_saft.tax_information"/>
                            </TaxInformationTotals>
                            <NetTotal t-esc="format_float(invoice_vals['total_invoice_untaxed_balance'])"/>
                            <GrossTotal t-esc="format_float(invoice_vals['total_invoice_balance'])"/>
                        </DocumentTotals>
                    </Invoice>
                </SalesInvoices>
            </SourceDocuments>
        </xpath>
        <xpath expr="//TaxTable" position="after">
            <t t-if="company.account_fiscal_country_id.code == 'LU'">
                <UOMTable t-if="uoms">
                    <UOMTableEntry t-foreach="uoms" t-as="uom">
                        <UnitOfMeasure t-esc="uom.name[:9]"/>
                        <Description t-esc="uom.category_id.name[:256]"/>
                    </UOMTableEntry>
                </UOMTable>
                <Products t-if="product_vals_list">
                    <Product t-foreach="product_vals_list" t-as="product_vals">
                        <ProductCode t-esc="product_vals['default_code'][:70]"/>
                        <ProductGroup t-esc="product_vals['product_category'][:70]"/>
                        <Description t-esc="product_vals['name'][:256]"/>
                        <UOMBase t-esc="product_vals['base_uom'][:9]"/>
                        <UOMStandard t-if="product_vals.get('uom_type') != 'reference'" t-esc="product_vals['standard_uom'][:9]"/>
                        <UOMToUOMBaseConversionFactor t-if="product_vals.get('uom_type') != 'reference'" t-esc="product_vals['uom_ratio']"/>
                    </Product>
                </Products>
            </t>
        </xpath>
        <xpath expr="//TaxCodeDetails" position="before">
            <t t-if="company.account_fiscal_country_id.code == 'LU'">
                <TaxType>TVA-<t t-esc="tax_vals['id']"/></TaxType>
                <Description>Taxe sur la valeur ajoutée</Description>
            </t>
        </xpath>
        <xpath expr="//StandardAccountID" position="after">
            <t t-if="company.account_fiscal_country_id.code == 'LU'">
                <AccountType t-esc="account_vals['account_type'][:18]"/>
            </t>
        </xpath>
    </template>

</odoo>
