<?xml version="1.0" encoding="utf-8"?>
<odoo>
    <data noupdate="1">
        <record id="mail_documents_activity_data_vat" model="mail.activity.type">
            <field name="name">Tax Statement</field>
            <field name="delay_count">3</field>
            <field name="delay_unit">months</field>
            <field name="res_model">documents.document</field>
            <field name="delay_from">previous_activity</field>
        </record>

        <record id="mail_documents_activity_data_vat" model="mail.activity.type">
            <field name="chaining_type">trigger</field>
            <field name="triggered_next_type_id" ref="mail_documents_activity_data_vat"/>
        </record>


        <record id="mail_documents_activity_data_fs" model="mail.activity.type">
            <field name="name">Financial Statement</field>
            <field name="delay_count">12</field>
            <field name="delay_unit">months</field>
            <field name="res_model">res.partner</field>
            <field name="delay_from">previous_activity</field>
        </record>

        <record id="mail_documents_activity_data_fs" model="mail.activity.type">
            <field name="chaining_type">trigger</field>
            <field name="triggered_next_type_id" ref="mail_documents_activity_data_fs"/>
        </record>
    </data>
</odoo>
