<?xml version="1.0" encoding="utf-8"?>
<odoo>
    <record id="account_financial_report_br_balancesheet0" model="account.report">
        <field name="name">Balanço Patrimonial</field>
        <field name="root_report_id" ref="account_reports.balance_sheet"/>
        <field name="filter_date_range" eval="False"/>
        <field name="filter_analytic_groupby" eval="True"/>
        <field name="filter_unfold_all" eval="True"/>
        <field name="filter_journals" eval="True"/>
        <field name="filter_multi_company">selector</field>
        <field name="column_ids">
            <record id="account_financial_report_br_balancesheet0_column" model="account.report.column">
                <field name="name">Balance</field>
                <field name="expression_label">balance</field>
            </record>
        </field>
        <field name="line_ids">
            <record id="account_financial_report_total_assets0" model="account.report.line">
                <field name="name">ATIVO</field>
                <field name="code">BR_TA</field>
                <field name="aggregation_formula">BR_CA.balance + BR_PNCA.balance</field>
                <field name="children_ids">
                    <record id="account_financial_report_current_assets_view0" model="account.report.line">
                        <field name="name">ATIVO CIRCULANTE</field>
                        <field name="code">BR_CA</field>
                        <field name="aggregation_formula">BR_DI.balance + BR_CRE.balance + BR_EST.balance + BR_DES.balance + BR_BIO.balance + BR_NCFS.balance</field>
                        <field name="children_ids">
                            <record id="account_financial_report_disponibilidades" model="account.report.line">
                                <field name="name">DISPONIBILIDADES</field>
                                <field name="code">BR_DI</field>
                                <field name="groupby">account_id</field>
                                <field name="foldable" eval="True"/>
                                <field name="account_codes_formula">1.01.01</field>
                            </record>
                            <record id="account_financial_report_creditos" model="account.report.line">
                                <field name="name">CRÉDITOS</field>
                                <field name="code">BR_CRE</field>
                                <field name="groupby">account_id</field>
                                <field name="foldable" eval="True"/>
                                <field name="account_codes_formula">1.01.02</field>
                            </record>
                            <record id="account_financial_report_estoques" model="account.report.line">
                                <field name="name">ESTOQUES</field>
                                <field name="code">BR_EST</field>
                                <field name="groupby">account_id</field>
                                <field name="foldable" eval="True"/>
                                <field name="account_codes_formula">1.01.03</field>
                            </record>
                            <record id="account_financial_report_despesas" model="account.report.line">
                                <field name="name">DESPESAS DO EXERCÍCIO SEGUINTE</field>
                                <field name="code">BR_DES</field>
                                <field name="groupby">account_id</field>
                                <field name="foldable" eval="True"/>
                                <field name="account_codes_formula">1.01.05</field>
                            </record>
                            <record id="account_financial_report_bio_assets" model="account.report.line">
                                <field name="name">ATIVO BIOLÓGICO - CIRCULANTE</field>
                                <field name="code">BR_BIO</field>
                                <field name="groupby">account_id</field>
                                <field name="foldable" eval="True"/>
                                <field name="account_codes_formula">1.01.10</field>
                            </record>
                            <record id="account_financial_report_noncurrent_assets_for_sale" model="account.report.line">
                                <field name="name">ATIVO NÃO CIRCULANTE MANTIDO PARA VENDA</field>
                                <field name="code">BR_NCFS</field>
                                <field name="groupby">account_id</field>
                                <field name="foldable" eval="True"/>
                                <field name="account_codes_formula">1.01.11</field>
                            </record>
                        </field>
                    </record>
                    <record id="account_financial_report_non_current_assets_view0" model="account.report.line">
                        <field name="name">ATIVO NÃO CIRCULANTE</field>
                        <field name="code">BR_PNCA</field>
                        <field name="foldable" eval="True"/>
                        <field name="aggregation_formula">BR_RLP.balance + BR_INV.balance + BR_IMOB.balance + BR_INT.balance + BR_DIF.balance</field>
                        <field name="children_ids">
                            <record id="account_financial_report_long_term" model="account.report.line">
                                <field name="name">REALIZÁVEL A LONGO PRAZO</field>
                                <field name="code">BR_RLP</field>
                                <field name="groupby">account_id</field>
                                <field name="foldable" eval="True"/>
                                <field name="account_codes_formula">1.02.01</field>
                            </record>
                            <record id="account_financial_report_investments" model="account.report.line">
                                <field name="name">INVESTIMENTOS</field>
                                <field name="code">BR_INV</field>
                                <field name="groupby">account_id</field>
                                <field name="foldable" eval="True"/>
                                <field name="account_codes_formula">1.02.02</field>
                            </record>
                            <record id="account_financial_report_immobilized" model="account.report.line">
                                <field name="name">IMOBILIZADO</field>
                                <field name="code">BR_IMOB</field>
                                <field name="groupby">account_id</field>
                                <field name="foldable" eval="True"/>
                                <field name="account_codes_formula">1.02.03</field>
                            </record>
                            <record id="account_financial_report_intangible" model="account.report.line">
                                <field name="name">INTANGÍVEL</field>
                                <field name="code">BR_INT</field>
                                <field name="groupby">account_id</field>
                                <field name="foldable" eval="True"/>
                                <field name="account_codes_formula">1.02.05</field>
                            </record>
                            <record id="account_financial_report_diferido" model="account.report.line">
                                <field name="name">DIFERIDO</field>
                                <field name="code">BR_DIF</field>
                                <field name="groupby">account_id</field>
                                <field name="foldable" eval="True"/>
                                <field name="account_codes_formula">1.02.06</field>
                            </record>
                        </field>
                    </record>
                </field>
            </record>
            <record id="account_financial_report_liabilities_view0" model="account.report.line">
                <field name="name">PASSIVO</field>
                <field name="code">BR_L</field>
                <field name="foldable" eval="True"/>
                <field name="expression_ids">
                    <record id="account_financial_report_liabilities_view0_balance" model="account.report.expression">
                        <field name="label">balance</field>
                        <field name="engine">aggregation</field>
                        <field name="formula">BR_CL.balance + BR_NC.balance + BR_EQ.balance + BR_LUCRO.balance</field>
                        <field name="green_on_positive" eval="False"/>
                    </record>
                </field>
                <field name="children_ids">
                    <record id="account_financial_report_current_revenue" model="account.report.line">
                        <field name="name">LUCRO DO ANO ATUAL</field>
                        <field name="code">BR_LUCRO</field>
                        <field name="groupby">account_id</field>
                        <field name="foldable" eval="True"/>
                        <field name="expression_ids">
                            <record id="account_financial_report_current_revenue_balance" model="account.report.expression">
                                <field name="label">balance</field>
                                <field name="engine">account_codes</field>
                                <field name="formula">-3.12.01 - 3.11.01 - 3.02.01 - 3.01.01 - 3.01.05 - 3.11.05 - 999</field>
                                <field name="date_scope">from_beginning</field>
                            </record>
                        </field>
                    </record>
                    <record id="account_financial_report_current_liabilities0" model="account.report.line">
                        <field name="name">PASSIVO CIRCULANTE</field>
                        <field name="code">BR_CL</field>
                        <field name="expression_ids">
                            <record id="account_financial_report_current_liabilities0_balance" model="account.report.expression">
                                <field name="label">balance</field>
                                <field name="engine">aggregation</field>
                                <field name="formula">BR_CL1.balance</field>
                                <field name="green_on_positive" eval="False"/>
                            </record>
                        </field>
                        <field name="children_ids">
                            <record id="account_financial_report_current_liabilities1" model="account.report.line">
                                <field name="name">OBRIGAÇÕES DO CIRCULANTE</field>
                                <field name="code">BR_CL1</field>
                                <field name="groupby">account_id</field>
                                <field name="foldable" eval="True"/>
                                <field name="expression_ids">
                                    <record id="account_financial_report_current_liabilities1_balance" model="account.report.expression">
                                        <field name="label">balance</field>
                                        <field name="engine">account_codes</field>
                                        <field name="formula">-2.01</field>
                                        <field name="green_on_positive" eval="False"/>
                                    </record>
                                </field>
                            </record>
                        </field>
                    </record>
                    <record id="account_financial_report_non_current_liabilities0" model="account.report.line">
                        <field name="name">PASSIVO NÃO-CIRCULANTE</field>
                        <field name="code">BR_NC</field>
                        <field name="foldable" eval="True"/>
                        <field name="expression_ids">
                            <record id="account_financial_report_non_current_liabilities0_balance" model="account.report.expression">
                                <field name="label">balance</field>
                                <field name="engine">aggregation</field>
                                <field name="formula">BR_LP.balance</field>
                                <field name="green_on_positive" eval="False"/>
                            </record>
                        </field>
                        <field name="children_ids">
                            <record id="account_financial_report_non_current_liabilities1" model="account.report.line">
                                <field name="name">OBRIGAÇÕES A LONGO PRAZO</field>
                                <field name="code">BR_LP</field>
                                <field name="groupby">account_id</field>
                                <field name="foldable" eval="True"/>
                                <field name="expression_ids">
                                    <record id="account_financial_report_non_current_liabilities1_balance" model="account.report.expression">
                                        <field name="label">balance</field>
                                        <field name="engine">account_codes</field>
                                        <field name="formula">-2.02</field>
                                        <field name="green_on_positive" eval="False"/>
                                    </record>
                                </field>
                            </record>
                        </field>
                    </record>
                    <record id="account_financial_report_equity0" model="account.report.line">
                        <field name="name">PATRIMÔNIO LÍQUIDO</field>
                        <field name="code">BR_EQ</field>
                        <field name="aggregation_formula">BR_CAPITAL_SOCIAL.balance + BR_RESERVAS.balance + BR_AJ.balance + BR_OC.balance</field>
                        <field name="children_ids">
                            <record id="account_financial_share_capital" model="account.report.line">
                                <field name="name">CAPITAL SOCIAL</field>
                                <field name="code">BR_CAPITAL_SOCIAL</field>
                                <field name="groupby">account_id</field>
                                <field name="foldable" eval="True"/>
                                <field name="account_codes_formula">-2.03.01</field>
                            </record>
                            <record id="account_financial_retained_earnings0" model="account.report.line">
                                <field name="name">RESERVAS</field>
                                <field name="code">BR_RESERVAS</field>
                                <field name="groupby">account_id</field>
                                <field name="foldable" eval="True"/>
                                <field name="account_codes_formula">-2.03.02</field>
                            </record>
                            <record id="account_financial_ajustes" model="account.report.line">
                                <field name="name">AJUSTES DE AVALIAÇÃO PATRIMONIAL</field>
                                <field name="code">BR_AJ</field>
                                <field name="groupby">account_id</field>
                                <field name="foldable" eval="True"/>
                                <field name="account_codes_formula">-2.03.03</field>
                            </record>
                            <record id="account_financial_outras_contas" model="account.report.line">
                                <field name="name">OUTRAS CONTAS DO PATRIMÔNIO LÍQUIDO</field>
                                <field name="code">BR_OC</field>
                                <field name="groupby">account_id</field>
                                <field name="foldable" eval="True"/>
                                <field name="account_codes_formula">-2.03.04</field>
                            </record>
                        </field>
                    </record>
                </field>
            </record>
            <record id="account_financial_report_off_sheet" model="account.report.line">
                <field name="name">CONTAS FORA DO BALANÇO PATRIMONIAL</field>
                <field name="code">BR_OS</field>
                <field name="groupby">account_id</field>
                <field name="hide_if_zero" eval="1"/>
                <field name="foldable" eval="True"/>
                <field name="domain_formula">-sum([('account_id.account_type', '=', 'off_balance')])</field>
            </record>
        </field>
    </record>
    <record id="account_financial_report_pnl_br" model="account.report">
        <field name="name">Demonstração dos Resultados</field>
        <field name="root_report_id" ref="account_reports.profit_and_loss"/>
        <field name="filter_unfold_all" eval="True"/>
        <field name="filter_journals" eval="True"/>
        <field name="filter_analytic_groupby" eval="True"/>
        <field name="country_id" ref="base.br"/>
        <field name="filter_multi_company">selector</field>
        <field name="column_ids">
            <record id="account_financial_report_pnl_br_column" model="account.report.column">
                <field name="name">Balance</field>
                <field name="expression_label">balance</field>
            </record>
        </field>
        <field name="line_ids">
            <record id="account_financial_report_profit" model="account.report.line">
                <field name="name">RESULTADO LÍQUIDO DO PERÍODO</field>
                <field name="code">BR_PROFIT</field>
                <field name="expression_ids">
                    <record id="account_financial_report_profit_balance" model="account.report.expression">
                        <field name="label">balance</field>
                        <field name="engine">aggregation</field>
                        <field name="formula">BR_RLAG.balance + BR_CSLL_IRPJ.balance + BR_RLAR.balance + BR_CSLL_AR.balance</field>
                        <field name="date_scope">normal</field>
                    </record>
                </field>
                <field name="children_ids">
                    <record id="account_financial_report_pnl_resultado_geral" model="account.report.line">
                        <field name="name">RESULTADO LÍQUIDO DO PERÍODO ANTES DO IRPJ E DA CSLL - ATIVIDADE GERAL</field>
                        <field name="code">BR_RLAG</field>
                        <field name="expression_ids">
                            <record id="account_financial_report_pnl_resultado_geral_balance" model="account.report.expression">
                                <field name="label">balance</field>
                                <field name="engine">aggregation</field>
                                <field name="formula">BR_ROAG.balance + BR_PART_AG.balance</field>
                                <field name="date_scope">normal</field>
                            </record>
                        </field>
                        <field name="children_ids">
                            <record id="account_financial_resultado_ag" model="account.report.line">
                                <field name="name">RESULTADO OPERACIONAL</field>
                                <field name="code">BR_ROAG</field>
                                <field name="groupby">account_id</field>
                                <field name="foldable" eval="True"/>
                                <field name="expression_ids">
                                    <record id="account_financial_resultado_ag_balance" model="account.report.expression">
                                        <field name="label">balance</field>
                                        <field name="engine">account_codes</field>
                                        <field name="formula">-999001 - 999002 - 3.01.01</field>
                                        <field name="date_scope">normal</field>
                                    </record>
                                </field>
                            </record>
                            <record id="account_financial_report_participacoes_ag" model="account.report.line">
                                <field name="name">PARTICIPAÇÕES</field>
                                <field name="code">BR_PART_AG</field>
                                <field name="groupby">account_id</field>
                                <field name="foldable" eval="True"/>
                                <field name="expression_ids">
                                    <record id="account_financial_report_participacoes_ag_balance" model="account.report.expression">
                                        <field name="label">balance</field>
                                        <field name="engine">account_codes</field>
                                        <field name="formula">3.01.05</field>
                                        <field name="date_scope">normal</field>
                                    </record>
                                </field>
                            </record>
                        </field>
                    </record>
                    <record id="account_financial_report_csll_irpj" model="account.report.line">
                        <field name="name">PROVISÃO PARA CSLL E IRPJ</field>
                        <field name="code">BR_CSLL_IRPJ</field>
                        <field name="groupby">account_id</field>
                        <field name="foldable" eval="True"/>
                        <field name="expression_ids">
                            <record id="account_financial_report_csll_irpj_balance" model="account.report.expression">
                                <field name="label">balance</field>
                                <field name="engine">account_codes</field>
                                <field name="formula">3.02</field>
                                <field name="date_scope">normal</field>
                            </record>
                        </field>
                    </record>
                    <record id="account_financial_report_pnl_resultado_rural" model="account.report.line">
                        <field name="name">RESULTADO LÍQUIDO DO PERÍODO ANTES DO IRPJ E DA CSLL - ATIVIDADE RURAL</field>
                        <field name="code">BR_RLAR</field>
                        <field name="expression_ids">
                            <record id="account_financial_report_pnl_resultado_rural_balance" model="account.report.expression">
                                <field name="label">balance</field>
                                <field name="engine">aggregation</field>
                                <field name="formula">BR_ROAR.balance + BR_PART_AR.balance</field>
                                <field name="date_scope">normal</field>
                            </record>
                        </field>
                        <field name="children_ids">
                            <record id="account_financial_report_resultado_ar" model="account.report.line">
                                <field name="name">RESULTADO OPERACIONAL DA ATIVIDADE RURAL</field>
                                <field name="code">BR_ROAR</field>
                                <field name="groupby">account_id</field>
                                <field name="foldable" eval="True"/>
                                <field name="expression_ids">
                                    <record id="account_financial_report_resultado_ar_balance" model="account.report.expression">
                                        <field name="label">balance</field>
                                        <field name="engine">account_codes</field>
                                        <field name="formula">-3.11.01</field>
                                        <field name="date_scope">normal</field>
                                    </record>
                                </field>
                            </record>
                            <record id="account_financial_report_participacoes_ar" model="account.report.line">
                                <field name="name">PARTICIPAÇÕES</field>
                                <field name="code">BR_PART_AR</field>
                                <field name="groupby">account_id</field>
                                <field name="foldable" eval="True"/>
                                <field name="expression_ids">
                                    <record id="account_financial_report_participacoes_ar_balance" model="account.report.expression">
                                        <field name="label">balance</field>
                                        <field name="engine">account_codes</field>
                                        <field name="formula">3.11.05</field>
                                        <field name="date_scope">normal</field>
                                    </record>
                                </field>
                            </record>
                        </field>
                    </record>
                    <record id="account_financial_report_csll_ar" model="account.report.line">
                        <field name="name">PROVISÃO PARA CSLL (ATIVIDADE RURAL)</field>
                        <field name="code">BR_CSLL_AR</field>
                        <field name="groupby">account_id</field>
                        <field name="foldable" eval="True"/>
                        <field name="expression_ids">
                            <record id="account_financial_report_csll_ar_balance" model="account.report.expression">
                                <field name="label">balance</field>
                                <field name="engine">account_codes</field>
                                <field name="formula">3.12</field>
                                <field name="date_scope">normal</field>
                            </record>
                        </field>
                    </record>
                </field>
            </record>
        </field>
    </record>
</odoo>
