<?xml version="1.0" encoding="utf-8"?>
<odoo>

    <data>

        <record id="planning.planning_slot_111" model="planning.slot">
            <field name="project_id" ref="project.project_project_1"/>
        </record>

        <record id="planning.planning_slot_112" model="planning.slot">
            <field name="project_id" ref="project.project_project_3"/>
        </record>

        <record id="planning.planning_slot_113" model="planning.slot">
            <field name="project_id" ref="project.project_project_2"/>
        </record>

        <record id="planning.planning_slot_114" model="planning.slot">
            <field name="project_id" ref="project.project_project_3"/>
        </record>

        <record id="planning.planning_slot_115" model="planning.slot">
            <field name="project_id" ref="project.project_project_1"/>
        </record>

        <record id="planning.planning_slot_116" model="planning.slot">
            <field name="project_id" ref="project.project_project_2"/>
        </record>

        <record id="planning.planning_slot_121" model="planning.slot">
            <field name="project_id" ref="project.project_project_1"/>
        </record>

        <record id="planning.planning_slot_122" model="planning.slot">
            <field name="project_id" ref="project.project_project_2"/>
        </record>

        <record id="planning.planning_slot_123" model="planning.slot">
            <field name="project_id" ref="project.project_project_3"/>
        </record>

        <record id="planning.planning_slot_124" model="planning.slot">
            <field name="project_id" ref="project.project_project_2"/>
        </record>

        <record id="planning.planning_slot_129" model="planning.slot">
            <field name="project_id" ref="project.project_project_3"/>
        </record>

        <record id="planning.planning_slot_132" model="planning.slot">
            <field name="project_id" ref="project.project_project_1"/>
        </record>

        <record id="planning.planning_slot_134" model="planning.slot">
            <field name="project_id" ref="project.project_project_2"/>
        </record>

        <record id="planning.planning_slot_138" model="planning.slot">
            <field name="project_id" ref="project.project_project_3"/>
        </record>

        <record id="planning.planning_slot_141" model="planning.slot">
            <field name="project_id" ref="project.project_project_1"/>
        </record>

        <record id="planning.planning_slot_142" model="planning.slot">
            <field name="project_id" ref="project.project_project_2"/>
        </record>

        <record id="planning.planning_slot_144" model="planning.slot">
            <field name="project_id" ref="project.project_project_3"/>
        </record>

        <record id="planning.planning_slot_145" model="planning.slot">
            <field name="project_id" ref="project.project_project_2"/>
        </record>

        <record id="planning.planning_slot_148" model="planning.slot">
            <field name="project_id" ref="project.project_project_1"/>
        </record>

        <record id="planning.planning_slot_151" model="planning.slot">
            <field name="project_id" ref="project.project_project_3"/>
        </record>

        <record id="planning.planning_slot_153" model="planning.slot">
            <field name="project_id" ref="project.project_project_1"/>
        </record>

        <record id="planning.planning_slot_155" model="planning.slot">
            <field name="project_id" ref="project.project_project_1"/>
        </record>

        <record id="planning.planning_slot_156" model="planning.slot">
            <field name="project_id" ref="project.project_project_3"/>
        </record>

        <record id="planning.planning_slot_159" model="planning.slot">
            <field name="project_id" ref="project.project_project_3"/>
        </record>

        <record id="planning.planning_slot_211" model="planning.slot">
            <field name="project_id" ref="project.project_project_2"/>
        </record>

        <record id="planning.planning_slot_213" model="planning.slot">
            <field name="project_id" ref="project.project_project_2"/>
        </record>

        <record id="planning.planning_slot_214" model="planning.slot">
            <field name="project_id" ref="project.project_project_1"/>
        </record>

        <record id="planning.planning_slot_216" model="planning.slot">
            <field name="project_id" ref="project.project_project_3"/>
        </record>

        <record id="planning.planning_slot_218" model="planning.slot">
            <field name="project_id" ref="project.project_project_1"/>
        </record>

        <record id="planning.planning_slot_223" model="planning.slot">
            <field name="project_id" ref="project.project_project_2"/>
        </record>

        <record id="planning.planning_slot_224" model="planning.slot">
            <field name="project_id" ref="project.project_project_2"/>
        </record>

        <record id="planning.planning_slot_226" model="planning.slot">
            <field name="project_id" ref="project.project_project_3"/>
        </record>

        <record id="planning.planning_slot_228" model="planning.slot">
            <field name="project_id" ref="project.project_project_3"/>
        </record>

        <record id="planning.planning_slot_232" model="planning.slot">
            <field name="project_id" ref="project.project_project_2"/>
        </record>

        <record id="planning.planning_slot_233" model="planning.slot">
            <field name="project_id" ref="project.project_project_1"/>
        </record>

        <record id="planning.planning_slot_234" model="planning.slot">
            <field name="project_id" ref="project.project_project_1"/>
        </record>

        <record id="planning.planning_slot_236" model="planning.slot">
            <field name="project_id" ref="project.project_project_1"/>
        </record>

        <record id="planning.planning_slot_238" model="planning.slot">
            <field name="project_id" ref="project.project_project_2"/>
        </record>

        <record id="planning.planning_slot_243" model="planning.slot">
            <field name="project_id" ref="project.project_project_2"/>
        </record>

        <record id="planning.planning_slot_244" model="planning.slot">
            <field name="project_id" ref="project.project_project_3"/>
        </record>

        <record id="planning.planning_slot_246" model="planning.slot">
            <field name="project_id" ref="project.project_project_1"/>
        </record>

        <record id="planning.planning_slot_251" model="planning.slot">
            <field name="project_id" ref="project.project_project_2"/>
        </record>

        <record id="planning.planning_slot_252" model="planning.slot">
            <field name="project_id" ref="project.project_project_3"/>
        </record>

        <record id="planning.planning_slot_256" model="planning.slot">
            <field name="project_id" ref="project.project_project_1"/>
        </record>

        <record id="planning.planning_slot_258" model="planning.slot">
            <field name="project_id" ref="project.project_project_2"/>
        </record>

        <record id="planning.planning_slot_259" model="planning.slot">
            <field name="project_id" ref="project.project_project_3"/>
        </record>

        <record id="planning.planning_slot_260" model="planning.slot">
            <field name="project_id" ref="project.project_project_3"/>
        </record>

        <record id="planning.planning_slot_263" model="planning.slot">
            <field name="project_id" ref="project.project_project_1"/>
        </record>

        <record id="planning.planning_slot_265" model="planning.slot">
            <field name="project_id" ref="project.project_project_2"/>
        </record>

        <record id="planning.planning_slot_270" model="planning.slot">
            <field name="project_id" ref="project.project_project_1"/>
        </record>

        <record id="planning.planning_slot_272" model="planning.slot">
            <field name="project_id" ref="project.project_project_2"/>
        </record>

        <record id="planning.planning_slot_275" model="planning.slot">
            <field name="project_id" ref="project.project_project_1"/>
        </record>

        <record id="planning.planning_slot_276" model="planning.slot">
            <field name="project_id" ref="project.project_project_1"/>
        </record>

        <record id="planning.planning_slot_279" model="planning.slot">
            <field name="project_id" ref="project.project_project_3"/>
        </record>

        <record id="planning.planning_slot_283" model="planning.slot">
            <field name="project_id" ref="project.project_project_2"/>
        </record>

        <record id="planning.planning_slot_285" model="planning.slot">
            <field name="project_id" ref="project.project_project_1"/>
        </record>

    </data>

</odoo>
