id,name,model_id/id,group_id/id,perm_read,perm_write,perm_create,perm_unlink
access_l10n_mx_edi_vehicle,access_l10n_mx_edi_vehicle,model_l10n_mx_edi_vehicle,stock.group_stock_manager,1,1,1,1
access_l10n_mx_edi_trailer,access_l10n_mx_edi_trailer,model_l10n_mx_edi_trailer,stock.group_stock_manager,1,1,1,1
access_l10n_mx_edi_figure,access_l10n_mx_edi_figure,model_l10n_mx_edi_figure,stock.group_stock_manager,1,1,1,1
access_l10n_mx_edi_part,access_l10n_mx_edi_part,model_l10n_mx_edi_part,stock.group_stock_manager,1,1,1,1
