id,name,model_id:id,group_id:id,perm_read,perm_write,perm_create,perm_unlink
access_marketing_campaign,marketing.campaign,model_marketing_campaign,group_marketing_automation_user,1,1,1,1
access_marketing_activity,marketing.activity,model_marketing_activity,group_marketing_automation_user,1,1,1,1
access_marketing_participant,marketing.participant,model_marketing_participant,group_marketing_automation_user,1,1,1,1
access_marketing_trace,marketing.trace,model_marketing_trace,group_marketing_automation_user,1,1,1,1
access_marketing_campaign_test,access.marketing.campaign.test,model_marketing_campaign_test,marketing_automation.group_marketing_automation_user,1,1,1,0
