<?xml version='1.0' encoding='utf-8'?>
<odoo>
    <record id="module_marketing_automation_category" model="ir.module.category">
        <field name="name">Marketing Automation</field>
        <field name="sequence">20</field>
    </record>

    <record id="group_marketing_automation_user" model="res.groups">
        <field name="name">User</field>
        <field name="implied_ids" eval="[(4, ref('base.group_user')), (4, ref('mass_mailing.group_mass_mailing_user'))]"/>
        <field name="category_id" ref="base.module_category_marketing_marketing_automation"/>
        <field name="users" eval="[(4, ref('base.user_root')), (4, ref('base.user_admin'))]"/>
    </record>

    <record id="base.default_user" model="res.users">
        <field name="groups_id" eval="[(4, ref('marketing_automation.group_marketing_automation_user'))]"/>
    </record>

</odoo>
