<?xml version='1.0' encoding='utf-8'?>
<odoo>
    <data>
        <record id="digest_tip_planning_0" model="digest.tip">
            <field name="name">Tip: Record your planning faster</field>
            <field name="sequence">500</field>
            <field name="group_id" ref="planning.group_planning_manager" />
            <field name="tip_description" type="html">
<div>
    <b class="tip_title">Tip: Record your planning faster</b>
    <p class="tip_content">Drag a shift to another day to reschedule it, or to another row to reassign the shift. If the shift was published, the user will automatically be notified of the change. Press CTRL (or Cmd on Mac) while dragging a shift to duplicate it.</p>
    <img src="https://download.odoocdn.com/digests/planning/static/src/img/Schedule-by-Employee.gif" class="illustration_border" />
</div>
            </field>
        </record>
    </data>
</odoo>
