<?xml version="1.0" encoding="utf-8"?>
<odoo>
    <data noupdate="1">

        <!-- Project forecast will warn if the user assigned to a forecast doesn't have a timezone -->
        <record id="base.user_demo" model="res.users">
            <field name="tz">Europe/Brussels</field>
            <field name="groups_id" eval="[(4,ref('planning.group_planning_user'))]"/>
        </record>

        <!-- Roles -->
        <record id="planning_role_developer" model="planning.role">
            <field name="name">Developer</field>
            <field name="resource_ids" model="resource.resource" eval="[obj().env.ref('hr.employee_admin').resource_id.id, obj().env.ref('hr.employee_qdp').resource_id.id]"/>
            <field name="color">2</field>
        </record>
        <record id="planning_role_cm" model="planning.role">
            <field name="name">Community Manager</field>
            <field name="resource_ids" model="resource.resource" eval="[obj().env.ref('hr.employee_qdp').resource_id.id, obj().env.ref('hr.employee_ngh').resource_id.id]"/>
            <field name="color">3</field>
        </record>
        <record id="planning_role_management" model="planning.role">
            <field name="name">Management</field>
            <field name="resource_ids" model="resource.resource" eval="[obj().env.ref('hr.employee_admin').resource_id.id, obj().env.ref('hr.employee_vad').resource_id.id, obj().env.ref('hr.employee_ngh').resource_id.id]"/>
            <field name="color">4</field>
        </record>

        <!-- Default Planning Role -->
        <record id="hr.employee_admin" model="hr.employee">
            <field name="default_planning_role_id" ref="planning.planning_role_management"/>
        </record>
        <record id="hr.employee_vad" model="hr.employee">
            <field name="default_planning_role_id" ref="planning.planning_role_management"/>
        </record>
        <record id="hr.employee_qdp" model="hr.employee">
            <field name="default_planning_role_id" ref="planning.planning_role_developer"/>
        </record>
        <record id="hr.employee_ngh" model="hr.employee">
            <field name="default_planning_role_id" ref="planning.planning_role_cm"/>
        </record>

        <!-- Shift templates (morning shifts) -->
        <record id="planning_template_management_morning" model="planning.slot.template">
            <field name="role_id" ref="planning_role_management"/>
            <field name="start_time" eval="8"/>
            <field name="duration" eval="4"/>
            <field name="sequence">1</field>
        </record>
        <record id="planning_template_developer_morning" model="planning.slot.template">
            <field name="role_id" ref="planning_role_developer"/>
            <field name="start_time" eval="8"/>
            <field name="duration" eval="4"/>
            <field name="sequence">2</field>
        </record>
        <record id="planning_template_cm_morning" model="planning.slot.template">
            <field name="role_id" ref="planning_role_cm"/>
            <field name="start_time" eval="8"/>
            <field name="duration" eval="4"/>
            <field name="sequence">3</field>
        </record>

        <!-- Shift templates (evening shifts) -->
        <record id="planning_template_management_evening" model="planning.slot.template">
            <field name="role_id" ref="planning_role_management"/>
            <field name="start_time" eval="13"/>
            <field name="duration" eval="4"/>
            <field name="sequence">5</field>
        </record>
        <record id="planning_template_developer_evening" model="planning.slot.template">
            <field name="role_id" ref="planning_role_developer"/>
            <field name="start_time" eval="13"/>
            <field name="duration" eval="4"/>
            <field name="sequence">6</field>
        </record>
        <record id="planning_template_cm_evening" model="planning.slot.template">
            <field name="role_id" ref="planning_role_cm"/>
            <field name="start_time" eval="13"/>
            <field name="duration" eval="4"/>
            <field name="sequence">7</field>
        </record>

        <!-- Material Resources -->
        <record id="planning_resource_it_toolbox" model="resource.resource">
            <field name="name">Toolkit</field>
            <field name="resource_type">material</field>
            <field name="color">11</field>
        </record>
        <record id="planning_resource_continuity_tester" model="resource.resource">
            <field name="name">Continuity Tester</field>
            <field name="resource_type">material</field>
            <field name="color">10</field>
        </record>
        <record id="planning_resource_laptop" model="resource.resource">
            <field name="name">Laptop</field>
            <field name="resource_type">material</field>
            <field name="calendar_id" ref="resource.resource_calendar_std_35h"></field>
            <field name="color">8</field>
        </record>
        <record id="planning_resource_3" model="resource.resource">
            <field name="name">Intervention Van</field>
            <field name="resource_type">material</field>
            <field name="color">9</field>
        </record>

        <!--                                     Previous week                                    -->

        <!-- Monday morning shifts -->
        <record id="planning_slot_260" model="planning.slot">
            <field name="start_datetime" eval="(datetime.today() - timedelta(days=datetime.today().weekday() + 7)).strftime('%Y-%m-%d 06:00:00')"/>
            <field name="end_datetime" eval="(datetime.today() - timedelta(days=datetime.today().weekday() + 7)).strftime('%Y-%m-%d 10:00:00')"/>
            <field name="resource_id" model="resource.resource" eval="obj().env.ref('hr.employee_qdp').resource_id.id"/>
            <field name="role_id" ref="planning_role_developer"/>
            <field name="allocated_percentage" eval="25"/>
            <field name="publication_warning" eval="False"/>
            <field name="state">published</field>
        </record>
        <record id="planning_slot_261" model="planning.slot">
            <field name="start_datetime" eval="(datetime.today() - timedelta(days=datetime.today().weekday() + 7)).strftime('%Y-%m-%d 06:00:00')"/>
            <field name="end_datetime" eval="(datetime.today() - timedelta(days=datetime.today().weekday() + 7)).strftime('%Y-%m-%d 10:00:00')"/>
            <field name="resource_id" model="resource.resource" eval="obj().env.ref('hr.employee_lur').resource_id.id"/>
            <field name="role_id" ref="planning_role_management"/>
            <field name="publication_warning" eval="False"/>
            <field name="state">published</field>
        </record>
        <record id="planning_slot_262" model="planning.slot">
            <field name="start_datetime" eval="(datetime.today() - timedelta(days=datetime.today().weekday() + 7)).strftime('%Y-%m-%d 06:00:00')"/>
            <field name="end_datetime" eval="(datetime.today() - timedelta(days=datetime.today().weekday() + 7)).strftime('%Y-%m-%d 10:00:00')"/>
            <field name="resource_id" model="resource.resource" eval="obj().env.ref('hr.employee_jod').resource_id.id"/>
            <field name="role_id" ref="planning_role_cm"/>
            <field name="publication_warning" eval="False"/>
            <field name="state">published</field>
        </record>
        <record id="planning_slot_263" model="planning.slot">
            <field name="start_datetime" eval="(datetime.today() - timedelta(days=datetime.today().weekday() + 7)).strftime('%Y-%m-%d 06:00:00')"/>
            <field name="end_datetime" eval="(datetime.today() - timedelta(days=datetime.today().weekday() + 7)).strftime('%Y-%m-%d 10:00:00')"/>
            <field name="role_id" ref="planning_role_cm"/>
            <field name="publication_warning" eval="False"/>
            <field name="state">published</field>
        </record>

        <!-- Monday evening shifts -->
        <record id="planning_slot_264" model="planning.slot">
            <field name="start_datetime" eval="(datetime.today() - timedelta(days=datetime.today().weekday() + 7)).strftime('%Y-%m-%d 11:00:00')"/>
            <field name="end_datetime" eval="(datetime.today() - timedelta(days=datetime.today().weekday() + 7)).strftime('%Y-%m-%d 15:00:00')"/>
            <field name="resource_id" model="resource.resource" eval="obj().env.ref('hr.employee_jth').resource_id.id"/>
            <field name="role_id" ref="planning_role_management"/>
        </record>
        <record id="planning_slot_265" model="planning.slot">
            <field name="start_datetime" eval="(datetime.today() - timedelta(days=datetime.today().weekday() + 7)).strftime('%Y-%m-%d 11:00:00')"/>
            <field name="end_datetime" eval="(datetime.today() - timedelta(days=datetime.today().weekday() + 7)).strftime('%Y-%m-%d 15:00:00')"/>
            <field name="resource_id" model="resource.resource" eval="obj().env.ref('hr.employee_ngh').resource_id.id"/>
            <field name="role_id" ref="planning_role_cm"/>
        </record>
        <record id="planning_slot_266" model="planning.slot">
            <field name="start_datetime" eval="(datetime.today() - timedelta(days=datetime.today().weekday() + 7)).strftime('%Y-%m-%d 11:00:00')"/>
            <field name="end_datetime" eval="(datetime.today() - timedelta(days=datetime.today().weekday() + 7)).strftime('%Y-%m-%d 15:00:00')"/>
            <field name="resource_id" model="resource.resource" eval="obj().env.ref('hr.employee_niv').resource_id.id"/>
            <field name="role_id" ref="planning_role_developer"/>
            <field name="allocated_percentage" eval="25"/>
        </record>
        <record id="planning_slot_267" model="planning.slot">
            <field name="start_datetime" eval="(datetime.today() - timedelta(days=datetime.today().weekday() + 7)).strftime('%Y-%m-%d 11:00:00')"/>
            <field name="end_datetime" eval="(datetime.today() - timedelta(days=datetime.today().weekday() + 7)).strftime('%Y-%m-%d 15:00:00')"/>
            <field name="resource_id" ref="planning_resource_it_toolbox"/>
        </record>

        <!-- Tuesday morning shifts -->
        <record id="planning_slot_268" model="planning.slot">
            <field name="start_datetime" eval="(datetime.today() - timedelta(days=datetime.today().weekday() + 6)).strftime('%Y-%m-%d 06:00:00')"/>
            <field name="end_datetime" eval="(datetime.today() - timedelta(days=datetime.today().weekday() + 6)).strftime('%Y-%m-%d 10:00:00')"/>
            <field name="resource_id" model="resource.resource" eval="obj().env.ref('hr.employee_qdp').resource_id.id"/>
            <field name="role_id" ref="planning_role_developer"/>
        </record>
        <record id="planning_slot_269" model="planning.slot">
            <field name="start_datetime" eval="(datetime.today() - timedelta(days=datetime.today().weekday() + 6)).strftime('%Y-%m-%d 06:00:00')"/>
            <field name="end_datetime" eval="(datetime.today() - timedelta(days=datetime.today().weekday() + 6)).strftime('%Y-%m-%d 10:00:00')"/>
            <field name="resource_id" model="resource.resource" eval="obj().env.ref('hr.employee_lur').resource_id.id"/>
            <field name="role_id" ref="planning_role_management"/>
        </record>
        <record id="planning_slot_270" model="planning.slot">
            <field name="start_datetime" eval="(datetime.today() - timedelta(days=datetime.today().weekday() + 6)).strftime('%Y-%m-%d 06:00:00')"/>
            <field name="end_datetime" eval="(datetime.today() - timedelta(days=datetime.today().weekday() + 6)).strftime('%Y-%m-%d 10:00:00')"/>
            <field name="resource_id" model="resource.resource" eval="obj().env.ref('hr.employee_jep').resource_id.id"/>
            <field name="role_id" ref="planning_role_cm"/>
            <field name="allocated_percentage" eval="50"/>
        </record>

        <!-- Tuesday evening shifts -->
        <record id="planning_slot_271" model="planning.slot">
            <field name="start_datetime" eval="(datetime.today() - timedelta(days=datetime.today().weekday() + 6)).strftime('%Y-%m-%d 11:00:00')"/>
            <field name="end_datetime" eval="(datetime.today() - timedelta(days=datetime.today().weekday() + 6)).strftime('%Y-%m-%d 15:00:00')"/>
            <field name="resource_id" model="resource.resource" eval="obj().env.ref('hr.employee_jth').resource_id.id"/>
            <field name="role_id" ref="planning_role_management"/>
            <field name="publication_warning" eval="False"/>
            <field name="state">published</field>
        </record>
        <record id="planning_slot_272" model="planning.slot">
            <field name="start_datetime" eval="(datetime.today() - timedelta(days=datetime.today().weekday() + 6)).strftime('%Y-%m-%d 11:00:00')"/>
            <field name="end_datetime" eval="(datetime.today() - timedelta(days=datetime.today().weekday() + 6)).strftime('%Y-%m-%d 15:00:00')"/>
            <field name="resource_id" model="resource.resource" eval="obj().env.ref('hr.employee_ngh').resource_id.id"/>
            <field name="role_id" ref="planning_role_cm"/>
            <field name="allocated_percentage" eval="50"/>
            <field name="publication_warning" eval="False"/>
            <field name="state">published</field>
        </record>
        <record id="planning_slot_273" model="planning.slot">
            <field name="start_datetime" eval="(datetime.today() - timedelta(days=datetime.today().weekday() + 6)).strftime('%Y-%m-%d 11:00:00')"/>
            <field name="end_datetime" eval="(datetime.today() - timedelta(days=datetime.today().weekday() + 6)).strftime('%Y-%m-%d 15:00:00')"/>
            <field name="resource_id" ref="planning_resource_it_toolbox"/>
            <field name="publication_warning" eval="False"/>
            <field name="state">published</field>
        </record>

        <!-- Wednesday morning shifts -->
        <record id="planning_slot_274" model="planning.slot">
            <field name="start_datetime" eval="(datetime.today() - timedelta(days=datetime.today().weekday() + 5)).strftime('%Y-%m-%d 06:00:00')"/>
            <field name="end_datetime" eval="(datetime.today() - timedelta(days=datetime.today().weekday() + 5)).strftime('%Y-%m-%d 10:00:00')"/>
            <field name="resource_id" model="resource.resource" eval="obj().env.ref('hr.employee_qdp').resource_id.id"/>
            <field name="role_id" ref="planning_role_developer"/>
            <field name="publication_warning" eval="False"/>
            <field name="state">published</field>
        </record>
        <record id="planning_slot_275" model="planning.slot">
            <field name="start_datetime" eval="(datetime.today() - timedelta(days=datetime.today().weekday() + 5)).strftime('%Y-%m-%d 06:00:00')"/>
            <field name="end_datetime" eval="(datetime.today() - timedelta(days=datetime.today().weekday() + 5)).strftime('%Y-%m-%d 10:00:00')"/>
            <field name="resource_id" model="resource.resource" eval="obj().env.ref('hr.employee_lur').resource_id.id"/>
            <field name="role_id" ref="planning_role_management"/>
            <field name="publication_warning" eval="False"/>
            <field name="state">published</field>
        </record>
        <record id="planning_slot_276" model="planning.slot">
            <field name="start_datetime" eval="(datetime.today() - timedelta(days=datetime.today().weekday() + 5)).strftime('%Y-%m-%d 06:00:00')"/>
            <field name="end_datetime" eval="(datetime.today() - timedelta(days=datetime.today().weekday() + 5)).strftime('%Y-%m-%d 10:00:00')"/>
            <field name="resource_id" model="resource.resource" eval="obj().env.ref('hr.employee_jod').resource_id.id"/>
            <field name="role_id" ref="planning_role_cm"/>
            <field name="publication_warning" eval="False"/>
            <field name="state">published</field>
        </record>
        <record id="planning_slot_277" model="planning.slot">
            <field name="start_datetime" eval="(datetime.today() - timedelta(days=datetime.today().weekday() + 5)).strftime('%Y-%m-%d 06:00:00')"/>
            <field name="end_datetime" eval="(datetime.today() - timedelta(days=datetime.today().weekday() + 5)).strftime('%Y-%m-%d 10:00:00')"/>
            <field name="resource_id" ref="planning_resource_laptop"/>
            <field name="publication_warning" eval="False"/>
            <field name="state">published</field>
        </record>

        <!-- Wednesday evening shifts -->
        <record id="planning_slot_278" model="planning.slot">
            <field name="start_datetime" eval="(datetime.today() - timedelta(days=datetime.today().weekday() + 5)).strftime('%Y-%m-%d 11:00:00')"/>
            <field name="end_datetime" eval="(datetime.today() - timedelta(days=datetime.today().weekday() + 5)).strftime('%Y-%m-%d 15:00:00')"/>
            <field name="resource_id" model="resource.resource" eval="obj().env.ref('hr.employee_jth').resource_id.id"/>
            <field name="role_id" ref="planning_role_management"/>
        </record>
        <record id="planning_slot_279" model="planning.slot">
            <field name="start_datetime" eval="(datetime.today() - timedelta(days=datetime.today().weekday() + 5)).strftime('%Y-%m-%d 11:00:00')"/>
            <field name="end_datetime" eval="(datetime.today() - timedelta(days=datetime.today().weekday() + 5)).strftime('%Y-%m-%d 15:00:00')"/>
            <field name="resource_id" model="resource.resource" eval="obj().env.ref('hr.employee_ngh').resource_id.id"/>
            <field name="role_id" ref="planning_role_cm"/>
        </record>
        <record id="planning_slot_280" model="planning.slot">
            <field name="start_datetime" eval="(datetime.today() - timedelta(days=datetime.today().weekday() + 5)).strftime('%Y-%m-%d 11:00:00')"/>
            <field name="end_datetime" eval="(datetime.today() - timedelta(days=datetime.today().weekday() + 5)).strftime('%Y-%m-%d 15:00:00')"/>
            <field name="resource_id" ref="planning_resource_it_toolbox"/>
        </record>

        <!-- Thursday morning shifts -->
        <record id="planning_slot_281" model="planning.slot">
            <field name="start_datetime" eval="(datetime.today() - timedelta(days=datetime.today().weekday() + 4)).strftime('%Y-%m-%d 06:00:00')"/>
            <field name="end_datetime" eval="(datetime.today() - timedelta(days=datetime.today().weekday() + 4)).strftime('%Y-%m-%d 10:00:00')"/>
            <field name="resource_id" model="resource.resource" eval="obj().env.ref('hr.employee_qdp').resource_id.id"/>
            <field name="role_id" ref="planning_role_developer"/>
        </record>
        <record id="planning_slot_282" model="planning.slot">
            <field name="start_datetime" eval="(datetime.today() - timedelta(days=datetime.today().weekday() + 4)).strftime('%Y-%m-%d 06:00:00')"/>
            <field name="end_datetime" eval="(datetime.today() - timedelta(days=datetime.today().weekday() + 4)).strftime('%Y-%m-%d 10:00:00')"/>
            <field name="resource_id" model="resource.resource" eval="obj().env.ref('hr.employee_lur').resource_id.id"/>
            <field name="role_id" ref="planning_role_management"/>
            <field name="allocated_percentage" eval="75"/>
        </record>
        <record id="planning_slot_283" model="planning.slot">
            <field name="start_datetime" eval="(datetime.today() - timedelta(days=datetime.today().weekday() + 4)).strftime('%Y-%m-%d 06:00:00')"/>
            <field name="end_datetime" eval="(datetime.today() - timedelta(days=datetime.today().weekday() + 4)).strftime('%Y-%m-%d 10:00:00')"/>
            <field name="resource_id" ref="planning_resource_laptop"/>
            <field name="publication_warning" eval="False"/>
            <field name="state">published</field>
        </record>

        <!-- Thursday evening shifts -->
        <record id="planning_slot_284" model="planning.slot">
            <field name="start_datetime" eval="(datetime.today() - timedelta(days=datetime.today().weekday() + 4)).strftime('%Y-%m-%d 11:00:00')"/>
            <field name="end_datetime" eval="(datetime.today() - timedelta(days=datetime.today().weekday() + 4)).strftime('%Y-%m-%d 15:00:00')"/>
            <field name="resource_id" model="resource.resource" eval="obj().env.ref('hr.employee_jth').resource_id.id"/>
            <field name="role_id" ref="planning_role_management"/>
            <field name="allocated_percentage" eval="50"/>
            <field name="publication_warning" eval="False"/>
            <field name="state">published</field>
        </record>
        <record id="planning_slot_285" model="planning.slot">
            <field name="start_datetime" eval="(datetime.today() - timedelta(days=datetime.today().weekday() + 4)).strftime('%Y-%m-%d 11:00:00')"/>
            <field name="end_datetime" eval="(datetime.today() - timedelta(days=datetime.today().weekday() + 4)).strftime('%Y-%m-%d 15:00:00')"/>
            <field name="resource_id" ref="planning_resource_it_toolbox"/>
            <field name="publication_warning" eval="False"/>
            <field name="state">published</field>
        </record>

        <!-- Friday morning shifts -->
        <record id="planning_slot_286" model="planning.slot">
            <field name="start_datetime" eval="(datetime.today() - timedelta(days=datetime.today().weekday() + 3)).strftime('%Y-%m-%d 06:00:00')"/>
            <field name="end_datetime" eval="(datetime.today() - timedelta(days=datetime.today().weekday() + 3)).strftime('%Y-%m-%d 10:00:00')"/>
            <field name="role_id" ref="planning_role_developer"/>
            <field name="publication_warning" eval="False"/>
            <field name="state">published</field>
        </record>
        <record id="planning_slot_287" model="planning.slot">
            <field name="start_datetime" eval="(datetime.today() - timedelta(days=datetime.today().weekday() + 3)).strftime('%Y-%m-%d 06:00:00')"/>
            <field name="end_datetime" eval="(datetime.today() - timedelta(days=datetime.today().weekday() + 3)).strftime('%Y-%m-%d 10:00:00')"/>
            <field name="resource_id" model="resource.resource" eval="obj().env.ref('hr.employee_lur').resource_id.id"/>
            <field name="role_id" ref="planning_role_management"/>
            <field name="publication_warning" eval="False"/>
            <field name="state">published</field>
        </record>
        <record id="planning_slot_288" model="planning.slot">
            <field name="start_datetime" eval="(datetime.today() - timedelta(days=datetime.today().weekday() + 3)).strftime('%Y-%m-%d 06:00:00')"/>
            <field name="end_datetime" eval="(datetime.today() - timedelta(days=datetime.today().weekday() + 3)).strftime('%Y-%m-%d 10:00:00')"/>
            <field name="resource_id" model="resource.resource" eval="obj().env.ref('hr.employee_jod').resource_id.id"/>
            <field name="role_id" ref="planning_role_cm"/>
            <field name="publication_warning" eval="False"/>
            <field name="state">published</field>
        </record>

        <!-- Friday evening shifts -->
       <record id="planning_slot_289" model="planning.slot">
            <field name="start_datetime" eval="(datetime.today() - timedelta(days=datetime.today().weekday() + 3)).strftime('%Y-%m-%d 11:00:00')"/>
            <field name="end_datetime" eval="(datetime.today() - timedelta(days=datetime.today().weekday() + 3)).strftime('%Y-%m-%d 15:00:00')"/>
            <field name="resource_id" model="resource.resource" eval="obj().env.ref('hr.employee_admin').resource_id.id"/>
            <field name="role_id" ref="planning_role_management"/>
        </record>
        <record id="planning_slot_291" model="planning.slot">
            <field name="start_datetime" eval="(datetime.today() - timedelta(days=datetime.today().weekday() + 3)).strftime('%Y-%m-%d 11:00:00')"/>
            <field name="end_datetime" eval="(datetime.today() - timedelta(days=datetime.today().weekday() + 3)).strftime('%Y-%m-%d 15:00:00')"/>
            <field name="resource_id" model="resource.resource" eval="obj().env.ref('hr.employee_niv').resource_id.id"/>
            <field name="role_id" ref="planning_role_developer"/>
        </record>
        <record id="planning_slot_292" model="planning.slot">
            <field name="start_datetime" eval="(datetime.today() - timedelta(days=datetime.today().weekday() + 3)).strftime('%Y-%m-%d 11:00:00')"/>
            <field name="end_datetime" eval="(datetime.today() - timedelta(days=datetime.today().weekday() + 3)).strftime('%Y-%m-%d 15:00:00')"/>
            <field name="resource_id" ref="planning_resource_it_toolbox"/>
        </record>

        <!--                                        Week 1                                        -->

        <!-- Monday morning shifts -->
        <record id="planning_slot_111" model="planning.slot">
            <field name="start_datetime" eval="(datetime.today() - timedelta(days=datetime.today().weekday())).strftime('%Y-%m-%d 06:00:00')"/>
            <field name="end_datetime" eval="(datetime.today() - timedelta(days=datetime.today().weekday())).strftime('%Y-%m-%d 10:00:00')"/>
            <field name="resource_id" model="resource.resource" eval="obj().env.ref('hr.employee_qdp').resource_id.id"/>
            <field name="role_id" ref="planning_role_developer"/>
            <field name="publication_warning" eval="False"/>
            <field name="allocated_percentage" eval="25"/>
            <field name="state">published</field>
        </record>
        <record id="planning_slot_112" model="planning.slot">
            <field name="start_datetime" eval="(datetime.today() - timedelta(days=datetime.today().weekday())).strftime('%Y-%m-%d 06:00:00')"/>
            <field name="end_datetime" eval="(datetime.today() - timedelta(days=datetime.today().weekday())).strftime('%Y-%m-%d 10:00:00')"/>
            <field name="resource_id" model="resource.resource" eval="obj().env.ref('hr.employee_lur').resource_id.id"/>
            <field name="role_id" ref="planning_role_management"/>
            <field name="publication_warning" eval="False"/>
            <field name="state">published</field>
        </record>
        <record id="planning_slot_113" model="planning.slot">
            <field name="start_datetime" eval="(datetime.today() - timedelta(days=datetime.today().weekday())).strftime('%Y-%m-%d 06:00:00')"/>
            <field name="end_datetime" eval="(datetime.today() - timedelta(days=datetime.today().weekday())).strftime('%Y-%m-%d 10:00:00')"/>
            <field name="resource_id" model="resource.resource" eval="obj().env.ref('hr.employee_jod').resource_id.id"/>
            <field name="role_id" ref="planning_role_cm"/>
            <field name="publication_warning" eval="False"/>
            <field name="state">published</field>
        </record>
        <record id="planning_slot_120" model="planning.slot">
            <field name="start_datetime" eval="(datetime.today() - timedelta(days=datetime.today().weekday())).strftime('%Y-%m-%d 06:00:00')"/>
            <field name="end_datetime" eval="(datetime.today() - timedelta(days=datetime.today().weekday())).strftime('%Y-%m-%d 10:00:00')"/>
            <field name="role_id" ref="planning_role_cm"/>
            <field name="publication_warning" eval="False"/>
            <field name="state">published</field>
        </record>

        <!-- Monday evening shifts -->
        <record id="planning_slot_114" model="planning.slot">
            <field name="start_datetime" eval="(datetime.today() - timedelta(days=datetime.today().weekday())).strftime('%Y-%m-%d 11:00:00')"/>
            <field name="end_datetime" eval="(datetime.today() - timedelta(days=datetime.today().weekday())).strftime('%Y-%m-%d  15:00:00')"/>
            <field name="resource_id" model="resource.resource" eval="obj().env.ref('hr.employee_jth').resource_id.id"/>
            <field name="role_id" ref="planning_role_management"/>
            <field name="publication_warning" eval="False"/>
            <field name="state">published</field>
        </record>
        <record id="planning_slot_115" model="planning.slot">
            <field name="start_datetime" eval="(datetime.today() - timedelta(days=datetime.today().weekday())).strftime('%Y-%m-%d 11:00:00')"/>
            <field name="end_datetime" eval="(datetime.today() - timedelta(days=datetime.today().weekday())).strftime('%Y-%m-%d  15:00:00')"/>
            <field name="resource_id" model="resource.resource" eval="obj().env.ref('hr.employee_ngh').resource_id.id"/>
            <field name="role_id" ref="planning_role_cm"/>
            <field name="publication_warning" eval="False"/>
            <field name="state">published</field>
        </record>
        <record id="planning_slot_116" model="planning.slot">
            <field name="start_datetime" eval="(datetime.today() - timedelta(days=datetime.today().weekday())).strftime('%Y-%m-%d 11:00:00')"/>
            <field name="end_datetime" eval="(datetime.today() - timedelta(days=datetime.today().weekday())).strftime('%Y-%m-%d  15:00:00')"/>
            <field name="resource_id" model="resource.resource" eval="obj().env.ref('hr.employee_niv').resource_id.id"/>
            <field name="role_id" ref="planning_role_developer"/>
            <field name="publication_warning" eval="False"/>
            <field name="allocated_percentage" eval="75"/>
            <field name="state">published</field>
        </record>
        <record id="planning_slot_118" model="planning.slot">
            <field name="start_datetime" eval="(datetime.today() - timedelta(days=datetime.today().weekday())).strftime('%Y-%m-%d 11:00:00')"/>
            <field name="end_datetime" eval="(datetime.today() - timedelta(days=datetime.today().weekday())).strftime('%Y-%m-%d 15:00:00')"/>
            <field name="resource_id" ref="planning_resource_it_toolbox"/>
            <field name="publication_warning" eval="False"/>
            <field name="state">published</field>
        </record>
        <record id="planning_slot_119" model="planning.slot">
            <field name="start_datetime" eval="(datetime.today() - timedelta(days=datetime.today().weekday())).strftime('%Y-%m-%d 11:00:00')"/>
            <field name="end_datetime" eval="(datetime.today() - timedelta(days=datetime.today().weekday())).strftime('%Y-%m-%d 15:00:00')"/>
            <field name="role_id" ref="planning_role_cm"/>
            <field name="publication_warning" eval="False"/>
            <field name="allocated_percentage" eval="50"/>
            <field name="state">published</field>
        </record>

        <!-- Tuesday morning shifts -->
        <record id="planning_slot_121" model="planning.slot">
            <field name="start_datetime" eval="(datetime.today() - timedelta(days=datetime.today().weekday() - 1)).strftime('%Y-%m-%d 06:00:00')"/>
            <field name="end_datetime" eval="(datetime.today() - timedelta(days=datetime.today().weekday() - 1)).strftime('%Y-%m-%d 10:00:00')"/>
            <field name="resource_id" model="resource.resource" eval="obj().env.ref('hr.employee_qdp').resource_id.id"/>
            <field name="role_id" ref="planning_role_developer"/>
            <field name="publication_warning" eval="False"/>
            <field name="state">published</field>
        </record>
        <record id="planning_slot_122" model="planning.slot">
            <field name="start_datetime" eval="(datetime.today() - timedelta(days=datetime.today().weekday() - 1)).strftime('%Y-%m-%d 06:00:00')"/>
            <field name="end_datetime" eval="(datetime.today() - timedelta(days=datetime.today().weekday() - 1)).strftime('%Y-%m-%d 10:00:00')"/>
            <field name="role_id" ref="planning_role_management"/>
            <field name="name" eval="'Check with Katy from the employment agency if they have someone to replace Randall this day'"/>
            <field name="publication_warning" eval="False"/>
            <field name="allocated_percentage" eval="50"/>
            <field name="state">published</field>
        </record>
        <record id="planning_slot_123" model="planning.slot">
            <field name="start_datetime" eval="(datetime.today() - timedelta(days=datetime.today().weekday() - 1)).strftime('%Y-%m-%d 06:00:00')"/>
            <field name="end_datetime" eval="(datetime.today() - timedelta(days=datetime.today().weekday() - 1)).strftime('%Y-%m-%d 10:00:00')"/>
            <field name="resource_id" model="resource.resource" eval="obj().env.ref('hr.employee_jep').resource_id.id"/>
            <field name="role_id" ref="planning_role_cm"/>
            <field name="publication_warning" eval="False"/>
            <field name="state">published</field>
        </record>

        <!-- Tuesday evening shifts -->
        <record id="planning_slot_124" model="planning.slot">
            <field name="start_datetime" eval="(datetime.today() - timedelta(days=datetime.today().weekday() - 1)).strftime('%Y-%m-%d 11:00:00')"/>
            <field name="end_datetime" eval="(datetime.today() - timedelta(days=datetime.today().weekday() - 1)).strftime('%Y-%m-%d  15:00:00')"/>
            <field name="resource_id" model="resource.resource" eval="obj().env.ref('hr.employee_jth').resource_id.id"/>
            <field name="role_id" ref="planning_role_management"/>
            <field name="publication_warning" eval="False"/>
            <field name="state">published</field>
        </record>
        <record id="planning_slot_125" model="planning.slot">
            <field name="start_datetime" eval="(datetime.today() - timedelta(days=datetime.today().weekday() - 1)).strftime('%Y-%m-%d 11:00:00')"/>
            <field name="end_datetime" eval="(datetime.today() - timedelta(days=datetime.today().weekday() - 1)).strftime('%Y-%m-%d  15:00:00')"/>
            <field name="resource_id" model="resource.resource" eval="obj().env.ref('hr.employee_ngh').resource_id.id"/>
            <field name="role_id" ref="planning_role_cm"/>
            <field name="publication_warning" eval="False"/>
            <field name="allocated_percentage" eval="50"/>
            <field name="state">published</field>
        </record>
        <record id="planning_slot_126" model="planning.slot">
            <field name="start_datetime" eval="(datetime.today() - timedelta(days=datetime.today().weekday() - 1)).strftime('%Y-%m-%d 11:00:00')"/>
            <field name="end_datetime" eval="(datetime.today() - timedelta(days=datetime.today().weekday() - 1)).strftime('%Y-%m-%d  15:00:00')"/>
            <field name="resource_id" model="resource.resource" eval="obj().env.ref('hr.employee_niv').resource_id.id"/>
            <field name="role_id" ref="planning_role_developer"/>
            <field name="publication_warning" eval="False"/>
        </record>
        <record id="planning_slot_127" model="planning.slot">
            <field name="start_datetime" eval="(datetime.today() - timedelta(days=datetime.today().weekday() - 1)).strftime('%Y-%m-%d 11:00:00')"/>
            <field name="end_datetime" eval="(datetime.today() - timedelta(days=datetime.today().weekday() - 1)).strftime('%Y-%m-%d  15:00:00')"/>
            <field name="resource_id" model="resource.resource" eval="obj().env.ref('hr.employee_niv').resource_id.id"/>
            <field name="role_id" ref="planning_role_cm"/>
            <field name="publication_warning" eval="False"/>
        </record>
        <record id="planning_slot_129" model="planning.slot">
            <field name="start_datetime" eval="(datetime.today() - timedelta(days=datetime.today().weekday() - 1)).strftime('%Y-%m-%d 11:00:00')"/>
            <field name="end_datetime" eval="(datetime.today() - timedelta(days=datetime.today().weekday() - 1)).strftime('%Y-%m-%d 15:00:00')"/>
            <field name="resource_id" ref="planning_resource_it_toolbox"/>
            <field name="publication_warning" eval="False"/>
            <field name="state">published</field>
        </record>

        <!-- Wednesday morning shifts -->
        <record id="planning_slot_131" model="planning.slot">
            <field name="start_datetime" eval="(datetime.today() - timedelta(days=datetime.today().weekday() - 2)).strftime('%Y-%m-%d 06:00:00')"/>
            <field name="end_datetime" eval="(datetime.today() - timedelta(days=datetime.today().weekday() - 2)).strftime('%Y-%m-%d 10:00:00')"/>
            <field name="resource_id" model="resource.resource" eval="obj().env.ref('hr.employee_qdp').resource_id.id"/>
            <field name="role_id" ref="planning_role_developer"/>
            <field name="publication_warning" eval="False"/>
            <field name="state">published</field>
        </record>
        <record id="planning_slot_132" model="planning.slot">
            <field name="start_datetime" eval="(datetime.today() - timedelta(days=datetime.today().weekday() - 2)).strftime('%Y-%m-%d 06:00:00')"/>
            <field name="end_datetime" eval="(datetime.today() - timedelta(days=datetime.today().weekday() - 2)).strftime('%Y-%m-%d 10:00:00')"/>
            <field name="resource_id" model="resource.resource" eval="obj().env.ref('hr.employee_lur').resource_id.id"/>
            <field name="role_id" ref="planning_role_management"/>
            <field name="publication_warning" eval="False"/>
            <field name="state">published</field>
        </record>
        <record id="planning_slot_133" model="planning.slot">
            <field name="start_datetime" eval="(datetime.today() - timedelta(days=datetime.today().weekday() - 2)).strftime('%Y-%m-%d 06:00:00')"/>
            <field name="end_datetime" eval="(datetime.today() - timedelta(days=datetime.today().weekday() - 2)).strftime('%Y-%m-%d 10:00:00')"/>
            <field name="resource_id" model="resource.resource" eval="obj().env.ref('hr.employee_jod').resource_id.id"/>
            <field name="role_id" ref="planning_role_cm"/>
            <field name="publication_warning" eval="False"/>
            <field name="state">published</field>
        </record>
        <record id="planning_slot_139" model="planning.slot">
            <field name="start_datetime" eval="(datetime.today() - timedelta(days=datetime.today().weekday() - 2)).strftime('%Y-%m-%d 06:00:00')"/>
            <field name="end_datetime" eval="(datetime.today() - timedelta(days=datetime.today().weekday() - 2)).strftime('%Y-%m-%d  10:00:00')"/>
            <field name="resource_id" ref="planning_resource_laptop"/>
            <field name="publication_warning" eval="False"/>
            <field name="state">published</field>
        </record>

        <!-- Wednesday evening shifts -->
        <record id="planning_slot_134" model="planning.slot">
            <field name="start_datetime" eval="(datetime.today() - timedelta(days=datetime.today().weekday() - 2)).strftime('%Y-%m-%d 11:00:00')"/>
            <field name="end_datetime" eval="(datetime.today() - timedelta(days=datetime.today().weekday() - 2)).strftime('%Y-%m-%d  15:00:00')"/>
            <field name="resource_id" model="resource.resource" eval="obj().env.ref('hr.employee_jth').resource_id.id"/>
            <field name="role_id" ref="planning_role_management"/>
            <field name="publication_warning" eval="False"/>
            <field name="state">published</field>
        </record>
        <record id="planning_slot_135" model="planning.slot">
            <field name="start_datetime" eval="(datetime.today() - timedelta(days=datetime.today().weekday() - 2)).strftime('%Y-%m-%d 11:00:00')"/>
            <field name="end_datetime" eval="(datetime.today() - timedelta(days=datetime.today().weekday() - 2)).strftime('%Y-%m-%d  15:00:00')"/>
            <field name="resource_id" model="resource.resource" eval="obj().env.ref('hr.employee_admin').resource_id.id"/>
            <field name="role_id" ref="planning_role_cm"/>
            <field name="name" eval="'Mitchel is replacing Jeffrey until the end of the week'"/>
            <field name="publication_warning" eval="False"/>
            <field name="state">published</field>
        </record>
        <record id="planning_slot_136" model="planning.slot">
            <field name="start_datetime" eval="(datetime.today() - timedelta(days=datetime.today().weekday() - 2)).strftime('%Y-%m-%d 11:00:00')"/>
            <field name="end_datetime" eval="(datetime.today() - timedelta(days=datetime.today().weekday() - 2)).strftime('%Y-%m-%d  15:00:00')"/>
            <field name="resource_id" model="resource.resource" eval="obj().env.ref('hr.employee_niv').resource_id.id"/>
            <field name="role_id" ref="planning_role_developer"/>
            <field name="publication_warning" eval="False"/>
            <field name="state">published</field>
        </record>
        <record id="planning_slot_138" model="planning.slot">
            <field name="start_datetime" eval="(datetime.today() - timedelta(days=datetime.today().weekday() - 2)).strftime('%Y-%m-%d 11:00:00')"/>
            <field name="end_datetime" eval="(datetime.today() - timedelta(days=datetime.today().weekday() - 2)).strftime('%Y-%m-%d 15:00:00')"/>
            <field name="resource_id" ref="planning_resource_it_toolbox"/>
            <field name="publication_warning" eval="False"/>
            <field name="state">published</field>
        </record>

        <!-- Thursday morning shifts -->
        <record id="planning_slot_141" model="planning.slot">
            <field name="start_datetime" eval="(datetime.today() - timedelta(days=datetime.today().weekday() - 3)).strftime('%Y-%m-%d 06:00:00')"/>
            <field name="end_datetime" eval="(datetime.today() - timedelta(days=datetime.today().weekday() - 3)).strftime('%Y-%m-%d 10:00:00')"/>
            <field name="resource_id" model="resource.resource" eval="obj().env.ref('hr.employee_qdp').resource_id.id"/>
            <field name="role_id" ref="planning_role_developer"/>
            <field name="publication_warning" eval="False"/>
            <field name="state">published</field>
        </record>
        <record id="planning_slot_142" model="planning.slot">
            <field name="start_datetime" eval="(datetime.today() - timedelta(days=datetime.today().weekday() - 3)).strftime('%Y-%m-%d 06:00:00')"/>
            <field name="end_datetime" eval="(datetime.today() - timedelta(days=datetime.today().weekday() - 3)).strftime('%Y-%m-%d 10:00:00')"/>
            <field name="resource_id" model="resource.resource" eval="obj().env.ref('hr.employee_lur').resource_id.id"/>
            <field name="role_id" ref="planning_role_management"/>
            <field name="publication_warning" eval="False"/>
            <field name="state">published</field>
        </record>
        <record id="planning_slot_143" model="planning.slot">
            <field name="start_datetime" eval="(datetime.today() - timedelta(days=datetime.today().weekday() - 3)).strftime('%Y-%m-%d 06:00:00')"/>
            <field name="end_datetime" eval="(datetime.today() - timedelta(days=datetime.today().weekday() - 3)).strftime('%Y-%m-%d 10:00:00')"/>
            <field name="resource_id" model="resource.resource" eval="obj().env.ref('hr.employee_jod').resource_id.id"/>
            <field name="role_id" ref="planning_role_cm"/>
            <field name="publication_warning" eval="False"/>
            <field name="state">published</field>
        </record>

        <!-- Thursday evening shifts -->
        <record id="planning_slot_144" model="planning.slot">
            <field name="start_datetime" eval="(datetime.today() - timedelta(days=datetime.today().weekday() - 3)).strftime('%Y-%m-%d 11:00:00')"/>
            <field name="end_datetime" eval="(datetime.today() - timedelta(days=datetime.today().weekday() - 3)).strftime('%Y-%m-%d  15:00:00')"/>
            <field name="resource_id" model="resource.resource" eval="obj().env.ref('hr.employee_jth').resource_id.id"/>
            <field name="role_id" ref="planning_role_management"/>
            <field name="publication_warning" eval="False"/>
            <field name="allocated_percentage" eval="50"/>
            <field name="state">published</field>
        </record>
        <record id="planning_slot_145" model="planning.slot">
            <field name="start_datetime" eval="(datetime.today() - timedelta(days=datetime.today().weekday() - 3)).strftime('%Y-%m-%d 11:00:00')"/>
            <field name="end_datetime" eval="(datetime.today() - timedelta(days=datetime.today().weekday() - 3)).strftime('%Y-%m-%d  15:00:00')"/>
            <field name="resource_id" model="resource.resource" eval="obj().env.ref('hr.employee_admin').resource_id.id"/>
            <field name="role_id" ref="planning_role_cm"/>
            <field name="publication_warning" eval="False"/>
            <field name="state">published</field>
        </record>
        <record id="planning_slot_146" model="planning.slot">
            <field name="start_datetime" eval="(datetime.today() - timedelta(days=datetime.today().weekday() - 3)).strftime('%Y-%m-%d 11:00:00')"/>
            <field name="end_datetime" eval="(datetime.today() - timedelta(days=datetime.today().weekday() - 3)).strftime('%Y-%m-%d  15:00:00')"/>
            <field name="resource_id" model="resource.resource" eval="obj().env.ref('hr.employee_niv').resource_id.id"/>
            <field name="role_id" ref="planning_role_developer"/>
            <field name="publication_warning" eval="False"/>
            <field name="state">published</field>
        </record>
        <record id="planning_slot_148" model="planning.slot">
            <field name="start_datetime" eval="(datetime.today() - timedelta(days=datetime.today().weekday() - 3)).strftime('%Y-%m-%d 11:00:00')"/>
            <field name="end_datetime" eval="(datetime.today() - timedelta(days=datetime.today().weekday() - 3)).strftime('%Y-%m-%d  15:00:00')"/>
            <field name="resource_id" ref="planning_resource_it_toolbox"/>
            <field name="publication_warning" eval="False"/>
            <field name="state">published</field>
        </record>

        <!-- Friday morning shifts -->
        <record id="planning_slot_151" model="planning.slot">
            <field name="start_datetime" eval="(datetime.today() - timedelta(days=datetime.today().weekday() - 4)).strftime('%Y-%m-%d 06:00:00')"/>
            <field name="end_datetime" eval="(datetime.today() - timedelta(days=datetime.today().weekday() - 4)).strftime('%Y-%m-%d 10:00:00')"/>
            <field name="role_id" ref="planning_role_developer"/>
            <field name="publication_warning" eval="False"/>
            <field name="state">published</field>
        </record>
        <record id="planning_slot_152" model="planning.slot">
            <field name="start_datetime" eval="(datetime.today() - timedelta(days=datetime.today().weekday() - 4)).strftime('%Y-%m-%d 06:00:00')"/>
            <field name="end_datetime" eval="(datetime.today() - timedelta(days=datetime.today().weekday() - 4)).strftime('%Y-%m-%d 10:00:00')"/>
            <field name="resource_id" model="resource.resource" eval="obj().env.ref('hr.employee_lur').resource_id.id"/>
            <field name="role_id" ref="planning_role_management"/>
            <field name="publication_warning" eval="False"/>
            <field name="state">published</field>
        </record>
        <record id="planning_slot_153" model="planning.slot">
            <field name="start_datetime" eval="(datetime.today() - timedelta(days=datetime.today().weekday() - 4)).strftime('%Y-%m-%d 06:00:00')"/>
            <field name="end_datetime" eval="(datetime.today() - timedelta(days=datetime.today().weekday() - 4)).strftime('%Y-%m-%d 10:00:00')"/>
            <field name="resource_id" model="resource.resource" eval="obj().env.ref('hr.employee_jod').resource_id.id"/>
            <field name="role_id" ref="planning_role_cm"/>
            <field name="publication_warning" eval="False"/>
            <field name="state">published</field>
        </record>

        <!-- Friday evening shifts -->
        <record id="planning_slot_154" model="planning.slot">
            <field name="start_datetime" eval="(datetime.today() - timedelta(days=datetime.today().weekday() - 4)).strftime('%Y-%m-%d 11:00:00')"/>
            <field name="end_datetime" eval="(datetime.today() - timedelta(days=datetime.today().weekday() - 4)).strftime('%Y-%m-%d  15:00:00')"/>
            <field name="resource_id" model="resource.resource" eval="obj().env.ref('hr.employee_jth').resource_id.id"/>
            <field name="role_id" ref="planning_role_management"/>
            <field name="publication_warning" eval="False"/>
            <field name="allocated_percentage" eval="50"/>
            <field name="state">published</field>
        </record>
        <record id="planning_slot_155" model="planning.slot">
            <field name="start_datetime" eval="(datetime.today() - timedelta(days=datetime.today().weekday() - 4)).strftime('%Y-%m-%d 11:00:00')"/>
            <field name="end_datetime" eval="(datetime.today() - timedelta(days=datetime.today().weekday() - 4)).strftime('%Y-%m-%d  15:00:00')"/>
            <field name="resource_id" model="resource.resource" eval="obj().env.ref('hr.employee_admin').resource_id.id"/>
            <field name="role_id" ref="planning_role_cm"/>
            <field name="publication_warning" eval="False"/>
            <field name="allocated_percentage" eval="50"/>
            <field name="state">published</field>
        </record>
        <record id="planning_slot_156" model="planning.slot">
            <field name="start_datetime" eval="(datetime.today() - timedelta(days=datetime.today().weekday() - 4)).strftime('%Y-%m-%d 11:00:00')"/>
            <field name="end_datetime" eval="(datetime.today() - timedelta(days=datetime.today().weekday() - 4)).strftime('%Y-%m-%d  15:00:00')"/>
            <field name="resource_id" model="resource.resource" eval="obj().env.ref('hr.employee_niv').resource_id.id"/>
            <field name="role_id" ref="planning_role_developer"/>
            <field name="publication_warning" eval="False"/>
            <field name="state">published</field>
        </record>
        <record id="planning_slot_158" model="planning.slot">
            <field name="start_datetime" eval="(datetime.today() - timedelta(days=datetime.today().weekday() - 4)).strftime('%Y-%m-%d 11:00:00')"/>
            <field name="end_datetime" eval="(datetime.today() - timedelta(days=datetime.today().weekday() - 4)).strftime('%Y-%m-%d  15:00:00')"/>
            <field name="resource_id" ref="planning_resource_it_toolbox"/>
            <field name="publication_warning" eval="False"/>
            <field name="state">published</field>
        </record>
        <record id="planning_slot_159" model="planning.slot">
            <field name="start_datetime" eval="(datetime.today() - timedelta(days=datetime.today().weekday() - 4)).strftime('%Y-%m-%d 11:00:00')"/>
            <field name="end_datetime" eval="(datetime.today() - timedelta(days=datetime.today().weekday() - 4)).strftime('%Y-%m-%d  15:00:00')"/>
            <field name="resource_id" ref="planning_resource_continuity_tester"/>
            <field name="publication_warning" eval="False"/>
            <field name="state">published</field>
        </record>
        <record id="planning_slot_159" model="planning.slot">
            <field name="start_datetime" eval="(datetime.today() - timedelta(days=datetime.today().weekday() - 4)).strftime('%Y-%m-%d 11:00:00')"/>
            <field name="end_datetime" eval="(datetime.today() - timedelta(days=datetime.today().weekday() - 4)).strftime('%Y-%m-%d  15:00:00')"/>
            <field name="resource_id" ref="planning_resource_laptop"/>
            <field name="publication_warning" eval="False"/>
            <field name="state">published</field>
        </record>

        <!--                                        Week 2                                        -->

        <!-- Monday morning shifts -->
        <record id="planning_slot_211" model="planning.slot">
            <field name="start_datetime" eval="(datetime.today() - timedelta(days=datetime.today().weekday() - 7)).strftime('%Y-%m-%d 06:00:00')"/>
            <field name="end_datetime" eval="(datetime.today() - timedelta(days=datetime.today().weekday() - 7)).strftime('%Y-%m-%d 10:00:00')"/>
            <field name="resource_id" model="resource.resource" eval="obj().env.ref('hr.employee_qdp').resource_id.id"/>
            <field name="role_id" ref="planning_role_developer"/>
            <field name="publication_warning" eval="False"/>
        </record>
        <record id="planning_slot_212" model="planning.slot">
            <field name="start_datetime" eval="(datetime.today() - timedelta(days=datetime.today().weekday() - 7)).strftime('%Y-%m-%d 06:00:00')"/>
            <field name="end_datetime" eval="(datetime.today() - timedelta(days=datetime.today().weekday() - 7)).strftime('%Y-%m-%d 10:00:00')"/>
            <field name="resource_id" model="resource.resource" eval="obj().env.ref('hr.employee_lur').resource_id.id"/>
            <field name="role_id" ref="planning_role_management"/>
            <field name="publication_warning" eval="False"/>
            <field name="allocated_percentage" eval="50"/>
        </record>
        <record id="planning_slot_213" model="planning.slot">
            <field name="start_datetime" eval="(datetime.today() - timedelta(days=datetime.today().weekday() - 7)).strftime('%Y-%m-%d 06:00:00')"/>
            <field name="end_datetime" eval="(datetime.today() - timedelta(days=datetime.today().weekday() - 7)).strftime('%Y-%m-%d 10:00:00')"/>
            <field name="resource_id" model="resource.resource" eval="obj().env.ref('hr.employee_jod').resource_id.id"/>
            <field name="role_id" ref="planning_role_cm"/>
            <field name="publication_warning" eval="False"/>
        </record>

        <!-- Monday evening shifts -->
        <record id="planning_slot_214" model="planning.slot">
            <field name="start_datetime" eval="(datetime.today() - timedelta(days=datetime.today().weekday() - 7)).strftime('%Y-%m-%d 11:00:00')"/>
            <field name="end_datetime" eval="(datetime.today() - timedelta(days=datetime.today().weekday() - 7)).strftime('%Y-%m-%d  15:00:00')"/>
            <field name="resource_id" model="resource.resource" eval="obj().env.ref('hr.employee_jth').resource_id.id"/>
            <field name="role_id" ref="planning_role_management"/>
            <field name="publication_warning" eval="False"/>
        </record>
        <record id="planning_slot_215" model="planning.slot">
            <field name="start_datetime" eval="(datetime.today() - timedelta(days=datetime.today().weekday() - 7)).strftime('%Y-%m-%d 11:00:00')"/>
            <field name="end_datetime" eval="(datetime.today() - timedelta(days=datetime.today().weekday() - 7)).strftime('%Y-%m-%d  15:00:00')"/>
            <field name="resource_id" model="resource.resource" eval="obj().env.ref('hr.employee_ngh').resource_id.id"/>
            <field name="role_id" ref="planning_role_cm"/>
            <field name="publication_warning" eval="False"/>
        </record>
        <record id="planning_slot_216" model="planning.slot">
            <field name="start_datetime" eval="(datetime.today() - timedelta(days=datetime.today().weekday() - 7)).strftime('%Y-%m-%d 11:00:00')"/>
            <field name="end_datetime" eval="(datetime.today() - timedelta(days=datetime.today().weekday() - 7)).strftime('%Y-%m-%d  15:00:00')"/>
            <field name="resource_id" model="resource.resource" eval="obj().env.ref('hr.employee_niv').resource_id.id"/>
            <field name="role_id" ref="planning_role_developer"/>
            <field name="publication_warning" eval="False"/>
            <field name="allocated_percentage" eval="25"/>
        </record>
        <record id="planning_slot_218" model="planning.slot">
            <field name="start_datetime" eval="(datetime.today() - timedelta(days=datetime.today().weekday() - 7)).strftime('%Y-%m-%d 11:00:00')"/>
            <field name="end_datetime" eval="(datetime.today() - timedelta(days=datetime.today().weekday() - 7)).strftime('%Y-%m-%d  15:00:00')"/>
            <field name="resource_id" ref="planning_resource_it_toolbox"/>
            <field name="publication_warning" eval="False"/>
        </record>

        <!-- Tuesday morning shifts -->
        <record id="planning_slot_221" model="planning.slot">
            <field name="start_datetime" eval="(datetime.today() - timedelta(days=datetime.today().weekday() - 7 - 1)).strftime('%Y-%m-%d 06:00:00')"/>
            <field name="end_datetime" eval="(datetime.today() - timedelta(days=datetime.today().weekday() - 7 - 1)).strftime('%Y-%m-%d 10:00:00')"/>
            <field name="resource_id" model="resource.resource" eval="obj().env.ref('hr.employee_qdp').resource_id.id"/>
            <field name="role_id" ref="planning_role_developer"/>
            <field name="publication_warning" eval="False"/>
        </record>
        <record id="planning_slot_222" model="planning.slot">
            <field name="start_datetime" eval="(datetime.today() - timedelta(days=datetime.today().weekday() - 7 - 1)).strftime('%Y-%m-%d 06:00:00')"/>
            <field name="end_datetime" eval="(datetime.today() - timedelta(days=datetime.today().weekday() - 7 - 1)).strftime('%Y-%m-%d 10:00:00')"/>
            <field name="resource_id" model="resource.resource" eval="obj().env.ref('hr.employee_lur').resource_id.id"/>
            <field name="role_id" ref="planning_role_management"/>
            <field name="publication_warning" eval="False"/>
        </record>
        <record id="planning_slot_223" model="planning.slot">
            <field name="start_datetime" eval="(datetime.today() - timedelta(days=datetime.today().weekday() - 7 - 1)).strftime('%Y-%m-%d 06:00:00')"/>
            <field name="end_datetime" eval="(datetime.today() - timedelta(days=datetime.today().weekday() - 7 - 1)).strftime('%Y-%m-%d 10:00:00')"/>
            <field name="resource_id" model="resource.resource" eval="obj().env.ref('hr.employee_jep').resource_id.id"/>
            <field name="role_id" ref="planning_role_cm"/>
            <field name="publication_warning" eval="False"/>
            <field name="allocated_percentage" eval="50"/>
        </record>

        <!-- Tuesday evening shifts -->
        <record id="planning_slot_224" model="planning.slot">
            <field name="start_datetime" eval="(datetime.today() - timedelta(days=datetime.today().weekday() - 7 - 1)).strftime('%Y-%m-%d 11:00:00')"/>
            <field name="end_datetime" eval="(datetime.today() - timedelta(days=datetime.today().weekday() - 7 - 1)).strftime('%Y-%m-%d  15:00:00')"/>
            <field name="resource_id" model="resource.resource" eval="obj().env.ref('hr.employee_jth').resource_id.id"/>
            <field name="role_id" ref="planning_role_management"/>
            <field name="publication_warning" eval="False"/>
        </record>
        <record id="planning_slot_225" model="planning.slot">
            <field name="start_datetime" eval="(datetime.today() - timedelta(days=datetime.today().weekday() - 7 - 1)).strftime('%Y-%m-%d 11:00:00')"/>
            <field name="end_datetime" eval="(datetime.today() - timedelta(days=datetime.today().weekday() - 7 - 1)).strftime('%Y-%m-%d  15:00:00')"/>
            <field name="resource_id" model="resource.resource" eval="obj().env.ref('hr.employee_ngh').resource_id.id"/>
            <field name="role_id" ref="planning_role_cm"/>
            <field name="publication_warning" eval="False"/>
        </record>
        <record id="planning_slot_226" model="planning.slot">
            <field name="start_datetime" eval="(datetime.today() - timedelta(days=datetime.today().weekday() - 7 - 1)).strftime('%Y-%m-%d 11:00:00')"/>
            <field name="end_datetime" eval="(datetime.today() - timedelta(days=datetime.today().weekday() - 7 - 1)).strftime('%Y-%m-%d  15:00:00')"/>
            <field name="role_id" ref="planning_role_developer"/>
            <field name="publication_warning" eval="False"/>
        </record>
        <record id="planning_slot_228" model="planning.slot">
            <field name="start_datetime" eval="(datetime.today() - timedelta(days=datetime.today().weekday() - 7 - 1)).strftime('%Y-%m-%d 11:00:00')"/>
            <field name="end_datetime" eval="(datetime.today() - timedelta(days=datetime.today().weekday() - 7 - 1)).strftime('%Y-%m-%d  15:00:00')"/>
            <field name="resource_id" ref="planning_resource_it_toolbox"/>
            <field name="publication_warning" eval="False"/>
        </record>

        <!-- Wednesday morning shifts -->
        <record id="planning_slot_231" model="planning.slot">
            <field name="start_datetime" eval="(datetime.today() - timedelta(days=datetime.today().weekday() - 7 - 2)).strftime('%Y-%m-%d 06:00:00')"/>
            <field name="end_datetime" eval="(datetime.today() - timedelta(days=datetime.today().weekday() - 7 - 2)).strftime('%Y-%m-%d 10:00:00')"/>
            <field name="resource_id" model="resource.resource" eval="obj().env.ref('hr.employee_qdp').resource_id.id"/>
            <field name="role_id" ref="planning_role_developer"/>
            <field name="publication_warning" eval="False"/>
        </record>
        <record id="planning_slot_232" model="planning.slot">
            <field name="start_datetime" eval="(datetime.today() - timedelta(days=datetime.today().weekday() - 7 - 2)).strftime('%Y-%m-%d 06:00:00')"/>
            <field name="end_datetime" eval="(datetime.today() - timedelta(days=datetime.today().weekday() - 7 - 2)).strftime('%Y-%m-%d 10:00:00')"/>
            <field name="resource_id" model="resource.resource" eval="obj().env.ref('hr.employee_lur').resource_id.id"/>
            <field name="role_id" ref="planning_role_management"/>
            <field name="publication_warning" eval="False"/>
        </record>
        <record id="planning_slot_233" model="planning.slot">
            <field name="start_datetime" eval="(datetime.today() - timedelta(days=datetime.today().weekday() - 7 - 2)).strftime('%Y-%m-%d 06:00:00')"/>
            <field name="end_datetime" eval="(datetime.today() - timedelta(days=datetime.today().weekday() - 7 - 2)).strftime('%Y-%m-%d 10:00:00')"/>
            <field name="resource_id" model="resource.resource" eval="obj().env.ref('hr.employee_jod').resource_id.id"/>
            <field name="role_id" ref="planning_role_cm"/>
            <field name="publication_warning" eval="False"/>
            <field name="allocated_percentage" eval="50"/>
        </record>

        <!-- Wednesday evening shifts -->
        <record id="planning_slot_234" model="planning.slot">
            <field name="start_datetime" eval="(datetime.today() - timedelta(days=datetime.today().weekday() - 7 - 2)).strftime('%Y-%m-%d 11:00:00')"/>
            <field name="end_datetime" eval="(datetime.today() - timedelta(days=datetime.today().weekday() - 7 - 2)).strftime('%Y-%m-%d  15:00:00')"/>
            <field name="resource_id" model="resource.resource" eval="obj().env.ref('hr.employee_jth').resource_id.id"/>
            <field name="role_id" ref="planning_role_management"/>
            <field name="publication_warning" eval="False"/>
        </record>
        <record id="planning_slot_235" model="planning.slot">
            <field name="start_datetime" eval="(datetime.today() - timedelta(days=datetime.today().weekday() - 7 - 2)).strftime('%Y-%m-%d 11:00:00')"/>
            <field name="end_datetime" eval="(datetime.today() - timedelta(days=datetime.today().weekday() - 7 - 2)).strftime('%Y-%m-%d  15:00:00')"/>
            <field name="resource_id" model="resource.resource" eval="obj().env.ref('hr.employee_ngh').resource_id.id"/>
            <field name="role_id" ref="planning_role_cm"/>
            <field name="publication_warning" eval="False"/>
        </record>
        <record id="planning_slot_236" model="planning.slot">
            <field name="start_datetime" eval="(datetime.today() - timedelta(days=datetime.today().weekday() - 7 - 2)).strftime('%Y-%m-%d 11:00:00')"/>
            <field name="end_datetime" eval="(datetime.today() - timedelta(days=datetime.today().weekday() - 7 - 2)).strftime('%Y-%m-%d  15:00:00')"/>
            <field name="role_id" ref="planning_role_developer"/>
            <field name="publication_warning" eval="False"/>
        </record>
        <record id="planning_slot_238" model="planning.slot">
            <field name="start_datetime" eval="(datetime.today() - timedelta(days=datetime.today().weekday() - 7 - 2)).strftime('%Y-%m-%d 11:00:00')"/>
            <field name="end_datetime" eval="(datetime.today() - timedelta(days=datetime.today().weekday() - 7 - 2)).strftime('%Y-%m-%d  15:00:00')"/>
            <field name="resource_id" ref="planning_resource_it_toolbox"/>
            <field name="publication_warning" eval="False"/>
        </record>

        <!-- Thursday morning shifts -->
        <record id="planning_slot_241" model="planning.slot">
            <field name="start_datetime" eval="(datetime.today() - timedelta(days=datetime.today().weekday() - 7 - 3)).strftime('%Y-%m-%d 06:00:00')"/>
            <field name="end_datetime" eval="(datetime.today() - timedelta(days=datetime.today().weekday() - 7 - 3)).strftime('%Y-%m-%d 10:00:00')"/>
            <field name="resource_id" model="resource.resource" eval="obj().env.ref('hr.employee_qdp').resource_id.id"/>
            <field name="role_id" ref="planning_role_developer"/>
            <field name="publication_warning" eval="False"/>
        </record>
        <record id="planning_slot_242" model="planning.slot">
            <field name="start_datetime" eval="(datetime.today() - timedelta(days=datetime.today().weekday() - 7 - 3)).strftime('%Y-%m-%d 06:00:00')"/>
            <field name="end_datetime" eval="(datetime.today() - timedelta(days=datetime.today().weekday() - 7 - 3)).strftime('%Y-%m-%d 10:00:00')"/>
            <field name="resource_id" model="resource.resource" eval="obj().env.ref('hr.employee_lur').resource_id.id"/>
            <field name="role_id" ref="planning_role_management"/>
            <field name="publication_warning" eval="False"/>
            <field name="allocated_percentage" eval="75"/>
        </record>
        <record id="planning_slot_243" model="planning.slot">
            <field name="start_datetime" eval="(datetime.today() - timedelta(days=datetime.today().weekday() - 7 - 3)).strftime('%Y-%m-%d 06:00:00')"/>
            <field name="end_datetime" eval="(datetime.today() - timedelta(days=datetime.today().weekday() - 7 - 3)).strftime('%Y-%m-%d 10:00:00')"/>
            <field name="resource_id" model="resource.resource" eval="obj().env.ref('hr.employee_jod').resource_id.id"/>
            <field name="role_id" ref="planning_role_cm"/>
            <field name="publication_warning" eval="False"/>
        </record>
        <record id="planning_slot_249" model="planning.slot">
            <field name="start_datetime" eval="(datetime.today() - timedelta(days=datetime.today().weekday() - 7 - 3)).strftime('%Y-%m-%d 06:00:00')"/>
            <field name="end_datetime" eval="(datetime.today() - timedelta(days=datetime.today().weekday() - 7 - 3)).strftime('%Y-%m-%d  10:00:00')"/>
            <field name="resource_id" ref="planning_resource_laptop"/>
            <field name="publication_warning" eval="False"/>
            <field name="state">published</field>
        </record>

        <!-- Thursday evening shifts -->
        <record id="planning_slot_244" model="planning.slot">
            <field name="start_datetime" eval="(datetime.today() - timedelta(days=datetime.today().weekday() - 7 - 3)).strftime('%Y-%m-%d 11:00:00')"/>
            <field name="end_datetime" eval="(datetime.today() - timedelta(days=datetime.today().weekday() - 7 - 3)).strftime('%Y-%m-%d  15:00:00')"/>
            <field name="resource_id" model="resource.resource" eval="obj().env.ref('hr.employee_admin').resource_id.id"/>
            <field name="role_id" ref="planning_role_cm"/>
            <field name="name" eval="'Ask Toni if she can show Mitchel how things are organised on his agenda because it is her first time working as a Community Manager'"/>
            <field name="publication_warning" eval="False"/>
        </record>
        <record id="planning_slot_245" model="planning.slot">
            <field name="start_datetime" eval="(datetime.today() - timedelta(days=datetime.today().weekday() - 7 - 3)).strftime('%Y-%m-%d 11:00:00')"/>
            <field name="end_datetime" eval="(datetime.today() - timedelta(days=datetime.today().weekday() - 7 - 3)).strftime('%Y-%m-%d  15:00:00')"/>
            <field name="resource_id" model="resource.resource" eval="obj().env.ref('hr.employee_ngh').resource_id.id"/>
            <field name="role_id" ref="planning_role_cm"/>
            <field name="publication_warning" eval="False"/>
        </record>
        <record id="planning_slot_246" model="planning.slot">
            <field name="start_datetime" eval="(datetime.today() - timedelta(days=datetime.today().weekday() - 7 - 3)).strftime('%Y-%m-%d 11:00:00')"/>
            <field name="end_datetime" eval="(datetime.today() - timedelta(days=datetime.today().weekday() - 7 - 3)).strftime('%Y-%m-%d  15:00:00')"/>
            <field name="resource_id" model="resource.resource" eval="obj().env.ref('hr.employee_niv').resource_id.id"/>
            <field name="role_id" ref="planning_role_developer"/>
            <field name="publication_warning" eval="False"/>
        </record>
        <record id="planning_slot_248" model="planning.slot">
            <field name="start_datetime" eval="(datetime.today() - timedelta(days=datetime.today().weekday() - 7 - 3)).strftime('%Y-%m-%d 11:00:00')"/>
            <field name="end_datetime" eval="(datetime.today() - timedelta(days=datetime.today().weekday() - 7 - 3)).strftime('%Y-%m-%d  15:00:00')"/>
            <field name="resource_id" ref="planning_resource_it_toolbox"/>
            <field name="publication_warning" eval="False"/>
        </record>

        <!-- Friday morning shifts -->
        <record id="planning_slot_251" model="planning.slot">
            <field name="start_datetime" eval="(datetime.today() - timedelta(days=datetime.today().weekday() - 7 - 4)).strftime('%Y-%m-%d 06:00:00')"/>
            <field name="end_datetime" eval="(datetime.today() - timedelta(days=datetime.today().weekday() - 7 - 4)).strftime('%Y-%m-%d 10:00:00')"/>
            <field name="resource_id" model="resource.resource" eval="obj().env.ref('hr.employee_qdp').resource_id.id"/>
            <field name="role_id" ref="planning_role_developer"/>
            <field name="repeat" eval="True"/>
            <field name="repeat_interval" eval="1"/>
            <field name="repeat_type">forever</field>
            <field name="publication_warning" eval="False"/>
        </record>
        <record id="planning_slot_252" model="planning.slot">
            <field name="start_datetime" eval="(datetime.today() - timedelta(days=datetime.today().weekday() - 7 - 4)).strftime('%Y-%m-%d 06:00:00')"/>
            <field name="end_datetime" eval="(datetime.today() - timedelta(days=datetime.today().weekday() - 7 - 4)).strftime('%Y-%m-%d 10:00:00')"/>
            <field name="resource_id" model="resource.resource" eval="obj().env.ref('hr.employee_lur').resource_id.id"/>
            <field name="role_id" ref="planning_role_management"/>
            <field name="repeat" eval="True"/>
            <field name="repeat_interval" eval="1"/>
            <field name="repeat_type">forever</field>
            <field name="publication_warning" eval="False"/>
            <field name="allocated_percentage" eval="50"/>
        </record>
        <record id="planning_slot_253" model="planning.slot">
            <field name="start_datetime" eval="(datetime.today() - timedelta(days=datetime.today().weekday() - 7 - 4)).strftime('%Y-%m-%d 06:00:00')"/>
            <field name="end_datetime" eval="(datetime.today() - timedelta(days=datetime.today().weekday() - 7 - 4)).strftime('%Y-%m-%d 10:00:00')"/>
            <field name="role_id" ref="planning_role_cm"/>
            <field name="publication_warning" eval="False"/>
        </record>

        <!-- Friday evening shifts -->
        <record id="planning_slot_254" model="planning.slot">
            <field name="start_datetime" eval="(datetime.today() - timedelta(days=datetime.today().weekday() - 7 - 4)).strftime('%Y-%m-%d 11:00:00')"/>
            <field name="end_datetime" eval="(datetime.today() - timedelta(days=datetime.today().weekday() - 7 - 4)).strftime('%Y-%m-%d  15:00:00')"/>
            <field name="resource_id" model="resource.resource" eval="obj().env.ref('hr.employee_admin').resource_id.id"/>
            <field name="role_id" ref="planning_role_management"/>
            <field name="publication_warning" eval="False"/>
        </record>
        <record id="planning_slot_255" model="planning.slot">
            <field name="start_datetime" eval="(datetime.today() - timedelta(days=datetime.today().weekday() - 7 - 4)).strftime('%Y-%m-%d 11:00:00')"/>
            <field name="end_datetime" eval="(datetime.today() - timedelta(days=datetime.today().weekday() - 7 - 4)).strftime('%Y-%m-%d  15:00:00')"/>
            <field name="resource_id" model="resource.resource" eval="obj().env.ref('hr.employee_ngh').resource_id.id"/>
            <field name="role_id" ref="planning_role_cm"/>
            <field name="repeat" eval="True"/>
            <field name="repeat_interval" eval="1"/>
            <field name="repeat_type">forever</field>
            <field name="publication_warning" eval="False"/>
        </record>
        <record id="planning_slot_256" model="planning.slot">
            <field name="start_datetime" eval="(datetime.today() - timedelta(days=datetime.today().weekday() - 7 - 4)).strftime('%Y-%m-%d 11:00:00')"/>
            <field name="end_datetime" eval="(datetime.today() - timedelta(days=datetime.today().weekday() - 7 - 4)).strftime('%Y-%m-%d  15:00:00')"/>
            <field name="resource_id" model="resource.resource" eval="obj().env.ref('hr.employee_niv').resource_id.id"/>
            <field name="role_id" ref="planning_role_developer"/>
            <field name="publication_warning" eval="False"/>
        </record>
        <record id="planning_slot_258" model="planning.slot">
            <field name="start_datetime" eval="(datetime.today() - timedelta(days=datetime.today().weekday() - 7 - 4)).strftime('%Y-%m-%d 11:00:00')"/>
            <field name="end_datetime" eval="(datetime.today() - timedelta(days=datetime.today().weekday() - 7 - 4)).strftime('%Y-%m-%d  15:00:00')"/>
            <field name="resource_id" ref="planning_resource_it_toolbox"/>
            <field name="publication_warning" eval="False"/>
        </record>
        <record id="planning_slot_259" model="planning.slot">
            <field name="start_datetime" eval="(datetime.today() - timedelta(days=datetime.today().weekday() - 7 - 4)).strftime('%Y-%m-%d 11:00:00')"/>
            <field name="end_datetime" eval="(datetime.today() - timedelta(days=datetime.today().weekday() - 7 - 4)).strftime('%Y-%m-%d  15:00:00')"/>
            <field name="resource_id" ref="planning_resource_continuity_tester"/>
            <field name="repeat" eval="True"/>
            <field name="repeat_interval" eval="1"/>
            <field name="repeat_type">forever</field>
            <field name="publication_warning" eval="False"/>
        </record>
    </data>
</odoo>
