<?xml version="1.0" encoding="UTF-8"?>
<odoo>
    <data noupdate="1">
        <record id="ir_cron_forecast_schedule" model="ir.cron">
            <field name="name">Planning: generate next recurring shifts</field>
            <field name="model_id" ref="model_planning_recurrency"/>
            <field name="state">code</field>
            <field name="code">model._cron_schedule_next()</field>
            <field name="interval_type">weeks</field>
            <field name="numbercall">-1</field>
        </record>
    </data>
</odoo>
