id,name,model_id:id,group_id:id,perm_read,perm_write,perm_create,perm_unlink
access_sendcloud_shipping_product_stock,access.sendcloud.shipping.product.stock,model_sendcloud_shipping_product,stock.group_stock_manager,1,1,1,1
access_sendcloud_shipping_product_sale,access.sendcloud.shipping.product.sale,model_sendcloud_shipping_product,sales_team.group_sale_manager,1,1,1,1
access_sendcloud_shipping_wizard_stock,access.sendcloud.shipping.wizard.stock,model_sendcloud_shipping_wizard,stock.group_stock_manager,1,1,1,1
access_sendcloud_shipping_wizard_sale,access.sendcloud.shipping.wizard.sale,model_sendcloud_shipping_wizard,sales_team.group_sale_manager,1,1,1,1
