<?xml version="1.0" encoding="utf-8"?>
<odoo>
    <record id="cl_eightcolumns_report" model="account.report">
        <field name="name">Chilean Fiscal Balance (8 Columns)</field>
        <field name="root_report_id" ref="account_reports.balance_sheet"/>
        <field name="country_id" ref="base.cl"/>
        <field name="filter_date_range" eval="True"/>
        <field name="filter_period_comparison" eval="False"/>
        <field name="filter_growth_comparison" eval="False"/>
        <field name="filter_analytic_groupby" eval="True"/>
        <field name="filter_unfold_all" eval="False"/>
        <field name="filter_journals" eval="True"/>
        <field name="custom_handler_model_id" ref="model_l10n_cl_report_handler"/>
        <field name="load_more_limit" eval="80"/>
        <field name="column_ids">
            <record id="cl_eightcolumns_report_column_debit" model="account.report.column">
                <field name="name">Debit</field>
                <field name="expression_label">debit</field>
                <field name="figure_type">monetary</field>
            </record>
            <record id="cl_eightcolumns_report_column_credit" model="account.report.column">
                <field name="name">Credit</field>
                <field name="expression_label">credit</field>
                <field name="figure_type">monetary</field>
            </record>
            <record id="cl_eightcolumns_report_column_debitor" model="account.report.column">
                <field name="name">Debitor</field>
                <field name="expression_label">debitor</field>
                <field name="figure_type">monetary</field>
            </record>
            <record id="cl_eightcolumns_report_column_creditor" model="account.report.column">
                <field name="name">Creditor</field>
                <field name="expression_label">creditor</field>
                <field name="figure_type">monetary</field>
            </record>
            <record id="cl_eightcolumns_report_column_assets" model="account.report.column">
                <field name="name">Assets</field>
                <field name="expression_label">assets</field>
                <field name="figure_type">monetary</field>
            </record>
            <record id="cl_eightcolumns_report_column_liabilities" model="account.report.column">
                <field name="name">Liabilities</field>
                <field name="expression_label">liabilities</field>
                <field name="figure_type">monetary</field>
            </record>
            <record id="cl_eightcolumns_report_column_loss" model="account.report.column">
                <field name="name">Loss</field>
                <field name="expression_label">loss</field>
                <field name="figure_type">monetary</field>
            </record>
            <record id="cl_eightcolumns_report_column_gain" model="account.report.column">
                <field name="name">Gain</field>
                <field name="expression_label">gain</field>
                <field name="figure_type">monetary</field>
            </record>
        </field>
    </record>
</odoo>
