<?xml version="1.0" encoding="utf-8"?>
<templates xml:space="preserve">

    <t t-extend="Appointment.appointment_info_no_slot">
        <t t-jquery=".o_appointment_no_slot_overall_helper_txt" t-operation="append">
            <div t-if="appointmentsCount !== 1" class="text-center">
                <a href="/appointment">Go back to Appointment</a> or <a href="/contactus">contact us</a>.
            </div>
            <div t-else="" class="text-center">
                <a href="/contactus">Contact us</a>.
            </div>
        </t>
    </t>

</templates>
