<?xml version="1.0" encoding="utf-8"?>
<templates>
    <t t-name="website_appointment.new_appointment_type_dialog">
        <main class="modal-body">
            <form role="form">
                <div class="mb-3">
                    <label for="appointment_name" class="col-form-label">Appointment Type Name</label>
                    <input id="appointment_name" type="text" class="form-control" required="1"
                        placeholder='e.g. "Technical Demo"'/>
                    <p id="name-required" class="text-danger mt-1 mb-0 d-none">Please fill this field</p>
                </div>
                <div class="mb-3">
                    <label for="user_ids" class="col-form-label">Users</label>
                    <input id="user_ids" type="text" class="form-control"/>
                </div>
            </form>
        </main>
    </t>
</templates>
