<?xml version="1.0" encoding="utf-8"?>
<odoo noupdate="1">

    <record id="ir_rule_l10n_be_dmfa_multi_company" model="ir.rule">
        <field name="name">HR Payroll BE DMFA: Multi Company</field>
        <field name="model_id" ref="model_l10n_be_dmfa"/>
        <field name="domain_force">[('company_id', 'in', company_ids)]</field>
    </record>
    <record id="ir_rule_l10n_be_dmfa_location_multi_company" model="ir.rule">
        <field name="name">HR Payroll BE DMFA Location: Multi Company</field>
        <field name="model_id" ref="model_l10n_be_dmfa_location_unit"/>
        <field name="domain_force">[('company_id', 'in', company_ids)]</field>
    </record>
    <record id="ir_rule_l10n_be_273S_multi_company" model="ir.rule">
        <field name="name">HR Payroll BE 273S: Multi Company</field>
        <field name="model_id" ref="model_l10n_be_273s"/>
        <field name="domain_force">[('company_id', 'in', company_ids)]</field>
    </record>
    <record id="ir_rule_l10n_be_28110_multi_company" model="ir.rule">
        <field name="name">HR Payroll BE 281.10: Multi Company</field>
        <field name="model_id" ref="model_l10n_be_281_10"/>
        <field name="domain_force">[('company_id', 'in', company_ids)]</field>
    </record>
    <record id="ir_rule_l10n_be_28145_multi_company" model="ir.rule">
        <field name="name">HR Payroll BE 281.45: Multi Company</field>
        <field name="model_id" ref="model_l10n_be_281_45"/>
        <field name="domain_force">[('company_id', 'in', company_ids)]</field>
    </record>
    <record id="ir_rule_l10n_be_274_XX_multi_company" model="ir.rule">
        <field name="name">HR Payroll BE 274.XX: Multi Company</field>
        <field name="model_id" ref="model_l10n_be_274_xx"/>
        <field name="domain_force">[('company_id', 'in', company_ids)]</field>
    </record>
    <record id="ir_rule_l10n_be_274_XX_line_multi_company" model="ir.rule">
        <field name="name">HR Payroll BE 274.XX Line: Multi Company</field>
        <field name="model_id" ref="model_l10n_be_274_xx_line"/>
        <field name="domain_force">[('sheet_id.company_id', 'in', company_ids)]</field>
    </record>
    <record id="group_export_sdworx_leaves" model="res.groups">
        <field name="name">Export Time Off to SDWorx</field>
        <field name="category_id" ref="base.module_category_hidden"/>
    </record>
</odoo>
