<?xml version="1.0" encoding="UTF-8"?>
<templates>
    <!-- /index and /outline template -->
    <t t-name="knowledge.ArticlesStructureBehavior" owl="1">
        <t t-if="this.state.loading">
            <i class="fa fa-circle-o-notch fa-2x fa-spin" title="loader" role="img"/>
        </t>
        <t t-else="">
            <div class="o_knowledge_toolbar o_knowledge_clean_for_save">
                <div class="btn-group">
                    <button t-if="!this.props.readonly"
                            t-on-click="_onRefreshBtnClick"
                            class="btn btn-primary btn-link btn-sm border-0"
                            title="Update">
                        <i t-attf-class="fa fa-refresh {{ this.state.refreshing ? 'fa-spin' : '' }}" t-on-dblclick.stop=""/> <span class="o_knowledge_toolbar_button_text">Refresh</span>
                    </button>
                </div>
            </div>
            <div class="o_knowledge_articles_structure_content"
                data-prop-name="content" t-out="this.props.content"/>
        </t>
    </t>
</templates>
