<odoo>
    <t t-name="spreadsheet_edition.OdooLineChartConfigPanel" owl="1">
        <div>
            <div class="o-section pt-0">
                <label>
                    <div class="o_checkbox">
                        <input
                            type="checkbox"
                            name="stackedBar"
                            t-att-checked="props.definition.stacked"
                            t-on-change="onUpdateStacked"
                            class="align-middle"
                        />
                        Stacked linechart
                    </div>
                </label>
            </div>
            <t t-call="spreadsheet_edition.OdooMenuChartPanelSection"/>
        </div>
    </t>
</odoo>
