<odoo>
    <data noupdate="1">
        <record id="ir_cron_scheduler_recurring_action" model="ir.cron">
            <field name="name">Recurring Todo Activity</field>
            <field name="model_id" ref="model_mail_activity"/>
            <field name="state">code</field>
            <field name="code">model.action_date()</field>
            <field name="user_id" ref="base.user_root"/>
            <field name="interval_number">1</field>
            <field name="interval_type">days</field>
            <field name="numbercall">-1</field>
        </record>
    </data>
</odoo>