<?xml version="1.0" encoding="utf-8"?>
<odoo>
    <data>
        <record id="departure_freelance" model="hr.departure.reason">
            <field name="sequence">5</field>
            <field name="name">Became Freelance</field>
            <field name="reason_code">350</field>
        </record>

        <record id="hr.departure_fired" model="hr.departure.reason">
            <field name="reason_code">342</field>
        </record>

        <record id="hr.departure_resigned" model="hr.departure.reason">
            <field name="reason_code">343</field>
        </record>

        <record id="hr.departure_retired" model="hr.departure.reason">
            <field name="reason_code">340</field>
        </record>
    </data>
</odoo>
