<?xml version="1.0" encoding="utf-8"?>
<odoo>
    <data noupdate="1">
        <record model="ir.config_parameter" id="ir_config_parameter_amount_child">
            <field name="key">hr_contract_salary.hospital_insurance_amount_child</field>
            <field name="value">7.2</field>
        </record>

        <record model="ir.config_parameter" id="ir_config_parameter_amount_adult">
            <field name="key">hr_contract_salary.hospital_insurance_amount_adult</field>
            <field name="value">20.5</field>
        </record>

        <record id="ir_config_parameter_dmfa_expeditor_nbr" model="ir.config_parameter">
            <field name="key">l10n_be.dmfa_expeditor_nbr</field>
            <field name="value">000000</field>
        </record>
    </data>
</odoo>
