<?xml version="1.0" encoding="UTF-8"?>
<templates xml:space="preserve">
    <t t-name="industry_fsm.warning_tooltip" owl="1">
        <span class="fa fa-exclamation-triangle text-danger o_calendar_warning ms-3"
              t-att-data-tooltip-info="tooltipInfo"
              data-tooltip-template="industry_fsm.task_confirm_schedule_warning"
        >
        </span>
    </t>

    <t t-name="industry_fsm.DateTimeWithWarning" t-inherit="web.DateTimeField" t-inherit-mode="primary" owl="1">
        <xpath expr="//span" position="after">
            <WarningTooltip t-if="warning" value="warning"/>
        </xpath>
    </t>

</templates>
