<?xml version="1.0" encoding="UTF-8"?>

<templates>
    <t t-name="DashboardTilePreview">
        <div class="mb-5 row">
            <div class="mb-4 col-md-4">
                <div class="inforide" t-attf-style="color: #{text_color};background: #{background_color}">
                    <div class="main-tile-item preview-tile">
                        <div class="tile-icon rideone preview-tile">
                            <t t-if="tile_image_type == 'default_icons'">
                                <i t-attf-class="fa #{fa_icon_name} fa-3x mt-4"/>
                            </t>
                            <t t-else="">
                                <img alt="Product image" class="tile_image_margin mt-3" t-attf-src="#{image_url}"
                                     style="width:50px;height:50px;"/>
                            </t>
                        </div>
                        <div class="title-icon-circle"/>
                        <div class="tile-btm-circle"/>
                        <div class="inner-tile-content fontsty">
                            <h4 t-attf-style="color: #{text_color};">
                                <t t-esc="title"/>
                            </h4>
                            <h2>
                                <span t-attf-style="color: #{text_color};">
                                    <t t-esc="value"/>
                                    <t t-esc="tile_unit"/>
                                </span>
                            </h2>
                        </div>
                    </div>
                </div>
            </div>
        </div>
    </t>
</templates>