id,name,model_id:id,group_id:id,perm_read,perm_write,perm_create,perm_unlink
access_l10n_be_reports_periodic_vat_xml_export,access_l10n_be_reports_periodic_vat_xml_export,model_l10n_be_reports_periodic_vat_xml_export,account.group_account_user,1,1,1,0
access_l10n_be_281_50_user,access_l10n_be_281_50_user,model_l10n_be_form_281_50,account.group_account_user,1,1,1,0
access_l10n_be_281_50_manager,access_l10n_be_281_50_manager,model_l10n_be_form_281_50,account.group_account_manager,1,1,1,1
access_l10n_be_form_325_user,access_l10n_be_form_325_user,model_l10n_be_form_325,account.group_account_user,1,1,1,0
access_l10n_be_form_325_manager,access_l10n_be_form_325_manager,model_l10n_be_form_325,account.group_account_manager,1,1,1,1
access_l10n_be_form_325_wizard,access_l10n_be_form_325_wizard,model_l10n_be_form_325_wizard,account.group_account_user,1,1,1,1
