<?xml version="1.0" encoding="UTF-8"?>
<templates id="template" xml:space="preserve">

    <t t-name="IoTErrorPopup" owl="1">
            <div class="popup popup-error">
                <p class="title">
                    <t t-esc="props.title" />
                </p>
                <div class="body">
                    <p>Please check if the IoT Box is still connected.</p>
                    <p>If you are on a secure server (HTTPS) check if you accepted the certificate:</p>
                    <ul>
                        <li>
                            <span>Access your </span>
                            <a t-att-href="'https://' + props.url" target="_blank">IoT Box Homepage</a>
                        </li>
                        <li>Click on Advanced/Show Details/Details/More information</li>
                        <li>Click on Proceed to .../Add Exception/Visit this website/Go on to the webpage</li>
                        <li>Firefox only : Click on Confirm Security Exception</li>
                        <li>Close this window and try again</li>
                    </ul>
                </div>
                <div class="footer">
                    <div class="button cancel" t-on-click="confirm">
                        <t t-esc="props.confirmText" />
                    </div>
                </div>
            </div>
    </t>

</templates>
