<?xml version="1.0" encoding="UTF-8"?>
<templates id="template" xml:space="preserve">
    <t t-inherit="point_of_sale.PaymentScreenPaymentLines" t-inherit-mode="extension" owl="1">
        <xpath expr="//div[hasclass('delete-button')]" position="attributes">
            <!-- You can't cancel a payment if the card is inserted, so we block deleting it. -->
            <!-- Otherwise, the line might be deleted while the payment is in progress -->
            <attribute name="t-if" value="line.payment_method.use_payment_terminal !== 'worldline' or ['retry', 'pending', 'waiting', 'force_done'].includes(line.payment_status)" />
        </xpath>
        <xpath expr="//div[hasclass('payment-name')]" position="inside">
            <t t-if="line.transaction_id and line.payment_method.use_payment_terminal === 'worldline'">
                - <t t-esc="line.transaction_id"/>
            </t>
        </xpath>
    </t>
</templates>
