<?xml version="1.0" encoding="utf-8"?>
<odoo>
    <record id="mod_115" model="account.report">
        <field name="name">Tax Report(Mod 115)</field>
        <field name="filter_analytic" eval="False"/>
        <field name="filter_date_range" eval="True"/>
        <field name="filter_period_comparison" eval="False"/>
        <field name="filter_unfold_all" eval="True"/>
        <field name="filter_journals" eval="True"/>
        <field name="country_id" ref="base.es"/>
        <field name="filter_multi_company">disabled</field>
        <field name="root_report_id" ref="account.generic_tax_report"/>
        <field name="custom_handler_model_id" ref="model_l10n_es_mod115_tax_report_handler"/>
        <field name="column_ids">
            <record id="mod_115_column" model="account.report.column">
                <field name="name">Balance</field>
                <field name="expression_label">balance</field>
            </record>
        </field>
        <field name="line_ids">
            <record id="mod_115_title_1" model="account.report.line">
                <field name="name">Retenciones e ingresos a cuenta</field>
                <field name="code">aeat_mod_115_title_1</field>
                <field name="children_ids">
                    <record id="mod_115_casilla_01" model="account.report.line">
                        <field name="name">[01] Nº de perceptores</field>
                        <field name="code">aeat_mod_115_01</field>
                        <field name="groupby">partner_id</field>
                        <field name="foldable" eval="True"/>
                        <field name="expression_ids">
                            <record id="mod_115_casilla_01_balance" model="account.report.expression">
                                <field name="label">balance</field>
                                <field name="engine">domain</field>
                                <field name="formula" eval="[('tax_tag_ids', 'in', [ref('l10n_es.mod_115_02'), ref('l10n_es.mod_115_03')])]"/>
                                <field name="subformula">count_rows</field>
                                <field name="figure_type">none</field>
                            </record>
                        </field>
                    </record>
                    <record id="mod_115_casilla_02" model="account.report.line">
                        <field name="name">[02] Base retenciones</field>
                        <field name="code">aeat_mod_115_02</field>
                        <field name="groupby">account_id</field>
                        <field name="foldable" eval="True"/>
                        <field name="domain_formula">sum([('tax_tag_ids', '=', ref('l10n_es.mod_115_02'))])</field>
                    </record>
                    <record id="mod_115_casilla_03" model="account.report.line">
                        <field name="name">[03] Retenciones</field>
                        <field name="code">aeat_mod_115_03</field>
                        <field name="groupby">account_id</field>
                        <field name="foldable" eval="True"/>
                        <field name="domain_formula">-sum([('tax_tag_ids', '=', ref('l10n_es.mod_115_03'))])</field>
                    </record>
                </field>
            </record>
            <record id="mod_115_title_2" model="account.report.line">
                <field name="name">Total liquidación</field>
                <field name="code">aeat_mod_115_title_2</field>
                <field name="children_ids">
                    <record id="mod_115_casilla_04" model="account.report.line">
                        <field name="name">[04] Resultados a ingresar anteriores</field>
                        <field name="code">aeat_mod_115_04</field>
                        <field name="expression_ids">
                            <record id="mod_115_casilla_04_balance" model="account.report.expression">
                                <field name="label">balance</field>
                                <field name="engine">external</field>
                                <field name="formula">sum</field>
                                <field name="subformula">editable;rounding=2</field>
                            </record>
                        </field>
                    </record>
                    <record id="mod_115_casilla_05" model="account.report.line">
                        <field name="name">[05] Resultado a ingresar</field>
                        <field name="code">aeat_mod_115_05</field>
                        <field name="aggregation_formula">aeat_mod_115_03.balance - aeat_mod_115_04.balance</field>
                    </record>
                </field>
            </record>
        </field>
    </record>
</odoo>
