<?xml version="1.0" encoding="utf-8"?>
<odoo>
    <data noupdate="1">

        <record id="documents_payroll_folder" model="documents.folder" forcecreate="0">
            <field name="name">Payroll</field>
            <field name="group_ids" eval="[(4, ref('hr_payroll.group_hr_payroll_user'))]"/>
            <field name="read_group_ids" eval="[(4, ref('base.group_user'))]"/>
            <field name="parent_folder_id" ref="documents_hr.documents_hr_folder"/>
            <field name="user_specific">True</field>
            <field name="sequence">12</field>
        </record>

        <record id="documents_hr_documents_payslips" model="documents.tag" forcecreate="0">
            <field name="name">Payslips</field>
            <field name="facet_id" ref="documents_hr.documents_hr_documents"/>
            <field name="sequence">13</field>
        </record>

        <record id="base.main_company" model="res.company">
            <field name="documents_hr_payslips_tags" eval="[(6,0,[ref('documents_hr_documents_payslips')])]"/>
            <field name="documents_payroll_folder_id" ref="documents_payroll_folder"/>
        </record>

    </data>
</odoo>
