<?xml version="1.0" encoding="utf-8"?>
<odoo>
    <data noupdate="1">

        <record id="quality_control_worksheet_template1" model="worksheet.template">
            <field name="name">Quality Issues</field>
            <field name="color">3</field>
            <field name="res_model">quality.check</field>
        </record>

        <function model="worksheet.template" name="_create_demo_data_quality"/>

        <record id="quality_control_worksheet_template1_form_view" model="ir.ui.view">
            <field name="name">quality.worksheet.template1.form.view</field>
            <field name="type">form</field>
            <field name="model" model="ir.model" eval="obj().env.ref('quality_control_worksheet.quality_control_worksheet_template1').model_id.model"/>
            <field name="arch" type="xml">
                <form create="false" js_class="worksheet_validation">
                    <sheet>
                        <group invisible="context.get('studio') or context.get('default_x_quality_check_id')">
                            <group>
                                <field name="x_quality_check_id"/>
                            </group>
                        </group>
                        <group>
                            <group>
                                <field name="x_product"/>
                                <field name="x_texture" widget="radio"/>
                                <field name="x_length" widget="radio"/>
                            </group>
                            <group>
                                <field name="x_date"/>
                                <field name="x_responsible"/>
                            </group>
                        </group>
                    </sheet>
                </form>
            </field>
        </record>

        <function model="worksheet.template" name="_generate_qweb_report_template" eval="[[ref('quality_control_worksheet_template1')]]"/>
    </data>
</odoo>
