<?xml version="1.0" encoding="utf-8"?>
<odoo>
    <record id="l10n_in_hr_payroll.structure_0002" model="hr.payroll.structure">
        <field name="journal_id" ref="hr_payroll_account.hr_payroll_account_journal"/>
    </record>

    <record id="l10n_in_hr_payroll.structure_worker_0001" model="hr.payroll.structure">
        <field name="journal_id" ref="hr_payroll_account.hr_payroll_account_journal"/>
    </record>

    <record id="l10n_in_hr_payroll.hr_payroll_salary_structure_ind_emp" model="hr.payroll.structure">
        <field name="journal_id" ref="hr_payroll_account.hr_payroll_account_journal"/>
    </record>
</odoo>
