<?xml version="1.0" encoding="utf-8"?>
<odoo>
    <record id="product_product_IVAP_1" model="product.product">
        <field name="name">Arroz descascarillado (arroz cargo o arroz pardo)</field>
        <field name="taxes_id" search="[('type_tax_use', '=', 'sale'), ('description', '=', 'IVAP'), ('l10n_pe_edi_tax_code', '=', '1016')]"/>
        <field name="standard_price">560.0</field>
        <field name="list_price">530.0</field>
        <field name="default_code">1006.20.00.00</field>
        <field name="description">Es el Impuesto que deben pagar todas las personas que realizan la primera venta de arroz pilado en el país. También grava la importación definitiva de arroz pilado y de las siguientes variedades: arroz descascarillado (arroz cargo o arroz pardo), arroz semiblanqueado o blanqueado, incluso pulido o glaseado, arroz partido, salvados, moyuelos y demás residuos del cernido, de la molienda, incluido "pellets" de arroz. https://orientacion.sunat.gob.pe/index.php/empresas-menu/otros-tributos/ivap/3410-01-concepto-y-operaciones-gravadas-ivap</field>
        <field name="unspsc_code_id" search="[('code', '=', '10151701')]"/>
    </record>
    <record id="product_product_IVAP_2" model="product.product">
        <field name="name">Arroz semiblanqueado o blanqueado , incluso pulido o glaseado</field>
        <field name="taxes_id" search="[('type_tax_use', '=', 'sale'), ('description', '=', 'IVAP'), ('l10n_pe_edi_tax_code', '=', '1016')]"/>
        <field name="standard_price">93.6</field>
        <field name="list_price">83.6</field>
        <field name="default_code">1006.30.00.00</field>
        <field name="description">Es el Impuesto que deben pagar todas las personas que realizan la primera venta de arroz pilado en el país. También grava la importación definitiva de arroz pilado y de las siguientes variedades: arroz descascarillado (arroz cargo o arroz pardo), arroz semiblanqueado o blanqueado, incluso pulido o glaseado, arroz partido, salvados, moyuelos y demás residuos del cernido, de la molienda, incluido "pellets" de arroz. https://orientacion.sunat.gob.pe/index.php/empresas-menu/otros-tributos/ivap/3410-01-concepto-y-operaciones-gravadas-ivap</field>
        <field name="unspsc_code_id" search="[('code', '=', '10151701')]"/>
    </record>
    <record id="product_product_IVAP_3" model="product.product">
        <field name="name">Arroz partido</field>
        <field name="taxes_id" search="[('type_tax_use', '=', 'sale'), ('description', '=', 'IVAP'), ('l10n_pe_edi_tax_code', '=', '1016')]"/>
        <field name="standard_price">86.9</field>
        <field name="list_price">67.3</field>
        <field name="default_code">1006.40.00.00</field>
        <field name="description">Es el Impuesto que deben pagar todas las personas que realizan la primera venta de arroz pilado en el país. También grava la importación definitiva de arroz pilado y de las siguientes variedades: arroz descascarillado (arroz cargo o arroz pardo), arroz semiblanqueado o blanqueado, incluso pulido o glaseado, arroz partido, salvados, moyuelos y demás residuos del cernido, de la molienda, incluido "pellets" de arroz. https://orientacion.sunat.gob.pe/index.php/empresas-menu/otros-tributos/ivap/3410-01-concepto-y-operaciones-gravadas-ivap</field>
        <field name="unspsc_code_id" search="[('code', '=', '10151701')]"/>
    </record>
    <record id="product_product_IVAP_3" model="product.product">
        <field name="name">Salvados, moyuelos y demás residuos del cernido, de la molienda o de otros tratamientos de los cereales o de las leguminosas, incluso en "pellets" de arroz</field>
        <field name="taxes_id" search="[('type_tax_use', '=', 'sale'), ('description', '=', 'IVAP'), ('l10n_pe_edi_tax_code', '=', '1016')]"/>
        <field name="standard_price">75.3</field>
        <field name="list_price">71.8</field>
        <field name="default_code">23.02.20.00.00</field>
        <field name="description">Es el Impuesto que deben pagar todas las personas que realizan la primera venta de arroz pilado en el país. También grava la importación definitiva de arroz pilado y de las siguientes variedades: arroz descascarillado (arroz cargo o arroz pardo), arroz semiblanqueado o blanqueado, incluso pulido o glaseado, arroz partido, salvados, moyuelos y demás residuos del cernido, de la molienda, incluido "pellets" de arroz. https://orientacion.sunat.gob.pe/index.php/empresas-menu/otros-tributos/ivap/3410-01-concepto-y-operaciones-gravadas-ivap</field>
        <field name="unspsc_code_id" search="[('code', '=', '10151701')]"/>
    </record>
</odoo>
