<?xml version="1.0" encoding="utf-8"?>
<odoo>
  <data noupdate="1">
        <record id="account_followup.demo_followup_line2" model="account_followup.followup.line">
            <field name="send_letter">True</field>
        </record>
        <record id="account_followup.demo_followup_line4" model="account_followup.followup.line">
            <field name="send_letter">False</field>
        </record>
        <record id="account_followup.demo_followup_line5" model="account_followup.followup.line">
            <field name="send_letter">True</field>
        </record>
    </data>
</odoo>
