<odoo>
    <data noupdate="1">
        <record id="ksa_saudi_employee_payroll_structure" model="hr.payroll.structure">
            <field name="name">Saudi Employees Payroll Structure</field>
            <field name="country_id" ref="base.sa"/>
            <field name="type_id" ref="l10n_sa_hr_payroll.ksa_employee_payroll_structure_type"/>
        </record>
        <record id="ksa_expat_employee_payroll_structure" model="hr.payroll.structure">
            <field name="name">Expat Employees Payroll Structure</field>
            <field name="country_id" ref="base.sa"/>
            <field name="type_id" ref="l10n_sa_hr_payroll.ksa_employee_payroll_structure_type"/>
        </record>
    </data>
</odoo>
