<?xml version="1.0" encoding="UTF-8" ?>
<templates xml:space="preserve">
    <t t-name="knowledge.MoveArticleDialog" owl="1">
        <Dialog size="size" title="title">
            Move "<span t-out="props.articleName" class="fw-bold"/>" under:
            <input t-ref="input" class="form-control" type="hidden" placeholder="Search an Article to use as Parent"/>
            <t t-set-slot="footer" owl="1">
                <button class="btn btn-primary" t-on-click="_onMoveArticleClick">
                    Move Article
                </button>
                <button class="btn btn-secondary" t-on-click="props.close">
                    Cancel
                </button>
            </t>
        </Dialog>
    </t>
</templates>
