<?xml version="1.0" encoding="UTF-8" ?>
<template>

<t t-name="web_enterprise.PromoteStudioDialog" owl="1">
      <Dialog title="title" header="false" modalRef="modalRef">
        <div class="modal-studio">
            <button type="button" class="btn-close" data-bs-dismiss="modal" aria-label="Close" tabindex="-1" t-on-click="props.close"></button>
            <h2 class="modal-title">Add new fields and much more with <b>Odoo Studio</b></h2>
            <div class="o_video_embed">
                <div class="ratio ratio-16x9">
                    <iframe class="embed-responsive-item" t-attf-src="https://www.youtube.com/embed/xCvFZrrQq7k?autoplay=1" frameborder="0" allowfullscreen="true"/>
                </div>
            </div>

             <t t-set-slot="footer">
                <div class="o_install_studio_btn">
                    <button class="btn btn-primary btn-block o_install_studio" t-on-click.stop="onClickInstallStudio"><b>Install Odoo Studio</b></button>
                </div>
             </t>
        </div>
      </Dialog>
    </t>

</template>