<?xml version="1.0" encoding="utf-8"?>
<odoo>

    <record id="ir_filter_project_timesheet_forecast" model="ir.filters">
        <field name="name">Timesheet vs Planning</field>
        <field name="model_id">project.timesheet.forecast.report.analysis</field>
        <field name="user_id" eval="False"/>
        <field name="context">{'pivot_measures': ['effective_hours'], 'pivot_column_groupby': ['date:month', 'line_type'], 'pivot_row_groupby': ['project_id', 'employee_id']}</field>
    </record>

</odoo>
