<?xml version="1.0" encoding="utf-8"?>
<odoo>
    <data>
        <template id="intrastat_report_export_xml_items">
            <t t-foreach="items" t-as="item">
                <Item>
                    <Dim prop="EXSEQCODE"
                         t-esc="item['sequence']"/>
                    <Dim prop="EXTRF"
                         t-esc="item['system']"/>
                    <Dim prop="EXCNT"
                         t-esc="item['country_code']"/>
                    <Dim prop="EXTTA"
                         t-esc="item['transaction_code']"/>
                    <Dim prop="EXREG"
                         t-esc="item['region_code']"/>
                    <Dim prop="EXTGO"
                         t-esc="item['commodity_code']"/>
                    <Dim prop="EXTXVAL"
                         t-esc="'%.2f' % item['value']"/>
                    <Dim prop="EXWEIGHT"
                         t-esc="'%.2f' % item['weight']"/>
                    <Dim prop="EXUNITS"
                         t-esc="item['supplementary_units']"/>
                    <Dim prop="EXCNTORI"
                         t-if="expedition"
                         t-esc="item['intrastat_product_origin_country_code']"/>
                    <Dim prop="PARTNERID"
                         t-if="expedition"
                         t-esc="item['partner_vat']"/>
                    <Dim prop="EXTPC"
                         t-if="extended"
                         t-esc="item['transport_code'] or ''"/>
                    <Dim prop="EXDELTRM"
                         t-if="extended"
                         t-esc="item['incoterm_code'] or ''"/>
                </Item>
            </t>
        </template>

        <template id="intrastat_report_export_xml">
            <DeclarationReport xmlns="http://www.onegate.eu/2010-01-01">
                <Administration>
                    <From declarerType="KBO" t-esc="company.company_registry"/>
                    <To>NBB</To>
                    <Domain>SXX</Domain>
                </Administration>
                <Report t-att-action="'nihil' if len(in_vals) == 0 else 'replace'" t-att-code="_get_reception_code(extended)" t-att-date="date">
                    <Data close="true" t-att-form="_get_reception_form(extended)">
                        <t t-call="l10n_be_intrastat.intrastat_report_export_xml_items">
                            <t t-set="reception" t-value="true"/>
                            <t t-set="items" t-value="in_vals"/>
                        </t>
                    </Data>
                </Report>
                <Report t-att-action="'nihil' if len(out_vals) == 0 else 'replace'" t-att-code="_get_expedition_code(extended)" t-att-date="date">
                    <Data close="true" t-att-form="_get_expedition_form(extended)">
                        <t t-call="l10n_be_intrastat.intrastat_report_export_xml_items">
                            <t t-set="expedition" t-value="true"/>
                            <t t-set="items" t-value="out_vals"/>
                        </t>
                    </Data>
                </Report>
            </DeclarationReport>
        </template>
    </data>
</odoo>
