<?xml version="1.0" encoding="utf-8"?>
<odoo>
    <data noupdate="1">

        <record id="industry_fsm.planning_project_stage_1" model="project.task.type">
            <field name="sms_template_id" ref="industry_fsm_sms.sms_template_data_fsm_intervention"/>
        </record>

        <!-- log SMS template message in chatter -->
        <function model="project.task" name="write">
            <value model="project.task" eval="obj().search([('id', 'in', [ref('industry_fsm.planning_task_17'), ref('industry_fsm.planning_task_18'), ref('industry_fsm.planning_task_19')])]).ids"/>
            <value eval="{'stage_id': ref('industry_fsm.planning_project_stage_1')}"/>
        </function>
        <function model="project.task" name="write">
            <value model="project.task" search="[('id', '=', ref('industry_fsm.planning_task_18'))]"/>
            <value eval="{'stage_id': ref('project.project_stage_1')}"/>
        </function>
        <function model="project.task" name="write">
            <value model="project.task" search="[('id', '=', ref('industry_fsm.planning_task_19'))]"/>
            <value eval="{'stage_id': ref('project.project_stage_2')}"/>
        </function>

    </data>
</odoo>
