<?xml version="1.0" encoding="utf-8"?>
<odoo>
    <data noupdate="1">
        <record id="ir_cron_check_dimona" model="ir.cron">
            <field name="name">Belgian Payroll: Check DIMONA</field>
            <field name="model_id" ref="hr_contract.model_hr_contract"/>
            <field name="state">code</field>
            <field name="code">model._cron_l10n_be_check_dimona()</field>
            <field name="active" eval="True"/>
            <field name="numbercall">-1</field>
            <field name="interval_type">days</field>
            <field name="doall" eval="False"/>
            <field name="nextcall" eval="(DateTime.now() + timedelta(hours=1))"/>
        </record>
    </data>
</odoo>
