<?xml version="1.0" encoding="utf-8"?>
<odoo>
    <data>
        <template id="knowledge_embedded_view">
            <div class="o_knowledge_behavior_anchor o_knowledge_behavior_type_embedded_view"
                t-att-data-behavior-props="behavior_props"/>
        </template>
        <template id="knowledge_view_link">
            <span class="o_knowledge_view_link text-o-color-1 o_knowledge_behavior_anchor o_knowledge_behavior_type_view_link"
                t-att-data-behavior-props="behavior_props"/>
        </template>
    </data>
</odoo>
