<odoo>

    <t t-name="spreadsheet_edition.OdooMenuChartPanelSection" owl="1">
        <div class="o-section">
            <div class="o-section-title">Link to Odoo menu</div>
            <IrMenuSelector
                menuId="odooMenuId"
                onValueChanged.bind="updateOdooLink"/>
        </div>
    </t>

    <t t-name="spreadsheet_edition.LineBarPieConfigPanel"
        t-inherit="spreadsheet.o-spreadsheet-LineBarPieConfigPanel"
        t-inherit-mode="extension"
        owl="1">
        <xpath expr="//div[hasclass('o-sidepanel-error')]" position="before">
            <t t-call="spreadsheet_edition.OdooMenuChartPanelSection"/>
        </xpath>
    </t>

    <t t-name="spreadsheet_edition.BarConfigPanel"
        t-inherit="spreadsheet.o-spreadsheet-BarConfigPanel"
        t-inherit-mode="extension"
        owl="1">
        <xpath expr="//div[hasclass('o-sidepanel-error')]" position="before">
            <t t-call="spreadsheet_edition.OdooMenuChartPanelSection"/>
        </xpath>
    </t>

    <t t-name="spreadsheet_edition.LineConfigPanel"
        t-inherit="spreadsheet.o-spreadsheet-LineConfigPanel"
        t-inherit-mode="extension"
        owl="1">
        <xpath expr="//div[hasclass('o-sidepanel-error')]" position="before">
            <t t-call="spreadsheet_edition.OdooMenuChartPanelSection"/>
        </xpath>
    </t>

    <t t-name="spreadsheet_edition.ScorecardChartConfigPanel"
        t-inherit="spreadsheet.o-spreadsheet-ScorecardChartConfigPanel"
        t-inherit-mode="extension"
        owl="1">
        <xpath expr="//div[hasclass('o-sidepanel-error')]" position="before">
            <t t-call="spreadsheet_edition.OdooMenuChartPanelSection"/>
        </xpath>
    </t>

    <t t-name="spreadsheet_edition.GaugeChartConfigPanel"
        t-inherit="spreadsheet.o-spreadsheet-GaugeChartConfigPanel"
        t-inherit-mode="extension"
        owl="1">
        <xpath expr="//div[hasclass('o-sidepanel-error')]" position="before">
            <t t-call="spreadsheet_edition.OdooMenuChartPanelSection"/>
        </xpath>
    </t>

</odoo>
