<?xml version="1.0" encoding="utf-8"?>
<odoo>
    <data noupdate="1">
        <!-- Extra Time Off -->
        <record id="holiday_status_eto" model="hr.leave.type">
            <field name="name">Extra Time Off</field>
            <field name="employee_requests">no</field>
            <field name="requires_allocation">yes</field>
            <field name="leave_validation_type">no_validation</field>
            <field name="allocation_validation_type">officer</field>
            <field name="request_unit">half_day</field>
            <field name="color_name">violet</field>
            <field name="leave_notif_subtype_id" ref="hr_holidays.mt_leave"/>
            <field name="responsible_id" ref="base.user_admin"/>
        </record>
    </data>
</odoo>
