<?xml version="1.0" encoding="utf-8"?>
<odoo>
    <record id="l10n_mx_edi_part_01" model="l10n_mx_edi.part">
        <field name="code">PT01</field>
        <field name="name">Camión unitario</field>
    </record>
    <record id="l10n_mx_edi_part_02" model="l10n_mx_edi.part">
        <field name="code">PT02</field>
        <field name="name">Camión</field>
    </record>
    <record id="l10n_mx_edi_part_03" model="l10n_mx_edi.part">
        <field name="code">PT03</field>
        <field name="name">Tractocamión</field>
    </record>
    <record id="l10n_mx_edi_part_04" model="l10n_mx_edi.part">
        <field name="code">PT04</field>
        <field name="name">Remolque</field>
    </record>
    <record id="l10n_mx_edi_part_05" model="l10n_mx_edi.part">
        <field name="code">PT05</field>
        <field name="name">Semirremolque</field>
    </record>
    <record id="l10n_mx_edi_part_06" model="l10n_mx_edi.part">
        <field name="code">PT06</field>
        <field name="name">Vehículo ligero de carga</field>
    </record>
    <record id="l10n_mx_edi_part_07" model="l10n_mx_edi.part">
        <field name="code">PT07</field>
        <field name="name">Grúa</field>
    </record>
    <record id="l10n_mx_edi_part_08" model="l10n_mx_edi.part">
        <field name="code">PT08</field>
        <field name="name">Aeronave</field>
    </record>
    <record id="l10n_mx_edi_part_09" model="l10n_mx_edi.part">
        <field name="code">PT09</field>
        <field name="name">Barco o buque</field>
    </record>
    <record id="l10n_mx_edi_part_10" model="l10n_mx_edi.part">
        <field name="code">PT10</field>
        <field name="name">Carro o vagón</field>
    </record>
    <record id="l10n_mx_edi_part_11" model="l10n_mx_edi.part">
        <field name="code">PT11</field>
        <field name="name">Contenedor</field>
    </record>
    <record id="l10n_mx_edi_part_12" model="l10n_mx_edi.part">
        <field name="code">PT12</field>
        <field name="name">Locomotora</field>
    </record>
</odoo>
