id,name,model_id:id,group_id:id,perm_read,perm_write,perm_create,perm_unlink
access_project_project_helpdesk_user,project.project.helpdesk.user,project.model_project_project,helpdesk.group_helpdesk_user,1,0,0,0
access_project_task_helpdesk_user,project.task.helpdesk.user,project.model_project_task,helpdesk.group_helpdesk_user,1,0,0,0
access_analytic_account_heldpdesk_user,analytic.account.helpdesk.user,analytic.model_account_analytic_account,helpdesk.group_helpdesk_user,1,1,0,0
access_analytic_plan_heldpdesk_user,analytic.plan.helpdesk.user,analytic.model_account_analytic_plan,helpdesk.group_helpdesk_user,1,0,0,0
access_analytic_line_heldpdesk_user,analytic.line.helpdesk.user,analytic.model_account_analytic_line,helpdesk.group_helpdesk_user,1,1,1,1
access_helpdesk_ticket_create_timesheet,access.helpdesk.ticket.create.timesheet,model_helpdesk_ticket_create_timesheet,helpdesk.group_helpdesk_user,1,1,1,0
