<?xml version="1.0" encoding="utf-8"?>
<templates id="template" xml:space="preserve">

    <t t-name="project_account_budget.ProjectRightSidePanel" t-inherit="project.ProjectRightSidePanel" t-inherit-mode="extension" owl="1">
        <xpath expr="//ProjectRightSidePanelSection[@name=&quot;'milestones'&quot;]" position="before">
            <t t-set="showBudget" t-value="!!state.data.budget_items and !!state.data.budget_items.data"/>
            <ProjectRightSidePanelSection
                name="'budgets'"
                show="showBudget"
                showData="showBudget and state.data.budget_items.data.length > 0"
            >
                <t t-set-slot="title">
                    Budgets
                </t>
                <t t-set-slot="header">
                    <div class="o_rightpanel_button btn btn-secondary" t-if="state.data.budget_items.can_add_budget">
                        <a t-on-click="addBudget">Add Budget</a>
                    </div>
                </t>
                <table class="table table-striped table-hover mb-4">
                    <thead>
                        <tr>
                            <th>Budgetary Positions</th>
                            <th class="text-end">Forecast</th>
                            <th class="text-end">Actual</th>
                            <th class="text-end">Difference</th>
                        </tr>
                    </thead>
                    <tbody>
                        <tr t-foreach="state.data.budget_items.data" t-as="budget" t-key="budget.name">
                            <td class="align-middle">
                                <a t-if="budget.action" class="o_rightpanel_button" href="#" t-on-click="() => this.onProjectActionClick(budget.action)">
                                    <t t-call="project_account_budget.BudgetName"/>
                                </a>
                                <t t-else="">
                                    <t t-call="project_account_budget.BudgetName"/>
                                </t>
                            </td>
                            <td class="text-end align-middle" t-att-class="budget.allocated === 0 ? 'text-500' : ''" t-esc="formatMonetary(budget.allocated)"/>
                            <td class="text-end align-middle" t-att-class="budget.spent === 0 ? 'text-500' : ''" t-esc="formatMonetary(budget.spent)"/>
                            <t t-set="budget_remaining" t-value="budget.spent - budget.allocated"/>
                            <td class="text-end align-middle" t-attf-class="text-bold {{budget_remaining &lt; 0 ? 'text-danger' : budget_remaining === 0 ? 'text-500' : 'text-success'}}" t-esc="formatMonetary(budget_remaining)"/>
                        </tr>
                    </tbody>
                    <tfoot>
                        <tr class="fw-bolder">
                            <td>Total</td>
                            <t t-set="budget_total" t-value="state.data.budget_items.total"/>
                            <td class="text-end" t-att-class="budget_total.allocated === 0 ? 'text-500' : ''" t-esc="formatMonetary(budget_total.allocated)"/>
                            <td class="text-end" t-att-class="budget_total.spent === 0 ? 'text-500' : ''" t-esc="formatMonetary(budget_total.spent)" />
                            <t t-set="budget_total_remaining" t-value="budget_total.spent - budget_total.allocated"/>
                            <td class="text-end" t-attf-class="text-bold {{budget_total_remaining &lt; 0 ? 'text-danger' : budget_total_remaining === 0 ? 'text-500' : 'text-success'}}" t-esc="formatMonetary(budget_total_remaining)" />
                        </tr>
                    </tfoot>
                </table>
            </ProjectRightSidePanelSection>
        </xpath>
    </t>

    <t t-name="project_account_budget.BudgetName" owl="1">
        <t t-if="budget.name">
            <t t-esc="budget.name"/>
        </t>
        <t t-else="">
            <i>No Budgetary Position</i>
        </t>
    </t>

</templates>
