<?xml version="1.0" encoding="utf-8"?>
<odoo>
    <record id="hr_salary_rule_category_tax_exemption" model="hr.salary.rule.category">
        <field name="name">Tax Exemption</field>
        <field name="code">EXEMPTION</field>
    </record>

    <record id="hr_salary_rule_category_paye" model="hr.salary.rule.category">
        <field name="name">Paye</field>
        <field name="code">PAYE</field>
    </record>

    <record id="hr_salary_rule_category_relief" model="hr.salary.rule.category">
        <field name="name">Reliefs</field>
        <field name="code">RELIEFS</field>
    </record>
</odoo>
