{
    "version": 12,
    "sheets": [
        {
            "id": "sheet1",
            "name": "Dashboard",
            "colNumber": 9,
            "rowNumber": 70,
            "rows": {
                "6": {
                    "size": 40
                },
                "18": {
                    "size": 40
                },
                "19": {
                    "size": 40
                },
                "31": {
                    "size": 40
                },
                "32": {
                    "size": 40
                },
                "44": {
                    "size": 40
                },
                "45": {
                    "size": 40
                },
                "57": {
                    "size": 40
                },
                "58": {
                    "size": 40
                }
            },
            "cols": {
                "0": {
                    "size": 175
                },
                "1": {
                    "size": 100
                },
                "2": {
                    "size": 100
                },
                "3": {
                    "size": 100
                },
                "4": {
                    "size": 50
                },
                "5": {
                    "size": 175
                },
                "6": {
                    "size": 100
                },
                "7": {
                    "size": 100
                },
                "8": {
                    "size": 100
                }
            },
            "merges": [],
            "cells": {
                "A7": {
                    "style": 1,
                    "content": "[New Applications](odoo://view/{\"viewType\":\"graph\",\"action\":{\"domain\":[],\"context\":{\"group_by\":[\"stage_id\"],\"graph_measure\":\"count\",\"graph_mode\":\"bar\",\"graph_groupbys\":[\"stage_id\"]},\"modelName\":\"hr.recruitment.report\",\"views\":[[false,\"dashboard\"],[false,\"graph\"],[false,\"pivot\"],[false,\"search\"]]},\"threshold\":0,\"name\":\"New Applications\"})",
                    "border": 1
                },
                "A19": {
                    "style": 1,
                    "content": "[Recent Applications](odoo://view/{\"viewType\":\"list\",\"action\":{\"domain\":[],\"context\":{\"group_by\":[]},\"modelName\":\"hr.applicant\",\"views\":[[false,\"list\"],[false,\"kanban\"],[false,\"form\"],[false,\"pivot\"],[false,\"graph\"],[false,\"calendar\"],[false,\"activity\"],[false,\"search\"]]},\"threshold\":0,\"name\":\"Applications\"})",
                    "border": 1
                },
                "A20": {
                    "style": 2,
                    "content": "=_t(\"Name\")",
                    "border": 2
                },
                "A21": {
                    "style": 3,
                    "content": "=ODOO.LIST(1,1,\"partner_name\")"
                },
                "A22": {
                    "style": 4,
                    "content": "=ODOO.LIST(1,2,\"partner_name\")"
                },
                "A23": {
                    "style": 3,
                    "content": "=ODOO.LIST(1,3,\"partner_name\")"
                },
                "A24": {
                    "style": 4,
                    "content": "=ODOO.LIST(1,4,\"partner_name\")"
                },
                "A25": {
                    "style": 3,
                    "content": "=ODOO.LIST(1,5,\"partner_name\")"
                },
                "A26": {
                    "style": 4,
                    "content": "=ODOO.LIST(1,6,\"partner_name\")"
                },
                "A27": {
                    "style": 3,
                    "content": "=ODOO.LIST(1,7,\"partner_name\")"
                },
                "A28": {
                    "style": 4,
                    "content": "=ODOO.LIST(1,8,\"partner_name\")"
                },
                "A29": {
                    "style": 3,
                    "content": "=ODOO.LIST(1,9,\"partner_name\")"
                },
                "A30": {
                    "style": 4,
                    "content": "=ODOO.LIST(1,10,\"partner_name\")"
                },
                "A32": {
                    "style": 1,
                    "content": "[Top Job Positions](odoo://view/{\"viewType\":\"pivot\",\"action\":{\"domain\":[[\"job_id\",\"!=\",false]],\"context\":{\"group_by\":[\"job_id\"],\"pivot_measures\":[\"__count\",\"hired\"],\"pivot_column_groupby\":[],\"pivot_row_groupby\":[\"job_id\"]},\"modelName\":\"hr.recruitment.report\",\"views\":[[false,\"dashboard\"],[false,\"graph\"],[false,\"pivot\"],[false,\"search\"]]},\"threshold\":0,\"name\":\"Recruitment Analysis\"})",
                    "border": 1
                },
                "A33": {
                    "style": 2,
                    "content": "=_t(\"Job Position\")",
                    "border": 2
                },
                "A34": {
                    "style": 5,
                    "content": "=ODOO.PIVOT.HEADER(5,\"#job_id\",1)"
                },
                "A35": {
                    "style": 6,
                    "content": "=ODOO.PIVOT.HEADER(5,\"#job_id\",2)"
                },
                "A36": {
                    "style": 5,
                    "content": "=ODOO.PIVOT.HEADER(5,\"#job_id\",3)"
                },
                "A37": {
                    "style": 6,
                    "content": "=ODOO.PIVOT.HEADER(5,\"#job_id\",4)"
                },
                "A38": {
                    "style": 5,
                    "content": "=ODOO.PIVOT.HEADER(5,\"#job_id\",5)"
                },
                "A39": {
                    "style": 6,
                    "content": "=ODOO.PIVOT.HEADER(5,\"#job_id\",6)"
                },
                "A40": {
                    "style": 5,
                    "content": "=ODOO.PIVOT.HEADER(5,\"#job_id\",7)"
                },
                "A41": {
                    "style": 6,
                    "content": "=ODOO.PIVOT.HEADER(5,\"#job_id\",8)"
                },
                "A42": {
                    "style": 5,
                    "content": "=ODOO.PIVOT.HEADER(5,\"#job_id\",9)"
                },
                "A43": {
                    "style": 6,
                    "content": "=ODOO.PIVOT.HEADER(5,\"#job_id\",10)"
                },
                "A45": {
                    "style": 1,
                    "content": "[Top Mediums](odoo://view/{\"viewType\":\"pivot\",\"action\":{\"domain\":[[\"medium_id\",\"!=\",false]],\"context\":{\"group_by\":[\"medium_id\"],\"pivot_measures\":[\"__count\",\"hired\"],\"pivot_column_groupby\":[],\"pivot_row_groupby\":[\"medium_id\"]},\"modelName\":\"hr.recruitment.report\",\"views\":[[false,\"dashboard\"],[false,\"graph\"],[false,\"pivot\"],[false,\"search\"]]},\"threshold\":0,\"name\":\"Recruitment Analysis\"})",
                    "border": 1
                },
                "A46": {
                    "style": 2,
                    "content": "=_t(\"Medium\")",
                    "border": 2
                },
                "A47": {
                    "style": 5,
                    "content": "=ODOO.PIVOT.HEADER(7,\"#medium_id\",1)"
                },
                "A48": {
                    "style": 6,
                    "content": "=ODOO.PIVOT.HEADER(7,\"#medium_id\",2)"
                },
                "A49": {
                    "style": 5,
                    "content": "=ODOO.PIVOT.HEADER(7,\"#medium_id\",3)"
                },
                "A50": {
                    "style": 6,
                    "content": "=ODOO.PIVOT.HEADER(7,\"#medium_id\",4)"
                },
                "A51": {
                    "style": 5,
                    "content": "=ODOO.PIVOT.HEADER(7,\"#medium_id\",5)"
                },
                "A52": {
                    "style": 6,
                    "content": "=ODOO.PIVOT.HEADER(7,\"#medium_id\",6)"
                },
                "A53": {
                    "style": 5,
                    "content": "=ODOO.PIVOT.HEADER(7,\"#medium_id\",7)"
                },
                "A54": {
                    "style": 6,
                    "content": "=ODOO.PIVOT.HEADER(7,\"#medium_id\",8)"
                },
                "A55": {
                    "style": 5,
                    "content": "=ODOO.PIVOT.HEADER(7,\"#medium_id\",9)"
                },
                "A56": {
                    "style": 6,
                    "content": "=ODOO.PIVOT.HEADER(7,\"#medium_id\",10)"
                },
                "A58": {
                    "style": 1,
                    "content": "[Top Companies](odoo://view/{\"viewType\":\"pivot\",\"action\":{\"domain\":[],\"context\":{\"group_by\":[\"company_id\"],\"pivot_measures\":[\"__count\",\"hired\"],\"pivot_column_groupby\":[],\"pivot_row_groupby\":[\"company_id\"]},\"modelName\":\"hr.recruitment.report\",\"views\":[[false,\"dashboard\"],[false,\"graph\"],[false,\"pivot\"],[false,\"search\"]]},\"threshold\":0,\"name\":\"Recruitment Analysis\"})",
                    "border": 1
                },
                "A59": {
                    "style": 2,
                    "content": "=_t(\"Company\")",
                    "border": 2
                },
                "A60": {
                    "style": 5,
                    "content": "=ODOO.PIVOT.HEADER(4,\"#company_id\",1)"
                },
                "A61": {
                    "style": 6,
                    "content": "=ODOO.PIVOT.HEADER(4,\"#company_id\",2)"
                },
                "A62": {
                    "style": 5,
                    "content": "=ODOO.PIVOT.HEADER(4,\"#company_id\",3)"
                },
                "A63": {
                    "style": 6,
                    "content": "=ODOO.PIVOT.HEADER(4,\"#company_id\",4)"
                },
                "A64": {
                    "style": 5,
                    "content": "=ODOO.PIVOT.HEADER(4,\"#company_id\",5)"
                },
                "A65": {
                    "style": 6,
                    "content": "=ODOO.PIVOT.HEADER(4,\"#company_id\",6)"
                },
                "A66": {
                    "style": 5,
                    "content": "=ODOO.PIVOT.HEADER(4,\"#company_id\",7)"
                },
                "A67": {
                    "style": 6,
                    "content": "=ODOO.PIVOT.HEADER(4,\"#company_id\",8)"
                },
                "A68": {
                    "style": 5,
                    "content": "=ODOO.PIVOT.HEADER(4,\"#company_id\",9)"
                },
                "A69": {
                    "style": 6,
                    "content": "=ODOO.PIVOT.HEADER(4,\"#company_id\",10)"
                },
                "B20": {
                    "style": 2,
                    "content": "=_t(\"Position\")",
                    "border": 2
                },
                "B21": {
                    "style": 7,
                    "content": "=ODOO.LIST(1,1,\"job_id\")"
                },
                "B22": {
                    "content": "=ODOO.LIST(1,2,\"job_id\")"
                },
                "B23": {
                    "style": 7,
                    "content": "=ODOO.LIST(1,3,\"job_id\")"
                },
                "B24": {
                    "content": "=ODOO.LIST(1,4,\"job_id\")"
                },
                "B25": {
                    "style": 7,
                    "content": "=ODOO.LIST(1,5,\"job_id\")"
                },
                "B26": {
                    "content": "=ODOO.LIST(1,6,\"job_id\")"
                },
                "B27": {
                    "style": 7,
                    "content": "=ODOO.LIST(1,7,\"job_id\")"
                },
                "B28": {
                    "content": "=ODOO.LIST(1,8,\"job_id\")"
                },
                "B29": {
                    "style": 7,
                    "content": "=ODOO.LIST(1,9,\"job_id\")"
                },
                "B30": {
                    "content": "=ODOO.LIST(1,10,\"job_id\")"
                },
                "B33": {
                    "style": 8,
                    "content": "=_t(\"Applications\")",
                    "border": 2
                },
                "B34": {
                    "style": 7,
                    "content": "=ODOO.PIVOT(5,\"__count\",\"#job_id\",1)"
                },
                "B35": {
                    "content": "=ODOO.PIVOT(5,\"__count\",\"#job_id\",2)"
                },
                "B36": {
                    "style": 7,
                    "content": "=ODOO.PIVOT(5,\"__count\",\"#job_id\",3)"
                },
                "B37": {
                    "content": "=ODOO.PIVOT(5,\"__count\",\"#job_id\",4)"
                },
                "B38": {
                    "style": 7,
                    "content": "=ODOO.PIVOT(5,\"__count\",\"#job_id\",5)"
                },
                "B39": {
                    "content": "=ODOO.PIVOT(5,\"__count\",\"#job_id\",6)"
                },
                "B40": {
                    "style": 7,
                    "content": "=ODOO.PIVOT(5,\"__count\",\"#job_id\",7)"
                },
                "B41": {
                    "content": "=ODOO.PIVOT(5,\"__count\",\"#job_id\",8)"
                },
                "B42": {
                    "style": 7,
                    "content": "=ODOO.PIVOT(5,\"__count\",\"#job_id\",9)"
                },
                "B43": {
                    "content": "=ODOO.PIVOT(5,\"__count\",\"#job_id\",10)"
                },
                "B46": {
                    "style": 8,
                    "content": "=_t(\"Applications\")",
                    "border": 2
                },
                "B47": {
                    "style": 7,
                    "format": 1,
                    "content": "=ODOO.PIVOT(7,\"__count\",\"#medium_id\",1)"
                },
                "B48": {
                    "format": 1,
                    "content": "=ODOO.PIVOT(7,\"__count\",\"#medium_id\",2)"
                },
                "B49": {
                    "style": 7,
                    "format": 1,
                    "content": "=ODOO.PIVOT(7,\"__count\",\"#medium_id\",3)"
                },
                "B50": {
                    "format": 1,
                    "content": "=ODOO.PIVOT(7,\"__count\",\"#medium_id\",4)"
                },
                "B51": {
                    "style": 7,
                    "format": 1,
                    "content": "=ODOO.PIVOT(7,\"__count\",\"#medium_id\",5)"
                },
                "B52": {
                    "format": 1,
                    "content": "=ODOO.PIVOT(7,\"__count\",\"#medium_id\",6)"
                },
                "B53": {
                    "style": 7,
                    "format": 1,
                    "content": "=ODOO.PIVOT(7,\"__count\",\"#medium_id\",7)"
                },
                "B54": {
                    "format": 1,
                    "content": "=ODOO.PIVOT(7,\"__count\",\"#medium_id\",8)"
                },
                "B55": {
                    "style": 7,
                    "format": 1,
                    "content": "=ODOO.PIVOT(7,\"__count\",\"#medium_id\",9)"
                },
                "B56": {
                    "format": 1,
                    "content": "=ODOO.PIVOT(7,\"__count\",\"#medium_id\",10)"
                },
                "B59": {
                    "style": 8,
                    "content": "=_t(\"Applications\")",
                    "border": 2
                },
                "B60": {
                    "style": 7,
                    "format": 1,
                    "content": "=ODOO.PIVOT(4,\"__count\",\"#company_id\",1)"
                },
                "B61": {
                    "format": 1,
                    "content": "=ODOO.PIVOT(4,\"__count\",\"#company_id\",2)"
                },
                "B62": {
                    "style": 7,
                    "format": 1,
                    "content": "=ODOO.PIVOT(4,\"__count\",\"#company_id\",3)"
                },
                "B63": {
                    "format": 1,
                    "content": "=ODOO.PIVOT(4,\"__count\",\"#company_id\",4)"
                },
                "B64": {
                    "style": 7,
                    "format": 1,
                    "content": "=ODOO.PIVOT(4,\"__count\",\"#company_id\",5)"
                },
                "B65": {
                    "format": 1,
                    "content": "=ODOO.PIVOT(4,\"__count\",\"#company_id\",6)"
                },
                "B66": {
                    "style": 7,
                    "format": 1,
                    "content": "=ODOO.PIVOT(4,\"__count\",\"#company_id\",7)"
                },
                "B67": {
                    "format": 1,
                    "content": "=ODOO.PIVOT(4,\"__count\",\"#company_id\",8)"
                },
                "B68": {
                    "style": 7,
                    "format": 1,
                    "content": "=ODOO.PIVOT(4,\"__count\",\"#company_id\",9)"
                },
                "B69": {
                    "format": 1,
                    "content": "=ODOO.PIVOT(4,\"__count\",\"#company_id\",10)"
                },
                "C20": {
                    "style": 2,
                    "border": 2
                },
                "C21": {
                    "style": 7
                },
                "C23": {
                    "style": 7
                },
                "C25": {
                    "style": 7
                },
                "C27": {
                    "style": 7
                },
                "C29": {
                    "style": 7
                },
                "C33": {
                    "style": 8,
                    "content": "=_t(\"Hired\")",
                    "border": 2
                },
                "C34": {
                    "style": 7,
                    "content": "=ODOO.PIVOT(5,\"hired\",\"#job_id\",1)"
                },
                "C35": {
                    "content": "=ODOO.PIVOT(5,\"hired\",\"#job_id\",2)"
                },
                "C36": {
                    "style": 7,
                    "content": "=ODOO.PIVOT(5,\"hired\",\"#job_id\",3)"
                },
                "C37": {
                    "content": "=ODOO.PIVOT(5,\"hired\",\"#job_id\",4)"
                },
                "C38": {
                    "style": 7,
                    "content": "=ODOO.PIVOT(5,\"hired\",\"#job_id\",5)"
                },
                "C39": {
                    "content": "=ODOO.PIVOT(5,\"hired\",\"#job_id\",6)"
                },
                "C40": {
                    "style": 7,
                    "content": "=ODOO.PIVOT(5,\"hired\",\"#job_id\",7)"
                },
                "C41": {
                    "content": "=ODOO.PIVOT(5,\"hired\",\"#job_id\",8)"
                },
                "C42": {
                    "style": 7,
                    "content": "=ODOO.PIVOT(5,\"hired\",\"#job_id\",9)"
                },
                "C43": {
                    "content": "=ODOO.PIVOT(5,\"hired\",\"#job_id\",10)"
                },
                "C46": {
                    "style": 8,
                    "content": "=_t(\"Hired\")",
                    "border": 2
                },
                "C47": {
                    "style": 7,
                    "format": 1,
                    "content": "=ODOO.PIVOT(7,\"hired\",\"#medium_id\",1)"
                },
                "C48": {
                    "format": 1,
                    "content": "=ODOO.PIVOT(7,\"hired\",\"#medium_id\",2)"
                },
                "C49": {
                    "style": 7,
                    "format": 1,
                    "content": "=ODOO.PIVOT(7,\"hired\",\"#medium_id\",3)"
                },
                "C50": {
                    "format": 1,
                    "content": "=ODOO.PIVOT(7,\"hired\",\"#medium_id\",4)"
                },
                "C51": {
                    "style": 7,
                    "format": 1,
                    "content": "=ODOO.PIVOT(7,\"hired\",\"#medium_id\",5)"
                },
                "C52": {
                    "format": 1,
                    "content": "=ODOO.PIVOT(7,\"hired\",\"#medium_id\",6)"
                },
                "C53": {
                    "style": 7,
                    "format": 1,
                    "content": "=ODOO.PIVOT(7,\"hired\",\"#medium_id\",7)"
                },
                "C54": {
                    "format": 1,
                    "content": "=ODOO.PIVOT(7,\"hired\",\"#medium_id\",8)"
                },
                "C55": {
                    "style": 7,
                    "format": 1,
                    "content": "=ODOO.PIVOT(7,\"hired\",\"#medium_id\",9)"
                },
                "C56": {
                    "format": 1,
                    "content": "=ODOO.PIVOT(7,\"hired\",\"#medium_id\",10)"
                },
                "C59": {
                    "style": 8,
                    "content": "=_t(\"Hired\")",
                    "border": 2
                },
                "C60": {
                    "style": 7,
                    "format": 1,
                    "content": "=ODOO.PIVOT(4,\"hired\",\"#company_id\",1)"
                },
                "C61": {
                    "format": 1,
                    "content": "=ODOO.PIVOT(4,\"hired\",\"#company_id\",2)"
                },
                "C62": {
                    "style": 7,
                    "format": 1,
                    "content": "=ODOO.PIVOT(4,\"hired\",\"#company_id\",3)"
                },
                "C63": {
                    "format": 1,
                    "content": "=ODOO.PIVOT(4,\"hired\",\"#company_id\",4)"
                },
                "C64": {
                    "style": 7,
                    "format": 1,
                    "content": "=ODOO.PIVOT(4,\"hired\",\"#company_id\",5)"
                },
                "C65": {
                    "format": 1,
                    "content": "=ODOO.PIVOT(4,\"hired\",\"#company_id\",6)"
                },
                "C66": {
                    "style": 7,
                    "format": 1,
                    "content": "=ODOO.PIVOT(4,\"hired\",\"#company_id\",7)"
                },
                "C67": {
                    "format": 1,
                    "content": "=ODOO.PIVOT(4,\"hired\",\"#company_id\",8)"
                },
                "C68": {
                    "style": 7,
                    "format": 1,
                    "content": "=ODOO.PIVOT(4,\"hired\",\"#company_id\",9)"
                },
                "C69": {
                    "format": 1,
                    "content": "=ODOO.PIVOT(4,\"hired\",\"#company_id\",10)"
                },
                "D20": {
                    "style": 2,
                    "content": "=_t(\"Department\")",
                    "border": 2
                },
                "D21": {
                    "style": 7,
                    "content": "=ODOO.LIST(1,1,\"department_id\")"
                },
                "D22": {
                    "content": "=ODOO.LIST(1,2,\"department_id\")"
                },
                "D23": {
                    "style": 7,
                    "content": "=ODOO.LIST(1,3,\"department_id\")"
                },
                "D24": {
                    "content": "=ODOO.LIST(1,4,\"department_id\")"
                },
                "D25": {
                    "style": 7,
                    "content": "=ODOO.LIST(1,5,\"department_id\")"
                },
                "D26": {
                    "content": "=ODOO.LIST(1,6,\"department_id\")"
                },
                "D27": {
                    "style": 7,
                    "content": "=ODOO.LIST(1,7,\"department_id\")"
                },
                "D28": {
                    "content": "=ODOO.LIST(1,8,\"department_id\")"
                },
                "D29": {
                    "style": 7,
                    "content": "=ODOO.LIST(1,9,\"department_id\")"
                },
                "D30": {
                    "content": "=ODOO.LIST(1,10,\"department_id\")"
                },
                "D33": {
                    "style": 8,
                    "content": "=_t(\"Rate\")",
                    "border": 2
                },
                "D34": {
                    "style": 7,
                    "format": 2,
                    "content": "=IFERROR(C34/B34)"
                },
                "D35": {
                    "format": 2,
                    "content": "=IFERROR(C35/B35)"
                },
                "D36": {
                    "style": 7,
                    "format": 2,
                    "content": "=IFERROR(C36/B36)"
                },
                "D37": {
                    "format": 2,
                    "content": "=IFERROR(C37/B37)"
                },
                "D38": {
                    "style": 7,
                    "format": 2,
                    "content": "=IFERROR(C38/B38)"
                },
                "D39": {
                    "format": 2,
                    "content": "=IFERROR(C39/B39)"
                },
                "D40": {
                    "style": 7,
                    "format": 2,
                    "content": "=IFERROR(C40/B40)"
                },
                "D41": {
                    "format": 2,
                    "content": "=IFERROR(C41/B41)"
                },
                "D42": {
                    "style": 7,
                    "format": 2,
                    "content": "=IFERROR(C42/B42)"
                },
                "D43": {
                    "format": 2,
                    "content": "=IFERROR(C43/B43)"
                },
                "D46": {
                    "style": 8,
                    "content": "=_t(\"Rate\")",
                    "border": 2
                },
                "D47": {
                    "style": 7,
                    "format": 2,
                    "content": "=IFERROR(C47/B47)"
                },
                "D48": {
                    "format": 2,
                    "content": "=IFERROR(C48/B48)"
                },
                "D49": {
                    "style": 7,
                    "format": 2,
                    "content": "=IFERROR(C49/B49)"
                },
                "D50": {
                    "format": 2,
                    "content": "=IFERROR(C50/B50)"
                },
                "D51": {
                    "style": 7,
                    "format": 2,
                    "content": "=IFERROR(C51/B51)"
                },
                "D52": {
                    "format": 2,
                    "content": "=IFERROR(C52/B52)"
                },
                "D53": {
                    "style": 7,
                    "format": 2,
                    "content": "=IFERROR(C53/B53)"
                },
                "D54": {
                    "format": 2,
                    "content": "=IFERROR(C54/B54)"
                },
                "D55": {
                    "style": 7,
                    "format": 2,
                    "content": "=IFERROR(C55/B55)"
                },
                "D56": {
                    "format": 2,
                    "content": "=IFERROR(C56/B56)"
                },
                "D59": {
                    "style": 8,
                    "content": "=_t(\"Rate\")",
                    "border": 2
                },
                "D60": {
                    "style": 7,
                    "format": 2,
                    "content": "=IFERROR(C60/B60)"
                },
                "D61": {
                    "format": 2,
                    "content": "=IFERROR(C61/B61)"
                },
                "D62": {
                    "style": 7,
                    "format": 2,
                    "content": "=IFERROR(C62/B62)"
                },
                "D63": {
                    "format": 2,
                    "content": "=IFERROR(C63/B63)"
                },
                "D64": {
                    "style": 7,
                    "format": 2,
                    "content": "=IFERROR(C64/B64)"
                },
                "D65": {
                    "format": 2,
                    "content": "=IFERROR(C65/B65)"
                },
                "D66": {
                    "style": 7,
                    "format": 2,
                    "content": "=IFERROR(C66/B66)"
                },
                "D67": {
                    "format": 2,
                    "content": "=IFERROR(C67/B67)"
                },
                "D68": {
                    "style": 7,
                    "format": 2,
                    "content": "=IFERROR(C68/B68)"
                },
                "D69": {
                    "format": 2,
                    "content": "=IFERROR(C69/B69)"
                },
                "E20": {
                    "style": 2,
                    "border": 2
                },
                "E21": {
                    "style": 7
                },
                "E23": {
                    "style": 7
                },
                "E25": {
                    "style": 7
                },
                "E27": {
                    "style": 7
                },
                "E29": {
                    "style": 7
                },
                "F7": {
                    "style": 1,
                    "content": "[Most Hired Job Positions](odoo://view/{\"viewType\":\"graph\",\"action\":{\"domain\":[],\"context\":{\"group_by\":[\"job_id\"],\"graph_measure\":\"count\",\"graph_mode\":\"bar\",\"graph_groupbys\":[\"job_id\"]},\"modelName\":\"hr.recruitment.report\",\"views\":[[false,\"dashboard\"],[false,\"graph\"],[false,\"pivot\"],[false,\"search\"]]},\"threshold\":0,\"name\":\"Recruitment Analysis\"})",
                    "border": 1
                },
                "F20": {
                    "style": 2,
                    "content": "=_t(\"Recruiter\")",
                    "border": 2
                },
                "F21": {
                    "style": 7,
                    "content": "=ODOO.LIST(1,1,\"user_id\")"
                },
                "F22": {
                    "content": "=ODOO.LIST(1,2,\"user_id\")"
                },
                "F23": {
                    "style": 7,
                    "content": "=ODOO.LIST(1,3,\"user_id\")"
                },
                "F24": {
                    "content": "=ODOO.LIST(1,4,\"user_id\")"
                },
                "F25": {
                    "style": 7,
                    "content": "=ODOO.LIST(1,5,\"user_id\")"
                },
                "F26": {
                    "content": "=ODOO.LIST(1,6,\"user_id\")"
                },
                "F27": {
                    "style": 7,
                    "content": "=ODOO.LIST(1,7,\"user_id\")"
                },
                "F28": {
                    "content": "=ODOO.LIST(1,8,\"user_id\")"
                },
                "F29": {
                    "style": 7,
                    "content": "=ODOO.LIST(1,9,\"user_id\")"
                },
                "F30": {
                    "content": "=ODOO.LIST(1,10,\"user_id\")"
                },
                "F32": {
                    "style": 1,
                    "content": "[Top Recruiters](odoo://view/{\"viewType\":\"pivot\",\"action\":{\"domain\":[[\"user_id\",\"!=\",false]],\"context\":{\"group_by\":[\"user_id\"],\"pivot_measures\":[\"__count\",\"hired\"],\"pivot_column_groupby\":[],\"pivot_row_groupby\":[\"user_id\"]},\"modelName\":\"hr.recruitment.report\",\"views\":[[false,\"dashboard\"],[false,\"graph\"],[false,\"pivot\"],[false,\"search\"]]},\"threshold\":0,\"name\":\"Recruitment Analysis\"})",
                    "border": 1
                },
                "F33": {
                    "style": 2,
                    "content": "=_t(\"Recruiter\")",
                    "border": 2
                },
                "F34": {
                    "style": 5,
                    "content": "=ODOO.PIVOT.HEADER(6,\"#user_id\",1)"
                },
                "F35": {
                    "style": 6,
                    "content": "=ODOO.PIVOT.HEADER(6,\"#user_id\",2)"
                },
                "F36": {
                    "style": 5,
                    "content": "=ODOO.PIVOT.HEADER(6,\"#user_id\",3)"
                },
                "F37": {
                    "style": 6,
                    "content": "=ODOO.PIVOT.HEADER(6,\"#user_id\",4)"
                },
                "F38": {
                    "style": 5,
                    "content": "=ODOO.PIVOT.HEADER(6,\"#user_id\",5)"
                },
                "F39": {
                    "style": 6,
                    "content": "=ODOO.PIVOT.HEADER(6,\"#user_id\",6)"
                },
                "F40": {
                    "style": 5,
                    "content": "=ODOO.PIVOT.HEADER(6,\"#user_id\",7)"
                },
                "F41": {
                    "style": 6,
                    "content": "=ODOO.PIVOT.HEADER(6,\"#user_id\",8)"
                },
                "F42": {
                    "style": 5,
                    "content": "=ODOO.PIVOT.HEADER(6,\"#user_id\",9)"
                },
                "F43": {
                    "style": 6,
                    "content": "=ODOO.PIVOT.HEADER(6,\"#user_id\",10)"
                },
                "F45": {
                    "style": 1,
                    "content": "[Top Sources](odoo://view/{\"viewType\":\"pivot\",\"action\":{\"domain\":[[\"source_id\",\"!=\",false]],\"context\":{\"group_by\":[\"source_id\"],\"pivot_measures\":[\"__count\",\"hired\"],\"pivot_column_groupby\":[],\"pivot_row_groupby\":[\"source_id\"]},\"modelName\":\"hr.recruitment.report\",\"views\":[[false,\"dashboard\"],[false,\"graph\"],[false,\"pivot\"],[false,\"search\"]]},\"threshold\":0,\"name\":\"Recruitment Analysis\"})",
                    "border": 1
                },
                "F46": {
                    "style": 2,
                    "content": "=_t(\"Source\")",
                    "border": 2
                },
                "F47": {
                    "style": 5,
                    "content": "=ODOO.PIVOT.HEADER(8,\"#source_id\",1)"
                },
                "F48": {
                    "style": 6,
                    "content": "=ODOO.PIVOT.HEADER(8,\"#source_id\",2)"
                },
                "F49": {
                    "style": 5,
                    "content": "=ODOO.PIVOT.HEADER(8,\"#source_id\",3)"
                },
                "F50": {
                    "style": 6,
                    "content": "=ODOO.PIVOT.HEADER(8,\"#source_id\",4)"
                },
                "F51": {
                    "style": 5,
                    "content": "=ODOO.PIVOT.HEADER(8,\"#source_id\",5)"
                },
                "F52": {
                    "style": 6,
                    "content": "=ODOO.PIVOT.HEADER(8,\"#source_id\",6)"
                },
                "F53": {
                    "style": 5,
                    "content": "=ODOO.PIVOT.HEADER(8,\"#source_id\",7)"
                },
                "F54": {
                    "style": 6,
                    "content": "=ODOO.PIVOT.HEADER(8,\"#source_id\",8)"
                },
                "F55": {
                    "style": 5,
                    "content": "=ODOO.PIVOT.HEADER(8,\"#source_id\",9)"
                },
                "F56": {
                    "style": 6,
                    "content": "=ODOO.PIVOT.HEADER(8,\"#source_id\",10)"
                },
                "G20": {
                    "style": 2,
                    "content": "=_t(\"Stage\")",
                    "border": 2
                },
                "G21": {
                    "style": 7,
                    "content": "=ODOO.LIST(1,1,\"stage_id\")"
                },
                "G22": {
                    "content": "=ODOO.LIST(1,2,\"stage_id\")"
                },
                "G23": {
                    "style": 7,
                    "content": "=ODOO.LIST(1,3,\"stage_id\")"
                },
                "G24": {
                    "content": "=ODOO.LIST(1,4,\"stage_id\")"
                },
                "G25": {
                    "style": 7,
                    "content": "=ODOO.LIST(1,5,\"stage_id\")"
                },
                "G26": {
                    "content": "=ODOO.LIST(1,6,\"stage_id\")"
                },
                "G27": {
                    "style": 7,
                    "content": "=ODOO.LIST(1,7,\"stage_id\")"
                },
                "G28": {
                    "content": "=ODOO.LIST(1,8,\"stage_id\")"
                },
                "G29": {
                    "style": 7,
                    "content": "=ODOO.LIST(1,9,\"stage_id\")"
                },
                "G30": {
                    "content": "=ODOO.LIST(1,10,\"stage_id\")"
                },
                "G33": {
                    "style": 8,
                    "content": "=_t(\"Applications\")",
                    "border": 2
                },
                "G34": {
                    "style": 7,
                    "format": 1,
                    "content": "=ODOO.PIVOT(6,\"__count\",\"#user_id\",1)"
                },
                "G35": {
                    "format": 1,
                    "content": "=ODOO.PIVOT(6,\"__count\",\"#user_id\",2)"
                },
                "G36": {
                    "style": 7,
                    "format": 1,
                    "content": "=ODOO.PIVOT(6,\"__count\",\"#user_id\",3)"
                },
                "G37": {
                    "format": 1,
                    "content": "=ODOO.PIVOT(6,\"__count\",\"#user_id\",4)"
                },
                "G38": {
                    "style": 7,
                    "format": 1,
                    "content": "=ODOO.PIVOT(6,\"__count\",\"#user_id\",5)"
                },
                "G39": {
                    "format": 1,
                    "content": "=ODOO.PIVOT(6,\"__count\",\"#user_id\",6)"
                },
                "G40": {
                    "style": 7,
                    "format": 1,
                    "content": "=ODOO.PIVOT(6,\"__count\",\"#user_id\",7)"
                },
                "G41": {
                    "format": 1,
                    "content": "=ODOO.PIVOT(6,\"__count\",\"#user_id\",8)"
                },
                "G42": {
                    "style": 7,
                    "format": 1,
                    "content": "=ODOO.PIVOT(6,\"__count\",\"#user_id\",9)"
                },
                "G43": {
                    "format": 1,
                    "content": "=ODOO.PIVOT(6,\"__count\",\"#user_id\",10)"
                },
                "G46": {
                    "style": 8,
                    "content": "=_t(\"Applications\")",
                    "border": 2
                },
                "G47": {
                    "style": 7,
                    "format": 1,
                    "content": "=ODOO.PIVOT(8,\"__count\",\"#source_id\",1)"
                },
                "G48": {
                    "format": 1,
                    "content": "=ODOO.PIVOT(8,\"__count\",\"#source_id\",2)"
                },
                "G49": {
                    "style": 7,
                    "format": 1,
                    "content": "=ODOO.PIVOT(8,\"__count\",\"#source_id\",3)"
                },
                "G50": {
                    "format": 1,
                    "content": "=ODOO.PIVOT(8,\"__count\",\"#source_id\",4)"
                },
                "G51": {
                    "style": 7,
                    "format": 1,
                    "content": "=ODOO.PIVOT(8,\"__count\",\"#source_id\",5)"
                },
                "G52": {
                    "format": 1,
                    "content": "=ODOO.PIVOT(8,\"__count\",\"#source_id\",6)"
                },
                "G53": {
                    "style": 7,
                    "format": 1,
                    "content": "=ODOO.PIVOT(8,\"__count\",\"#source_id\",7)"
                },
                "G54": {
                    "format": 1,
                    "content": "=ODOO.PIVOT(8,\"__count\",\"#source_id\",8)"
                },
                "G55": {
                    "style": 7,
                    "format": 1,
                    "content": "=ODOO.PIVOT(8,\"__count\",\"#source_id\",9)"
                },
                "G56": {
                    "format": 1,
                    "content": "=ODOO.PIVOT(8,\"__count\",\"#source_id\",10)"
                },
                "H20": {
                    "style": 2,
                    "border": 2
                },
                "H21": {
                    "style": 7
                },
                "H23": {
                    "style": 7
                },
                "H25": {
                    "style": 7
                },
                "H27": {
                    "style": 7
                },
                "H29": {
                    "style": 7
                },
                "H33": {
                    "style": 8,
                    "content": "=_t(\"Hired\")",
                    "border": 2
                },
                "H34": {
                    "style": 7,
                    "format": 1,
                    "content": "=ODOO.PIVOT(6,\"hired\",\"#user_id\",1)"
                },
                "H35": {
                    "format": 1,
                    "content": "=ODOO.PIVOT(6,\"hired\",\"#user_id\",2)"
                },
                "H36": {
                    "style": 7,
                    "format": 1,
                    "content": "=ODOO.PIVOT(6,\"hired\",\"#user_id\",3)"
                },
                "H37": {
                    "format": 1,
                    "content": "=ODOO.PIVOT(6,\"hired\",\"#user_id\",4)"
                },
                "H38": {
                    "style": 7,
                    "format": 1,
                    "content": "=ODOO.PIVOT(6,\"hired\",\"#user_id\",5)"
                },
                "H39": {
                    "format": 1,
                    "content": "=ODOO.PIVOT(6,\"hired\",\"#user_id\",6)"
                },
                "H40": {
                    "style": 7,
                    "format": 1,
                    "content": "=ODOO.PIVOT(6,\"hired\",\"#user_id\",7)"
                },
                "H41": {
                    "format": 1,
                    "content": "=ODOO.PIVOT(6,\"hired\",\"#user_id\",8)"
                },
                "H42": {
                    "style": 7,
                    "format": 1,
                    "content": "=ODOO.PIVOT(6,\"hired\",\"#user_id\",9)"
                },
                "H43": {
                    "format": 1,
                    "content": "=ODOO.PIVOT(6,\"hired\",\"#user_id\",10)"
                },
                "H46": {
                    "style": 8,
                    "content": "=_t(\"Hired\")",
                    "border": 2
                },
                "H47": {
                    "style": 7,
                    "format": 1,
                    "content": "=ODOO.PIVOT(8,\"hired\",\"#source_id\",1)"
                },
                "H48": {
                    "format": 1,
                    "content": "=ODOO.PIVOT(8,\"hired\",\"#source_id\",2)"
                },
                "H49": {
                    "style": 7,
                    "format": 1,
                    "content": "=ODOO.PIVOT(8,\"hired\",\"#source_id\",3)"
                },
                "H50": {
                    "format": 1,
                    "content": "=ODOO.PIVOT(8,\"hired\",\"#source_id\",4)"
                },
                "H51": {
                    "style": 7,
                    "format": 1,
                    "content": "=ODOO.PIVOT(8,\"hired\",\"#source_id\",5)"
                },
                "H52": {
                    "format": 1,
                    "content": "=ODOO.PIVOT(8,\"hired\",\"#source_id\",6)"
                },
                "H53": {
                    "style": 7,
                    "format": 1,
                    "content": "=ODOO.PIVOT(8,\"hired\",\"#source_id\",7)"
                },
                "H54": {
                    "format": 1,
                    "content": "=ODOO.PIVOT(8,\"hired\",\"#source_id\",8)"
                },
                "H55": {
                    "style": 7,
                    "format": 1,
                    "content": "=ODOO.PIVOT(8,\"hired\",\"#source_id\",9)"
                },
                "H56": {
                    "format": 1,
                    "content": "=ODOO.PIVOT(8,\"hired\",\"#source_id\",10)"
                },
                "I20": {
                    "style": 2,
                    "content": "=_t(\"Date\")",
                    "border": 2
                },
                "I21": {
                    "style": 9,
                    "format": 3,
                    "content": "=ODOO.LIST(1,1,\"create_date\")"
                },
                "I22": {
                    "style": 10,
                    "format": 3,
                    "content": "=ODOO.LIST(1,2,\"create_date\")"
                },
                "I23": {
                    "style": 9,
                    "format": 3,
                    "content": "=ODOO.LIST(1,3,\"create_date\")"
                },
                "I24": {
                    "style": 10,
                    "format": 3,
                    "content": "=ODOO.LIST(1,4,\"create_date\")"
                },
                "I25": {
                    "style": 9,
                    "format": 3,
                    "content": "=ODOO.LIST(1,5,\"create_date\")"
                },
                "I26": {
                    "style": 10,
                    "format": 3,
                    "content": "=ODOO.LIST(1,6,\"create_date\")"
                },
                "I27": {
                    "style": 9,
                    "format": 3,
                    "content": "=ODOO.LIST(1,7,\"create_date\")"
                },
                "I28": {
                    "style": 10,
                    "format": 3,
                    "content": "=ODOO.LIST(1,8,\"create_date\")"
                },
                "I29": {
                    "style": 9,
                    "format": 3,
                    "content": "=ODOO.LIST(1,9,\"create_date\")"
                },
                "I30": {
                    "style": 10,
                    "format": 3,
                    "content": "=ODOO.LIST(1,10,\"create_date\")"
                },
                "I33": {
                    "style": 8,
                    "content": "=_t(\"Rate\")",
                    "border": 2
                },
                "I34": {
                    "style": 7,
                    "format": 2,
                    "content": "=IFERROR(H34/G34)"
                },
                "I35": {
                    "format": 2,
                    "content": "=IFERROR(H35/G35)"
                },
                "I36": {
                    "style": 7,
                    "format": 2,
                    "content": "=IFERROR(H36/G36)"
                },
                "I37": {
                    "format": 2,
                    "content": "=IFERROR(H37/G37)"
                },
                "I38": {
                    "style": 7,
                    "format": 2,
                    "content": "=IFERROR(H38/G38)"
                },
                "I39": {
                    "format": 2,
                    "content": "=IFERROR(H39/G39)"
                },
                "I40": {
                    "style": 7,
                    "format": 2,
                    "content": "=IFERROR(H40/G40)"
                },
                "I41": {
                    "format": 2,
                    "content": "=IFERROR(H41/G41)"
                },
                "I42": {
                    "style": 7,
                    "format": 2,
                    "content": "=IFERROR(H42/G42)"
                },
                "I43": {
                    "format": 2,
                    "content": "=IFERROR(H43/G43)"
                },
                "I46": {
                    "style": 8,
                    "content": "=_t(\"Rate\")",
                    "border": 2
                },
                "I47": {
                    "style": 7,
                    "format": 2,
                    "content": "=IFERROR(H47/G47)"
                },
                "I48": {
                    "format": 2,
                    "content": "=IFERROR(H48/G48)"
                },
                "I49": {
                    "style": 7,
                    "format": 2,
                    "content": "=IFERROR(H49/G49)"
                },
                "I50": {
                    "format": 2,
                    "content": "=IFERROR(H50/G50)"
                },
                "I51": {
                    "style": 7,
                    "format": 2,
                    "content": "=IFERROR(H51/G51)"
                },
                "I52": {
                    "format": 2,
                    "content": "=IFERROR(H52/G52)"
                },
                "I53": {
                    "style": 7,
                    "format": 2,
                    "content": "=IFERROR(H53/G53)"
                },
                "I54": {
                    "format": 2,
                    "content": "=IFERROR(H54/G54)"
                },
                "I55": {
                    "style": 7,
                    "format": 2,
                    "content": "=IFERROR(H55/G55)"
                },
                "I56": {
                    "format": 2,
                    "content": "=IFERROR(H56/G56)"
                },
                "A8": {
                    "border": 2
                },
                "B7": {
                    "border": 1
                },
                "B8": {
                    "border": 2
                },
                "B19": {
                    "border": 1
                },
                "B32": {
                    "border": 1
                },
                "B45": {
                    "border": 1
                },
                "B58": {
                    "border": 1
                },
                "C7": {
                    "border": 1
                },
                "C8": {
                    "border": 2
                },
                "C19": {
                    "border": 1
                },
                "C32": {
                    "border": 1
                },
                "C45": {
                    "border": 1
                },
                "C58": {
                    "border": 1
                },
                "D7": {
                    "border": 1
                },
                "D8": {
                    "border": 2
                },
                "D19": {
                    "border": 1
                },
                "D32": {
                    "border": 1
                },
                "D45": {
                    "border": 1
                },
                "D58": {
                    "border": 1
                },
                "E19": {
                    "border": 1
                },
                "F8": {
                    "border": 2
                },
                "F19": {
                    "border": 1
                },
                "G7": {
                    "border": 1
                },
                "G8": {
                    "border": 2
                },
                "G19": {
                    "border": 1
                },
                "G32": {
                    "border": 1
                },
                "G45": {
                    "border": 1
                },
                "H7": {
                    "border": 1
                },
                "H8": {
                    "border": 2
                },
                "H19": {
                    "border": 1
                },
                "H32": {
                    "border": 1
                },
                "H45": {
                    "border": 1
                },
                "I7": {
                    "border": 1
                },
                "I8": {
                    "border": 2
                },
                "I19": {
                    "border": 1
                },
                "I32": {
                    "border": 1
                },
                "I45": {
                    "border": 1
                }
            },
            "conditionalFormats": [],
            "figures": [
                {
                    "id": "ed3c8d72-864c-4aeb-9f4e-cfa9886b961b",
                    "x": 189,
                    "y": 0,
                    "width": 176,
                    "height": 107,
                    "tag": "chart",
                    "data": {
                        "baselineColorDown": "#DC6965",
                        "baselineColorUp": "#00A04A",
                        "baselineMode": "difference",
                        "title": "New Hires",
                        "type": "scorecard",
                        "background": "",
                        "keyValue": "Data!B3"
                    }
                },
                {
                    "id": "4915c374-aebc-481a-bfa7-39781ffaac44",
                    "x": 0,
                    "y": 178,
                    "width": 475,
                    "height": 230,
                    "tag": "chart",
                    "data": {
                        "title": "",
                        "background": "#FFFFFF",
                        "legendPosition": "none",
                        "metaData": {
                            "groupBy": [
                                "stage_id"
                            ],
                            "measure": "count",
                            "order": null,
                            "resModel": "hr.recruitment.report"
                        },
                        "searchParams": {
                            "comparison": null,
                            "context": {},
                            "domain": [],
                            "groupBy": [
                                "stage_id"
                            ],
                            "orderBy": []
                        },
                        "type": "odoo_bar",
                        "verticalAxisPosition": "left",
                        "stacked": true
                    }
                },
                {
                    "id": "91c732c5-b044-4b07-9dee-f7048033b161",
                    "x": 525,
                    "y": 178,
                    "width": 475,
                    "height": 230,
                    "tag": "chart",
                    "data": {
                        "title": "",
                        "background": "#FFFFFF",
                        "legendPosition": "none",
                        "metaData": {
                            "groupBy": [
                                "job_id"
                            ],
                            "measure": "hired",
                            "order": "DESC",
                            "resModel": "hr.recruitment.report"
                        },
                        "searchParams": {
                            "comparison": null,
                            "context": {},
                            "domain": [],
                            "groupBy": [
                                "job_id"
                            ],
                            "orderBy": []
                        },
                        "type": "odoo_bar",
                        "verticalAxisPosition": "left",
                        "stacked": true
                    }
                },
                {
                    "id": "e0624db2-bdc1-46b2-9fb0-2d50cb39fb54",
                    "x": 0,
                    "y": 0,
                    "width": 176,
                    "height": 107,
                    "tag": "chart",
                    "data": {
                        "baselineColorDown": "#DC6965",
                        "baselineColorUp": "#00A04A",
                        "baselineMode": "difference",
                        "title": "New Applications",
                        "type": "scorecard",
                        "background": "",
                        "keyValue": "Data!B2"
                    }
                },
                {
                    "id": "9821be88-e50b-4837-a0a7-a167e6ec81aa",
                    "x": 575,
                    "y": 0,
                    "width": 176,
                    "height": 107,
                    "tag": "chart",
                    "data": {
                        "baselineColorDown": "#DC6965",
                        "baselineColorUp": "#00A04A",
                        "baselineMode": "difference",
                        "title": "Hired Ratio",
                        "type": "scorecard",
                        "background": "",
                        "keyValue": "Data!B6"
                    }
                },
                {
                    "id": "8f345945-0380-411d-a267-99922f2b897a",
                    "x": 383,
                    "y": 0,
                    "width": 176,
                    "height": 107,
                    "tag": "chart",
                    "data": {
                        "baselineColorDown": "#DC6965",
                        "baselineColorUp": "#00A04A",
                        "baselineMode": "difference",
                        "title": "Referral Rate",
                        "type": "scorecard",
                        "background": "",
                        "keyValue": "Data!B5"
                    }
                },
                {
                    "id": "b8a54130-6779-4cef-9662-003d06e27d80",
                    "x": 766,
                    "y": 0,
                    "width": 176,
                    "height": 107,
                    "tag": "chart",
                    "data": {
                        "baselineColorDown": "#DC6965",
                        "baselineColorUp": "#00A04A",
                        "baselineMode": "difference",
                        "title": "Process Duration",
                        "type": "scorecard",
                        "background": "",
                        "keyValue": "Data!B7"
                    }
                }
            ],
            "areGridLinesVisible": true,
            "isVisible": true
        },
        {
            "id": "e03bb609-aa78-428b-ae47-0001b68b26f0",
            "name": "Data",
            "colNumber": 26,
            "rowNumber": 113,
            "rows": {},
            "cols": {
                "0": {
                    "size": 153.8818359375
                },
                "1": {
                    "size": 103.037109375
                },
                "2": {
                    "size": 100.14208984375
                },
                "3": {
                    "size": 114.86279296875
                },
                "4": {
                    "size": 83.25146484375
                },
                "5": {
                    "size": 107.099609375
                }
            },
            "merges": [],
            "cells": {
                "A1": {
                    "style": 7
                },
                "A2": {
                    "style": 7,
                    "content": "=_t(\"New applicants\")"
                },
                "A3": {
                    "style": 7,
                    "content": "=_t(\"Hired\")"
                },
                "A4": {
                    "style": 7,
                    "content": "=_t(\"Hired by referral\")"
                },
                "A5": {
                    "style": 7,
                    "content": "=_t(\"Referral rate\")"
                },
                "A6": {
                    "style": 7,
                    "content": "=_t(\"Hired ratio\")"
                },
                "A7": {
                    "style": 7,
                    "content": "=_t(\"Process duration\")"
                },
                "B1": {
                    "style": 11,
                    "content": "=_t(\"Current\")"
                },
                "B2": {
                    "style": 7,
                    "content": "=ODOO.PIVOT(1,\"count\")"
                },
                "B3": {
                    "style": 7,
                    "content": "=ODOO.PIVOT(1,\"hired\")"
                },
                "B4": {
                    "style": 7,
                    "content": "=ODOO.PIVOT(1,\"referral_hired\")"
                },
                "B5": {
                    "style": 7,
                    "format": 2,
                    "content": "=IFERROR(B4/B3)"
                },
                "B6": {
                    "style": 7,
                    "content": "=ODOO.PIVOT(1,\"hiring_ratio\")"
                },
                "B7": {
                    "style": 7,
                    "content": "=CONCATENATE(ROUND(ODOO.PIVOT(1,\"process_duration\")),\" days\")"
                },
                "C1": {
                    "style": 11,
                    "content": "=_t(\"Previous\")"
                },
                "C2": {
                    "style": 7,
                    "content": "=ODOO.PIVOT(2,\"count\")"
                },
                "C3": {
                    "style": 7,
                    "content": "=ODOO.PIVOT(2,\"hired\")"
                },
                "C4": {
                    "style": 7,
                    "content": "=ODOO.PIVOT(2,\"referral_hired\")"
                },
                "C5": {
                    "style": 7,
                    "format": 2,
                    "content": "=IFERROR(C4/C3)"
                },
                "C6": {
                    "style": 7,
                    "content": "=ODOO.PIVOT(2,\"hiring_ratio\")"
                },
                "C7": {
                    "style": 7,
                    "content": "=CONCATENATE(ROUND(ODOO.PIVOT(2,\"process_duration\")),\" days\")"
                }
            },
            "conditionalFormats": [],
            "figures": [],
            "areGridLinesVisible": true,
            "isVisible": true
        }
    ],
    "entities": {},
    "styles": {
        "1": {
            "textColor": "#01666b",
            "bold": true,
            "fontSize": 16
        },
        "2": {
            "bold": true
        },
        "3": {
            "fillColor": "#f2f2f2",
            "textColor": "#01666b"
        },
        "4": {
            "textColor": "#01666b"
        },
        "5": {
            "fillColor": "#f2f2f2",
            "textColor": "#741b47"
        },
        "6": {
            "textColor": "#741b47"
        },
        "7": {
            "fillColor": "#f2f2f2"
        },
        "8": {
            "align": "right",
            "bold": true
        },
        "9": {
            "align": "left",
            "fillColor": "#f2f2f2"
        },
        "10": {
            "align": "left"
        },
        "11": {
            "fillColor": "#f2f2f2",
            "bold": true
        }
    },
    "formats": {
        "1": "0",
        "2": "0%",
        "3": "m/d/yyyy"
    },
    "borders": {
        "1": {
            "bottom": [
                "thin",
                "#000"
            ]
        },
        "2": {
            "top": [
                "thin",
                "#000"
            ]
        }
    },
    "revisionId": "START_REVISION",
    "chartOdooMenusReferences": {
        "4915c374-aebc-481a-bfa7-39781ffaac44": "hr_recruitment.menu_hr_recruitment_root",
        "9f196086-2b54-44f8-b80e-9ba2bcfbf1fe": "hr_recruitment.menu_hr_recruitment_root",
        "91c732c5-b044-4b07-9dee-f7048033b161": "hr_recruitment.menu_hr_recruitment_root",
        "e0624db2-bdc1-46b2-9fb0-2d50cb39fb54": "hr_recruitment.menu_crm_case_categ_all_app",
        "ed3c8d72-864c-4aeb-9f4e-cfa9886b961b": "hr_recruitment.hr_applicant_report_menu",
        "8f345945-0380-411d-a267-99922f2b897a": "hr_recruitment.hr_applicant_report_menu",
        "9821be88-e50b-4837-a0a7-a167e6ec81aa": "hr_recruitment.hr_applicant_report_menu",
        "b8a54130-6779-4cef-9662-003d06e27d80": "hr_recruitment.hr_applicant_report_menu"
    },
    "odooVersion": 4,
    "lists": {
        "1": {
            "columns": [
                "partner_name",
                "job_id",
                "name",
                "stage_id",
                "priority",
                "partner_mobile",
                "categ_ids",
                "user_id",
                "create_date"
            ],
            "domain": [],
            "model": "hr.applicant",
            "context": {},
            "orderBy": [
                {
                    "name": "create_date",
                    "asc": false
                }
            ],
            "id": "1",
            "name": "Applications by Creation Date"
        },
        "2": {
            "columns": [
                "partner_name",
                "job_id",
                "name",
                "stage_id",
                "priority",
                "partner_mobile",
                "categ_ids",
                "user_id",
                "create_date"
            ],
            "domain": [],
            "model": "hr.applicant",
            "context": {},
            "orderBy": [
                {
                    "name": "create_date",
                    "asc": true
                }
            ],
            "id": "2",
            "name": "Applications by Creation Date"
        }
    },
    "listNextId": 3,
    "pivots": {
        "1": {
            "colGroupBys": [],
            "context": {},
            "domain": [],
            "id": "1",
            "measures": [
                {
                    "field": "count"
                },
                {
                    "field": "hired"
                },
                {
                    "field": "referral_hired"
                },
                {
                    "field": "hiring_ratio"
                },
                {
                    "field": "process_duration"
                }
            ],
            "model": "hr.recruitment.report",
            "rowGroupBys": [],
            "name": "stats - current",
            "sortedColumn": null
        },
        "2": {
            "colGroupBys": [],
            "context": {},
            "domain": [],
            "id": "2",
            "measures": [
                {
                    "field": "count"
                },
                {
                    "field": "hired"
                },
                {
                    "field": "referral_hired"
                },
                {
                    "field": "hiring_ratio"
                },
                {
                    "field": "process_duration"
                }
            ],
            "model": "hr.recruitment.report",
            "rowGroupBys": [],
            "name": "stats - previous",
            "sortedColumn": null
        },
        "3": {
            "colGroupBys": [],
            "context": {},
            "domain": [],
            "id": "3",
            "measures": [
                {
                    "field": "__count"
                },
                {
                    "field": "hired"
                }
            ],
            "model": "hr.recruitment.report",
            "rowGroupBys": [
                "company_id"
            ],
            "name": "Recruitment Analysis by Company",
            "sortedColumn": null
        },
        "4": {
            "colGroupBys": [],
            "context": {},
            "domain": [],
            "id": "4",
            "measures": [
                {
                    "field": "__count"
                },
                {
                    "field": "hired"
                }
            ],
            "model": "hr.recruitment.report",
            "rowGroupBys": [
                "company_id"
            ],
            "name": "Recruitment Analysis by Company",
            "sortedColumn": {
                "groupId": [
                    [],
                    []
                ],
                "measure": "hired",
                "order": "desc"
            }
        },
        "5": {
            "colGroupBys": [],
            "context": {},
            "domain": [
                [
                    "job_id",
                    "!=",
                    false
                ]
            ],
            "id": "5",
            "measures": [
                {
                    "field": "__count"
                },
                {
                    "field": "hired"
                }
            ],
            "model": "hr.recruitment.report",
            "rowGroupBys": [
                "job_id"
            ],
            "name": "Recruitment Analysis by Job",
            "sortedColumn": {
                "groupId": [
                    [],
                    []
                ],
                "measure": "hired",
                "order": "desc"
            }
        },
        "6": {
            "colGroupBys": [],
            "context": {},
            "domain": [
                [
                    "user_id",
                    "!=",
                    false
                ]
            ],
            "id": "6",
            "measures": [
                {
                    "field": "__count"
                },
                {
                    "field": "hired"
                }
            ],
            "model": "hr.recruitment.report",
            "rowGroupBys": [
                "user_id"
            ],
            "name": "Recruitment Analysis by Recruiter",
            "sortedColumn": {
                "groupId": [
                    [],
                    []
                ],
                "measure": "hired",
                "order": "desc"
            }
        },
        "7": {
            "colGroupBys": [],
            "context": {},
            "domain": [
                [
                    "medium_id",
                    "!=",
                    false
                ]
            ],
            "id": "7",
            "measures": [
                {
                    "field": "__count"
                },
                {
                    "field": "hired"
                }
            ],
            "model": "hr.recruitment.report",
            "rowGroupBys": [
                "medium_id"
            ],
            "name": "Recruitment Analysis by Medium",
            "sortedColumn": {
                "groupId": [
                    [],
                    []
                ],
                "measure": "hired",
                "order": "desc"
            }
        },
        "8": {
            "colGroupBys": [],
            "context": {},
            "domain": [
                [
                    "source_id",
                    "!=",
                    false
                ]
            ],
            "id": "8",
            "measures": [
                {
                    "field": "__count"
                },
                {
                    "field": "hired"
                }
            ],
            "model": "hr.recruitment.report",
            "rowGroupBys": [
                "source_id"
            ],
            "name": "Recruitment Analysis by Source",
            "sortedColumn": {
                "groupId": [
                    [],
                    []
                ],
                "measure": "hired",
                "order": "desc"
            }
        }
    },
    "pivotNextId": 9,
    "globalFilters": [
        {
            "id": "f93b0b68-4ddf-4141-b8e7-9e666c54bc45",
            "type": "date",
            "label": "Period",
            "defaultValue": "last_year",
            "rangeType": "relative",
            "defaultsToCurrentPeriod": false,
            "pivotFields": {
                "1": {
                    "field": "create_date",
                    "type": "date",
                    "offset": 0
                },
                "2": {
                    "field": "create_date",
                    "type": "date",
                    "offset": 0
                },
                "3": {
                    "field": "create_date",
                    "type": "date",
                    "offset": 0
                },
                "4": {
                    "field": "create_date",
                    "type": "date",
                    "offset": 0
                },
                "5": {
                    "field": "create_date",
                    "type": "date",
                    "offset": 0
                },
                "6": {
                    "field": "create_date",
                    "type": "date",
                    "offset": 0
                },
                "7": {
                    "field": "create_date",
                    "type": "date",
                    "offset": 0
                },
                "8": {
                    "field": "create_date",
                    "type": "date",
                    "offset": 0
                }
            },
            "listFields": {
                "1": {
                    "field": "create_date",
                    "type": "datetime",
                    "offset": 0
                },
                "2": {
                    "field": "create_date",
                    "type": "datetime",
                    "offset": 0
                }
            },
            "graphFields": {
                "4915c374-aebc-481a-bfa7-39781ffaac44": {
                    "field": "create_date",
                    "type": "date",
                    "offset": 0
                },
                "91c732c5-b044-4b07-9dee-f7048033b161": {
                    "field": "create_date",
                    "type": "date",
                    "offset": 0
                }
            }
        },
        {
            "id": "2a7d8441-ed48-4fb4-a2cf-87ba86b068b6",
            "type": "relation",
            "label": "Job Position",
            "modelName": "hr.job",
            "defaultValue": [],
            "defaultValueDisplayNames": [],
            "rangeType": "year",
            "defaultsToCurrentPeriod": false,
            "pivotFields": {
                "1": {
                    "field": "job_id",
                    "type": "many2one"
                },
                "2": {
                    "field": "job_id",
                    "type": "many2one"
                },
                "3": {
                    "field": "job_id",
                    "type": "many2one"
                },
                "4": {
                    "field": "job_id",
                    "type": "many2one"
                },
                "5": {
                    "field": "job_id",
                    "type": "many2one"
                },
                "6": {
                    "field": "job_id",
                    "type": "many2one"
                },
                "7": {
                    "field": "job_id",
                    "type": "many2one"
                },
                "8": {
                    "field": "job_id",
                    "type": "many2one"
                }
            },
            "listFields": {
                "1": {
                    "field": "job_id",
                    "type": "many2one"
                },
                "2": {
                    "field": "job_id",
                    "type": "many2one"
                }
            },
            "graphFields": {
                "4915c374-aebc-481a-bfa7-39781ffaac44": {
                    "field": "job_id",
                    "type": "many2one"
                },
                "91c732c5-b044-4b07-9dee-f7048033b161": {
                    "field": "job_id",
                    "type": "many2one"
                }
            }
        },
        {
            "id": "a5279de1-3e92-4dbd-8897-06d34b7ce62a",
            "type": "relation",
            "label": "Recruiter",
            "modelName": "res.users",
            "defaultValue": [],
            "defaultValueDisplayNames": [],
            "rangeType": "year",
            "defaultsToCurrentPeriod": false,
            "pivotFields": {
                "1": {
                    "field": "user_id",
                    "type": "many2one"
                },
                "2": {
                    "field": "user_id",
                    "type": "many2one"
                },
                "3": {
                    "field": "user_id",
                    "type": "many2one"
                },
                "4": {
                    "field": "user_id",
                    "type": "many2one"
                },
                "5": {
                    "field": "user_id",
                    "type": "many2one"
                },
                "6": {
                    "field": "user_id",
                    "type": "many2one"
                },
                "7": {
                    "field": "user_id",
                    "type": "many2one"
                },
                "8": {
                    "field": "user_id",
                    "type": "many2one"
                }
            },
            "listFields": {
                "1": {
                    "field": "user_id",
                    "type": "many2one"
                },
                "2": {
                    "field": "user_id",
                    "type": "many2one"
                }
            },
            "graphFields": {
                "4915c374-aebc-481a-bfa7-39781ffaac44": {
                    "field": "user_id",
                    "type": "many2one"
                },
                "91c732c5-b044-4b07-9dee-f7048033b161": {
                    "field": "user_id",
                    "type": "many2one"
                }
            }
        },
        {
            "id": "f1bc3bcb-c60a-4222-82c5-1dad28754122",
            "type": "relation",
            "label": "Medium",
            "modelName": "utm.medium",
            "defaultValue": [],
            "defaultValueDisplayNames": [],
            "rangeType": "year",
            "defaultsToCurrentPeriod": false,
            "pivotFields": {
                "1": {
                    "field": "medium_id",
                    "type": "many2one"
                },
                "2": {
                    "field": "medium_id",
                    "type": "many2one"
                },
                "3": {
                    "field": "medium_id",
                    "type": "many2one"
                },
                "4": {
                    "field": "medium_id",
                    "type": "many2one"
                },
                "5": {
                    "field": "medium_id",
                    "type": "many2one"
                },
                "6": {
                    "field": "medium_id",
                    "type": "many2one"
                },
                "7": {
                    "field": "medium_id",
                    "type": "many2one"
                },
                "8": {
                    "field": "medium_id",
                    "type": "many2one"
                }
            },
            "listFields": {
                "1": {
                    "field": "medium_id",
                    "type": "many2one"
                },
                "2": {
                    "field": "medium_id",
                    "type": "many2one"
                }
            },
            "graphFields": {
                "4915c374-aebc-481a-bfa7-39781ffaac44": {
                    "field": "medium_id",
                    "type": "many2one"
                },
                "91c732c5-b044-4b07-9dee-f7048033b161": {
                    "field": "medium_id",
                    "type": "many2one"
                }
            }
        },
        {
            "id": "2f535150-c79b-4a1e-8961-b97f083427c3",
            "type": "relation",
            "label": "Source",
            "modelName": "utm.source",
            "defaultValue": [],
            "defaultValueDisplayNames": [],
            "rangeType": "year",
            "defaultsToCurrentPeriod": false,
            "pivotFields": {
                "1": {
                    "field": "source_id",
                    "type": "many2one"
                },
                "2": {
                    "field": "source_id",
                    "type": "many2one"
                },
                "3": {
                    "field": "source_id",
                    "type": "many2one"
                },
                "4": {
                    "field": "source_id",
                    "type": "many2one"
                },
                "5": {
                    "field": "source_id",
                    "type": "many2one"
                },
                "6": {
                    "field": "source_id",
                    "type": "many2one"
                },
                "7": {
                    "field": "source_id",
                    "type": "many2one"
                },
                "8": {
                    "field": "source_id",
                    "type": "many2one"
                }
            },
            "listFields": {
                "1": {
                    "field": "source_id",
                    "type": "many2one"
                },
                "2": {
                    "field": "source_id",
                    "type": "many2one"
                }
            },
            "graphFields": {
                "4915c374-aebc-481a-bfa7-39781ffaac44": {
                    "field": "source_id",
                    "type": "many2one"
                },
                "91c732c5-b044-4b07-9dee-f7048033b161": {
                    "field": "source_id",
                    "type": "many2one"
                }
            }
        },
        {
            "id": "a6015d8c-333c-48ec-926f-6c9bd312a50e",
            "type": "relation",
            "label": "Company",
            "modelName": "res.company",
            "defaultValue": [],
            "defaultValueDisplayNames": [],
            "rangeType": "year",
            "defaultsToCurrentPeriod": false,
            "pivotFields": {
                "1": {
                    "field": "company_id",
                    "type": "many2one"
                },
                "2": {
                    "field": "company_id",
                    "type": "many2one"
                },
                "3": {
                    "field": "company_id",
                    "type": "many2one"
                },
                "4": {
                    "field": "company_id",
                    "type": "many2one"
                },
                "5": {
                    "field": "company_id",
                    "type": "many2one"
                },
                "6": {
                    "field": "company_id",
                    "type": "many2one"
                },
                "7": {
                    "field": "company_id",
                    "type": "many2one"
                },
                "8": {
                    "field": "company_id",
                    "type": "many2one"
                }
            },
            "listFields": {
                "1": {
                    "field": "company_id",
                    "type": "many2one"
                },
                "2": {
                    "field": "company_id",
                    "type": "many2one"
                }
            },
            "graphFields": {
                "4915c374-aebc-481a-bfa7-39781ffaac44": {
                    "field": "company_id",
                    "type": "many2one"
                },
                "91c732c5-b044-4b07-9dee-f7048033b161": {
                    "field": "company_id",
                    "type": "many2one"
                }
            }
        }
    ]
}