<?xml version="1.0" encoding="UTF-8"?>
<templates id="template" xml:space="preserve">

     <t t-name="PartnerLine" t-inherit="point_of_sale.PartnerLine" t-inherit-mode="extension" owl="1">
        <xpath expr="//td[hasclass('partner-line-balance')]" position="inside">
            <div class="partner-due pos-right-align" t-if="props.partner.total_due">
                Total due: <t t-esc="env.pos.format_currency(props.partner.total_due)"/>
            </div>
        </xpath>
    </t>

    <t t-name="PartnerListScreen" t-inherit="point_of_sale.PartnerListScreen" t-inherit-mode="extension" owl="1">
        <xpath expr="//div[hasclass('top-right-buttons')]" position="inside">
            <div t-if="state.detailIsShown and state.editModeProps.partner.total_due" class="button settle-due" t-on-click="settleCustomerDue"> Settle due accounts</div>
        </xpath>
    </t>

    <t t-name="PartnerDetailsEdit" t-inherit="point_of_sale.PartnerDetailsEdit" t-inherit-mode="extension" owl="1">
        <xpath expr="//div[hasclass('partner-details-right')]" position="inside">
            <div class="partner-detail" t-if="props.partner.total_due">
                <span class="label">Credit</span>
                <t t-esc="env.pos.format_currency(props.partner.total_due)"/>
            </div>
        </xpath>
    </t>
 </templates>
