<?xml version="1.0" encoding="utf-8"?>
<odoo>
    <record id="l10n_be_hr_payroll.hr_payroll_structure_cp200_employee_salary" model="hr.payroll.structure">
        <field name="journal_id" ref="hr_payroll_account.hr_payroll_account_journal"/>
    </record>

    <record id="l10n_be_hr_payroll.hr_payroll_structure_cp200_reimbursement" model="hr.payroll.structure">
        <field name="journal_id" ref="hr_payroll_account.hr_payroll_account_journal"/>
    </record>

    <record id="l10n_be_hr_payroll.hr_payroll_structure_cp200_double_holiday" model="hr.payroll.structure">
        <field name="journal_id" ref="hr_payroll_account.hr_payroll_account_journal"/>
    </record>

    <record id="l10n_be_hr_payroll.hr_payroll_structure_cp200_employee_termination_fees" model="hr.payroll.structure">
        <field name="journal_id" ref="hr_payroll_account.hr_payroll_account_journal"/>
    </record>

    <record id="l10n_be_hr_payroll.hr_payroll_structure_cp200_pfi" model="hr.payroll.structure">
        <field name="journal_id" ref="hr_payroll_account.hr_payroll_account_journal"/>
    </record>

    <record id="l10n_be_hr_payroll.hr_payroll_structure_cp200_employee_departure_n_holidays" model="hr.payroll.structure">
        <field name="journal_id" ref="hr_payroll_account.hr_payroll_account_journal"/>
    </record>

    <record id="l10n_be_hr_payroll.hr_payroll_structure_cp200_employee_departure_n1_holidays" model="hr.payroll.structure">
        <field name="journal_id" ref="hr_payroll_account.hr_payroll_account_journal"/>
    </record>

    <record id="l10n_be_hr_payroll.hr_payroll_structure_cp200_thirteen_month" model="hr.payroll.structure">
        <field name="journal_id" ref="hr_payroll_account.hr_payroll_account_journal"/>
    </record>

    <record id="l10n_be_hr_payroll.hr_payroll_structure_cp200_structure_warrant" model="hr.payroll.structure">
        <field name="journal_id" ref="hr_payroll_account.hr_payroll_account_journal"/>
    </record>

    <record id="l10n_be_hr_payroll.hr_payroll_structure_student_regular_pay" model="hr.payroll.structure">
        <field name="journal_id" ref="hr_payroll_account.hr_payroll_account_journal"/>
    </record>
</odoo>
