<?xml version="1.0" encoding="utf-8"?>
<templates>
    <div t-name="spreadsheet_edition.ListingAllSidePanel" class="o-listing-all-side-panel" owl="1">
        <t t-set="listId" t-value="getters.getSelectedListId()"/>
        <t t-if="listId">
            <ListingDetailsSidePanel listId="listId"/>
            <div class="o-sidePanelButtons">
                <button t-on-click="() => this.delete(listId)" class="o-sidePanelButton o_delete_element">Delete</button>
                <button t-on-click="resetListingSelection" class="o-sidePanelButton o_pivot_cancel">Back</button>
            </div>
        </t>
        <t t-else="1">
            <div t-on-click="() => this.selectListing(listId)" t-foreach="getters.getListIds()" t-as="listId" t-key="listId">
                <div class="o_side_panel_select">
                    <span t-esc="getters.getListDisplayName(listId)"/>
                </div>
            </div>
        </t>
    </div>
</templates>
