<?xml version="1.0" encoding="UTF-8"?>
<templates xml:space="preserve">

    <!--
        @param {voip.PhoneCall} widget
        @param {string} widget.date
        @param {integer} widget.id
        @param {string} widget.imageSmall
        @param {boolean} widget.isContact
        @param {boolean} widget.isRecent
        @param {integer} widget.minutes
        @param {string} widget.name
        @param {string} widget.partnerName
        @param {string} widget.seconds
        @param {string} widget.state
    -->
    <div t-att-data-id="widget.id" 
        t-att-data-state="widget.state" 
        t-attf-class="o_dial_phonecall {{ widget.state === 'done' and !widget.isRecent ? 'o_dial_phonecall_done' : '' }} p-3 border-0 border-bottom list-group-item list-group-item-action cursor-pointer opacity-trigger-hover" 
        t-name="voip.PhoneCall">
        <div t-attf-class="o_form_group {{ widget.state === 'done' and !widget.isRecent ? 'o_dial_phonecall_done' : '' }}">
            <div class="o_form_group_row o_phonecall_widget d-flex">
                <div class="o_form_group_cell o_form_group_cell_label" t-if="widget.isContact">
                    <span class="o_dial_phonecall_clip" t-if="widget.imageSmall">
                        <img alt="Avatar" class="o_dial_phonecall_avatar o_image_40_cover rounded-circle" t-attf-src="data:image/jpg;base64,{{ widget.imageSmall }}"/>
                    </span>
                    <span class="o_dial_phonecall_clip" t-else="">
                        <img alt="Avatar" class="o_dial_phonecall_avatar o_image_40_cover rounded-circle" src="/base/static/img/avatar_grey.png"/>
                    </span>
                </div>
                <div class="o_form_group_cell d-flex align-items-center justify-content-between w-100 ps-2">
                    <div class="o_dial_phonecall_partner">
                        <div class="o_dial_phonecall_partner_name" t-if="widget.partnerName">
                            <strong t-out="widget.partnerName"/>
                        </div>
                        <div t-if="widget.partnerName != widget.name and widget.name">
                            <span t-attf-class="{{ !widget.isContact and !widget.isRecent ? 'fst-italic' : '' }}" t-out="widget.name"/>
                        </div>
                        <div class="o_call_date">
                            <small t-if="widget.date" class="text-muted" t-out="widget.date"/>
                            <span t-if="widget.state === 'done'"><small class="text-muted"> • <t t-out="widget.minutes"/>min <t t-out="widget.seconds"/>sec</small></span>
                        </div>
                    </div>
                    <span t-if="!widget.isContact and !widget.isRecent" class="o_dial_status_span position-relative">
                        <i t-if="widget.state === 'pending'" aria-label="Pending" class="o_dial_state_icon o_dial_state_icon_pending fa fa-stack position-absolute w-auto start-0 end-0 opacity-0-hover z-index-0" role="img" title="Pending">
                            <i class="fa fa-phone fa-stack-1x o_dial_state_icon text-muted"/>
                            <i class="fa fa-times fa-stack-1x o_dial_state_icon position-relative text-danger"/>
                        </i>
                        <a href="#" class="btn btn-link position-relative text-danger z-index-1">
                            <i t-if="widget.state === 'done'" aria-label="Remove from the queue" class="o_dial_remove_phonecall fa fa-close" role="img" title="Remove from the queue"/>
                            <i aria-label="Cancel the activity" class="o_dial_remove_phonecall fa fa-close opacity-0 opacity-100-hover" role="img" title="Cancel the activity" t-else=""/>
                        </a>
                    </span>
                </div>
            </div>
        </div>
    </div>

</templates>
