<?xml version="1.0" encoding="utf-8"?>
<templates>
    <t t-name="spreadsheet_edition.FilterFieldOffset" owl="1">
        <div class="o_filter_field_offset d-flex flex-column justify-content-end w-50 ps-3">
            <span class="text-muted">Period offset</span>
            <select class="o_input" t-on-change="props.onOffsetSelected">
                <t t-foreach="fieldsOffsets" t-as="offset" t-key="offset.value">
                    <option
                        t-att-selected="props.selectedOffset === offset.value ? 1 : 0"
                        t-att-value="offset.value">
                        <t t-esc="offset.description"/>
                    </option>
                </t>
            </select>
        </div>
    </t>
</templates>
