id,name,model_id:id,group_id:id,perm_read,perm_write,perm_create,perm_unlink
access_sign_request_group_applicant,sign_request group_applicant,sign.model_sign_request,hr_recruitment.group_hr_recruitment_user,1,0,0,0
access_sign_request_item_group_applicant,sign_request_item group_applicant,sign.model_sign_request_item,hr_recruitment.group_hr_recruitment_user,1,0,0,0
access_sign_template_tag_group_applicant,sign_template_tag group_applicant,sign.model_sign_template_tag,hr_recruitment.group_hr_recruitment_user,1,0,0,0
access_sign_template_group_applicant,sign_template group_applicant,sign.model_sign_template,hr_recruitment.group_hr_recruitment_user,1,0,0,0
access_sign_item_group_applicant,sign_item group_applicant,sign.model_sign_item,hr_recruitment.group_hr_recruitment_user,1,0,0,0
access_hr_recruitment_sign_document_wizard_interviewer,access.hr.recruitment.sign.document.wizard,model_hr_recruitment_sign_document_wizard,hr_recruitment.group_hr_recruitment_interviewer,1,1,1,0
access_hr_recruitment_sign_document_wizard_officer,access.hr.recruitment.sign.document.wizard,model_hr_recruitment_sign_document_wizard,hr_recruitment.group_hr_recruitment_user,1,1,1,0
