<?xml version="1.0" encoding="utf-8"?>
<odoo>
    <record id="mod_347_statistics_real_estates_count" model="account.report.line">
        <field name="name">Número total de inmuebles</field>
        <field name="code">aeat_mod_347_statistics_real_estates_count</field>
        <field name="groupby">l10n_es_real_estate_id</field>
        <field name="sequence" eval="3"/>
        <field name="parent_id" ref="l10n_es_reports.mod_347_summary_title"/>
        <field name="foldable" eval="True"/>
        <field name="expression_ids">
            <record id="mod_347_statistics_real_estates_count_balance" model="account.report.expression">
                <field name="label">balance</field>
                <field name="engine">domain</field>
                <field name="formula" eval="[('move_id.l10n_es_real_estate_id','!=',None), ('account_id.account_type','=','asset_receivable'), ('move_id.move_type','in',['out_invoice','out_refund'])]"/>
                <field name="subformula">count_rows</field>
                <field name="figure_type">none</field>
            </record>
        </field>
    </record>
    <record id="mod_347_real_estates" model="account.report.line">
        <field name="name">Relación de inmuebles</field>
        <field name="code">aeat_mod_347_real_estates</field>
        <field name="report_id" ref="l10n_es_reports.mod_347"/>
        <field name="groupby">l10n_es_real_estate_id</field>
        <field name="sequence" eval="4"/>
        <field name="foldable" eval="True"/>
        <field name="expression_ids">
            <record id="mod_347_real_estates_balance" model="account.report.expression">
                <field name="label">balance</field>
                <field name="engine">domain</field>
                <field name="formula" eval="[('move_id.l10n_es_real_estate_id','!=',None), ('account_id.account_type','=','asset_receivable'), ('move_id.move_type','in',['out_invoice','out_refund'])]"/>
                <field name="subformula">sum</field>
            </record>
        </field>
    </record>
    <record id="l10n_es_reports.mod_347_operations_title" model="account.report.line">
        <field name="name">Relación de declarados</field>
        <field name="code">aeat_mod_347_operations_title</field>
        <field name="report_id" ref="l10n_es_reports.mod_347"/>
        <field name="expression_ids">
            <record id="l10n_es_reports.mod_347_operations_title_balance" model="account.report.expression">
                <field name="label">balance</field>
                <field name="engine">aggregation</field>
                <field name="formula">aeat_mod_347_operations_real_estates_sold.balance + aeat_mod_347_operations_real_estates_bought.balance + aeat_mod_347_operations_insurance_bought.balance + aeat_mod_347_operations_regular_sold.balance + aeat_mod_347_operations_regular_bought.balance</field>
                <field name="date_scope">normal</field>
            </record>
        </field>
    </record>
    <record id="mod_347_operations_real_estates_title" model="account.report.line">
        <field name="name">Arrendamiento Local Negocio</field>
        <field name="code">aeat_mod_347_operations_real_estates_title</field>
        <field name="report_id" ref="l10n_es_reports.mod_347"/>
        <field name="parent_id" ref="l10n_es_reports.mod_347_operations_title"/>
        <field name="sequence" eval="6"/>
        <field name="children_ids">
            <record id="mod_347_operations_real_estates_bought" model="account.report.line">
                <field name="name">A - Adquisiciones de bienes y servicios superiores a 3.005,06 €</field>
                <field name="code">aeat_mod_347_operations_real_estates_bought</field>
                <field name="report_id" ref="l10n_es_reports.mod_347"/>
                <field name="groupby">partner_id</field>
                <field name="sequence" eval="7"/>
                <field name="parent_id" ref="mod_347_operations_real_estates_title"/>
                <field name="foldable" eval="True"/>
                <field name="expression_ids">
                    <record id="mod_347_statistics_operations_real_estates_bought" model="account.report.expression">
                        <field name="label">balance</field>
                        <field name="engine">custom</field>
                        <field name="formula">_report_custom_engine_operations_real_estates_bought</field>
                        <field name="subformula">sum</field>
                    </record>
                </field>
            </record>
            <record id="mod_347_operations_real_estates_sold" model="account.report.line">
                <field name="name">B - Entregas de bienes y prestaciones de servicios superiores a 3.005,06 €</field>
                <field name="code">aeat_mod_347_operations_real_estates_sold</field>
                <field name="report_id" ref="l10n_es_reports.mod_347"/>
                <field name="groupby">partner_id</field>
                <field name="sequence" eval="8"/>
                <field name="parent_id" ref="mod_347_operations_real_estates_title"/>
                <field name="foldable" eval="True"/>
                <field name="expression_ids">
                    <record id="mod_347_statistics_operations_real_estates_sold" model="account.report.expression">
                        <field name="label">balance</field>
                        <field name="engine">custom</field>
                        <field name="formula">_report_custom_engine_operations_real_estates_sold</field>
                        <field name="subformula">sum</field>
                    </record>
                </field>
            </record>
        </field>
    </record>
</odoo>
