<?xml version="1.0" encoding="UTF-8"?>
<templates>
    <!-- /template template -->
    <t t-name="knowledge.TemplateBehavior" owl="1">
        <div class="d-flex">
            <div class="o_knowledge_template_label align-middle">Template</div>
            <div class="o_knowledge_template_toolbar o_knowledge_toolbar ms-auto o_knowledge_clean_for_save">
                <div class="btn-group">
                    <button t-if="targetRecordInfo and targetRecordInfo.withChatter" t-on-click="onClickSendAsMessage" title="Send as Message" class="btn btn-primary btn-link btn-sm border-0">
                        <i class="fa fa-envelope" t-on-dblclick.stop=""/> <span class="o_knowledge_toolbar_button_text">Send as Message</span>
                    </button>
                    <button t-if="targetRecordInfo and targetRecordInfo.withHtmlField" t-on-click="onClickUseAsDescription" title="Use as Description" class="btn btn-primary btn-link btn-sm border-0">
                        <i class="fa fa-pencil-square" t-on-dblclick.stop=""/> <span class="o_knowledge_toolbar_button_text">Use as <t t-out="targetRecordInfo.fieldInfo.string"/></span>
                    </button>
                    <button t-ref="copyToClipboardButton" t-on-click="onClickCopyToClipboard" title="Copy to Clipboard" class="btn btn-primary btn-link btn-sm border-0">
                        <i class="fa fa-clipboard" t-on-dblclick.stop=""/> <span class="o_knowledge_toolbar_button_text">Copy to Clipboard</span>
                    </button>
                </div>
            </div>
        </div>
        <div class="o_knowledge_content" data-prop-name="content" t-ref="templateContent"
            t-att-contenteditable="!props.readonly ? 'true' : 'false'">
            <t t-if="props.content" t-out="props.content"/>
            <p t-else=""><br/></p>
        </div>
    </t>
</templates>
