03|Matamoros|state_mx_coah
04|Monclova|state_mx_coah
05|Parras de la Fuente|state_mx_coah
06|Piedras Negras|state_mx_coah
07|Sabinas|state_mx_coah
08|Saltillo|state_mx_coah
09|Nueva Rosita|state_mx_coah
10|San Pedro|state_mx_coah
11|Torreón|state_mx_coah
12|Castaños|state_mx_coah
13|Francisco I. Madero (Chávez)|state_mx_coah
14|Cuatro Ciénegas de Carranza|state_mx_coah
15|Nadadores|state_mx_coah
16|Ramos Arizpe|state_mx_coah
17|Nava|state_mx_coah
18|Zaragoza|state_mx_coah
19|San Buenaventura|state_mx_coah
20|Ciudad Melchor Múzquiz|state_mx_coah
21|Viesca|state_mx_coah
22|Morelos|state_mx_coah
23|Arteaga|state_mx_coah
24|Allende|state_mx_coah
03|Iguala de la Independencia|state_mx_gro
04|Taxco de Alarcón|state_mx_gro
05|Arcelia|state_mx_gro
06|Ayutla de los Libres|state_mx_gro
07|Atoyac de Álvarez|state_mx_gro
09|San Jerónimo de Juárez|state_mx_gro
10|Ciudad Apaxtla de Castrejón|state_mx_gro
11|Ciudad Altamirano|state_mx_gro
12|Buenavista de Cuellar|state_mx_gro
13|Cutzamala de Pinzón|state_mx_gro
14|Coyuca de Catalán|state_mx_gro
15|Tierra Colorada|state_mx_gro
16|Coyuca de Benítez|state_mx_gro
17|Olinalá|state_mx_gro
18|Marquelia|state_mx_gro
19|Zumpango del Río|state_mx_gro
20|San Luis de la Loma|state_mx_gro
21|Petatlán|state_mx_gro
22|La Unión|state_mx_gro
23|San Luis San Pedro|state_mx_gro
24|Teloloapan|state_mx_gro
25|Técpan de Galeana|state_mx_gro
26|Huitzuco|state_mx_gro
27|Tixtla de Guerrero|state_mx_gro
28|Tepecoacuilco de Trujano|state_mx_gro
29|San Marcos|state_mx_gro
30|Azoyú|state_mx_gro
31|Tlapehuala|state_mx_gro
32|San Luis Acatlán|state_mx_gro
33|Chilapa de Álvarez|state_mx_gro
34|Tlapa de Comonfort|state_mx_gro
35|Tlalixtaquilla|state_mx_gro
36|Cuajinicuilapa|state_mx_gro
37|Huamuxtitlan|state_mx_gro
38|Cruz Grande|state_mx_gro
39|Ocotito|state_mx_gro
40|Copala|state_mx_gro
41|Zihuatanejo|state_mx_gro
03|Pachuca de Soto|state_mx_hgo
04|Cd. de Fray Bernardino de Sahagún|state_mx_hgo
05|Tula de Allende|state_mx_hgo
06|Tulancingo|state_mx_hgo
07|Zimapan|state_mx_hgo
08|Huejutla de Reyes|state_mx_hgo
09|Tlaxcoapan|state_mx_hgo
10|Tizayuca|state_mx_hgo
11|Santiago Tulantepec|state_mx_hgo
12|Ixmiquilpan|state_mx_hgo
13|Tepeji del Rio|state_mx_hgo
14|Cruz Azul|state_mx_hgo
15|Tepeapulco|state_mx_hgo
03|Guadalajara|state_mx_jal
04|Lagos de Moreno|state_mx_jal
05|Ocotlán|state_mx_jal
06|Puerto Vallarta|state_mx_jal
07|San Juan de los Lagos|state_mx_jal
08|Tepatitlán de Morelos|state_mx_jal
09|Tlaquepaque|state_mx_jal
10|Zapopan|state_mx_jal
11|Tlajomulco de Zúñiga|state_mx_jal
12|Tonalá|state_mx_jal
13|Tuxpan|state_mx_jal
14|Tototlán|state_mx_jal
15|San Diego de Alejandría|state_mx_jal
16|La Resolana|state_mx_jal
17|Atotonilco el Alto|state_mx_jal
18|Jalostotitlán|state_mx_jal
19|Poncitlán|state_mx_jal
20|Arandas|state_mx_jal
21|Talpa de Allende|state_mx_jal
22|Etzatlán|state_mx_jal
23|Sayula|state_mx_jal
24|Ahualulco de Mercado|state_mx_jal
25|Autlán de Navarro|state_mx_jal
26|Magdalena|state_mx_jal
27|San Julián|state_mx_jal
28|Cocula|state_mx_jal
29|El Grullo|state_mx_jal
30|San Miguel el Alto|state_mx_jal
31|Tala|state_mx_jal
32|La Barca|state_mx_jal
33|Jamay|state_mx_jal
34|Yahualica de González Gallo|state_mx_jal
35|Colotlán|state_mx_jal
36|Cihuatlán|state_mx_jal
37|Zapotiltic|state_mx_jal
38|Villa Corona|state_mx_jal
39|Teocaltiche|state_mx_jal
41|Tequila|state_mx_jal
42|El Quince (San José el Quince)|state_mx_jal
43|San José el Verde (El Verde)|state_mx_jal
44|Jocotepec|state_mx_jal
45|Tecalitlán|state_mx_jal
46|Chapala|state_mx_jal
47|Ajijic|state_mx_jal
48|San Ignacio Cerro Gordo|state_mx_jal
49|Zacoalco de Torres|state_mx_jal
50|Huejuquilla el Alto|state_mx_jal
51|Villa Hidalgo|state_mx_jal
52|Unión de San Antonio|state_mx_jal
53|Las Pintitas|state_mx_jal
54|Tamazula de Gordiano|state_mx_jal
55|Acatlán de Juárez|state_mx_jal
56|Valle de Guadalupe|state_mx_jal
02|Cuernavaca|state_mx_mor
03|Galeana|state_mx_mor
04|Jojutla|state_mx_mor
05|Puente de Ixtla|state_mx_mor
06|Santa Rosa Treinta|state_mx_mor
07|Zacatepec de Hidalgo|state_mx_mor
08|Tlaquiltenango|state_mx_mor
03|Ciudad General Escobedo|state_mx_nl
04|Guadalupe|state_mx_nl
05|Linares|state_mx_nl
06|Montemorelos|state_mx_nl
07|Monterrey|state_mx_nl
08|Ciudad Sabinas Hidalgo|state_mx_nl
09|San Nicolás de los Garza|state_mx_nl
10|Ciudad Santa Catarina|state_mx_nl
11|Doctor Arroyo|state_mx_nl
12|Ciénega de Flores|state_mx_nl
13|Hualahuises|state_mx_nl
15|Cadereyta Jiménez|state_mx_nl
17|Santiago|state_mx_nl
18|El cercado|state_mx_nl
20|Anáhuac|state_mx_nl
21|García|state_mx_nl
22|Ciudad Benito Juárez|state_mx_nl
03|Salina Cruz|state_mx_oax
04|San Juan Bautista Tuxtepec|state_mx_oax
05|Matías Romero Avendaño|state_mx_oax
06|Heroica Ciudad de Huajuapan de León|state_mx_oax
07|Loma Bonita|state_mx_oax
08|Puerto Escondido|state_mx_oax
09|Río Grande o Piedra Parada|state_mx_oax
11|Santiago Suchilquitongo|state_mx_oax
12|San Felipe Jalapa de Díaz|state_mx_oax
13|Bahias de Huatulco|state_mx_oax
14|Putla Villa de Guerrero|state_mx_oax
15|Cosolapa|state_mx_oax
16|Tlacolula de Matamoros|state_mx_oax
17|San Pablo Villa de Mitla|state_mx_oax
18|Natividad|state_mx_oax
19|Teotitlán de Flores Magón|state_mx_oax
20|Santa María Huatulco|state_mx_oax
21|San Juan Bautista Cuicatlán|state_mx_oax
22|Villa Sola de Vega|state_mx_oax
23|Ocotlán de Morelos|state_mx_oax
24|Villa de Zaachila|state_mx_oax
25|Miahuatlán de Porfirio Díaz|state_mx_oax
26|Unión Hidalgo|state_mx_oax
27|El Camarón|state_mx_oax
28|San Pedro Mixtepec -Dto. 22-|state_mx_oax
29|Santa Cruz Itundujia|state_mx_oax
30|Chahuites|state_mx_oax
31|Heroica Ciudad de Ejutla de Crespo|state_mx_oax
32|San Pedro Tapanatepec|state_mx_oax
33|Vicente Camalote|state_mx_oax
34|Villa de Tamazulápam del Progreso|state_mx_oax
35|San Juan Bautista lo de Soto|state_mx_oax
36|San Juan Cacahuatepec|state_mx_oax
37|San Pedro Totolapa|state_mx_oax
38|San Miguel el Grande|state_mx_oax
39|Zimatlán de Álvarez|state_mx_oax
40|San Pablo Huitzo|state_mx_oax
41|San Francisco Telixtlahuaca|state_mx_oax
42|Mariscala de Juárez|state_mx_oax
43|Santiago Pinotepa Nacional|state_mx_oax
44|Santiago Jamiltepec|state_mx_oax
45|San Pedro Pochutla|state_mx_oax
46|Heroica Ciudad de Tlaxiaco|state_mx_oax
47|San Juan Bautista Valle Nacional|state_mx_oax
48|Lagunas|state_mx_oax
49|Ciudad Ixtepec|state_mx_oax
50|Santiago Juxtlahuaca|state_mx_oax
51|San Sebastián Tecomaxtlahuaca|state_mx_oax
52|Asunción Nochixtlán|state_mx_oax
53|San Francisco Ixhuatán|state_mx_oax
54|San Blas Atempa|state_mx_oax
55|Santo Domingo Tehuantepec|state_mx_oax
56|Cuilápam de Guerrero|state_mx_oax
57|El Rosario|state_mx_oax
58|Santa Lucia del Camino|state_mx_oax
59|San Antonio de la Cal|state_mx_oax
03|Puebla (Heroica Puebla)|state_mx_pue
04|San Martín Texmelucan de Labastida|state_mx_pue
05|Tehuacan|state_mx_pue
06|Teziutlan|state_mx_pue
07|San Andrés Cholula|state_mx_pue
08|San Pedro Cholula|state_mx_pue
09|Huauchinango|state_mx_pue
10|Acatlán de Osorio|state_mx_pue
11|Cuautlancingo|state_mx_pue
12|Tepeaca|state_mx_pue
13|Tecamachalco|state_mx_pue
14|Zacatlán|state_mx_pue
15|Xicotepec|state_mx_pue
16|Ciudad Serdán|state_mx_pue
17|Amozoc|state_mx_pue
04|El Pueblito|state_mx_qro
02|Ébano|state_mx_slp
03|Matehuala|state_mx_slp
04|Rioverde|state_mx_slp
05|San Luis Potosí|state_mx_slp
06|Soledad de Graciano Sánchez|state_mx_slp
07|Charcas|state_mx_slp
08|Salinas de Hidalgo|state_mx_slp
09|Cárdenas|state_mx_slp
10|Cerritos|state_mx_slp
11|Tamuin|state_mx_slp
12|Tamasopo|state_mx_slp
13|Ciudad del Maíz|state_mx_slp
14|Cedral|state_mx_slp
15|Tierra Nueva|state_mx_slp
16|Villa de Reyes|state_mx_slp
17|Fracción el Refugio|state_mx_slp
18|Tamazunchale|state_mx_slp
19|Santa María del Río|state_mx_slp
20|El Naranjo|state_mx_slp
02|Agua Prieta|state_mx_son
03|Heroica Caborca|state_mx_son
04|Ciudad Obregón|state_mx_son
05|Empalme|state_mx_son
06|Heroica Guaymas|state_mx_son
07|Hermosillo|state_mx_son
08|Huatabampo|state_mx_son
09|Navojoa|state_mx_son
10|Heroica Nogales|state_mx_son
11|Puerto Peñasco|state_mx_son
12|Heroica Ciudad de Cananea|state_mx_son
13|Sonoita|state_mx_son
14|Magdalena de Kino|state_mx_son
02|Ciudad Camargo|state_mx_tamps
03|Ciudad Madero|state_mx_tamps
04|Ciudad Mante|state_mx_tamps
05|Heroica Matamoros|state_mx_tamps
06|Nuevo Laredo|state_mx_tamps
07|Reynosa|state_mx_tamps
08|Ciudad Río Bravo|state_mx_tamps
09|San Fernando|state_mx_tamps
10|Tampico|state_mx_tamps
11|Ciudad Victoria|state_mx_tamps
12|González|state_mx_tamps
13|Jaumave|state_mx_tamps
14|Ciudad Gustavo Díaz Ordaz|state_mx_tamps
15|Estación Manuel (Úrsulo Galván)|state_mx_tamps
16|Xicoténcatl|state_mx_tamps
17|Ciudad Miguel Alemán|state_mx_tamps
18|Soto la Marina|state_mx_tamps
19|Ciudad Tula|state_mx_tamps
20|Nueva Ciudad Guerrero|state_mx_tamps
21|Valle Hermoso|state_mx_tamps
02|Tizimín|state_mx_yuc
03|Ticul|state_mx_yuc
04|Motul de Carrillo Puerto|state_mx_yuc
05|Valladolid|state_mx_yuc
06|Kanasín|state_mx_yuc
01|Aguascalientes|state_mx_ags
02|Calvillo|state_mx_ags
03|San Francisco de los Romo|state_mx_ags
04|Jesús María|state_mx_ags
05|Pabellón de Arteaga|state_mx_ags
06|Rincón de Romos|state_mx_ags
07|Asientos|state_mx_ags
08|Tepezalá|state_mx_ags
09|Cosío|state_mx_ags
01|Ensenada|state_mx_bc
02|Mexicali|state_mx_bc
03|Tecate|state_mx_bc
04|Tijuana|state_mx_bc
05|Playas de Rosarito|state_mx_bc
06|Rodolfo Sánchez T. (Maneadero)|state_mx_bc
07|San Felipe|state_mx_bc
01|Ciudad Constitución|state_mx_bcs
02|La Paz|state_mx_bcs
03|Cabo San Lucas|state_mx_bcs
04|San José del Cabo|state_mx_bcs
05|Loreto|state_mx_bcs
06|Puerto Adolfo López Mateos|state_mx_bcs
07|Todos Santos|state_mx_bcs
08|Heroica Mulegé|state_mx_bcs
09|Villa Alberto Andrés Alvarado Arámburo|state_mx_bcs
10|San Ignacio|state_mx_bcs
11|Guerrero Negro|state_mx_bcs
12|Santa Rosalía|state_mx_bcs
01|San Francisco de Campeche|state_mx_camp
02|Ciudad del Carmen|state_mx_camp
03|Calkini|state_mx_camp
04|Candelaria|state_mx_camp
05|Escárcega|state_mx_camp
06|Sabancuy|state_mx_camp
07|Hopelchén|state_mx_camp
08|Champotón|state_mx_camp
09|Hecelchakán|state_mx_camp
11|Pomuch|state_mx_camp
01|Santa Rosalía de Camargo|state_mx_chih
02|Chihuahua|state_mx_chih
03|Cuauhtémoc|state_mx_chih
04|Delicias|state_mx_chih
05|Hidalgo del Parral|state_mx_chih
06|Juárez|state_mx_chih
07|Nuevo Casas Grandes|state_mx_chih
09|Madera|state_mx_chih
10|Colonia Anáhuac|state_mx_chih
11|Juan Aldama|state_mx_chih
12|José Mariano Jiménez|state_mx_chih
13|Manuel Ojinaga|state_mx_chih
14|Bachíniva|state_mx_chih
15|Saucillo|state_mx_chih
01|Comitán de Domínguez|state_mx_chis
02|San Cristóbal de las Casas|state_mx_chis
25|Acala|state_mx_chis
03|Tapachula de Córdova y Ordóñez|state_mx_chis
04|Tuxtla Gutiérrez|state_mx_chis
05|Venustiano Carranza|state_mx_chis
06|Jiquipilas|state_mx_chis
07|Villaflores|state_mx_chis
08|Las Margaritas|state_mx_chis
09|Arriaga|state_mx_chis
10|Palenque|state_mx_chis
11|Ocosingo|state_mx_chis
12|Tonalá|state_mx_chis
13|Mapastepec|state_mx_chis
14|Las Rosas|state_mx_chis
15|Chiapa de Corzo|state_mx_chis
16|Cacahoatán|state_mx_chis
17|Ocozocoautla de Espinosa|state_mx_chis
18|Cintalapa de Figueroa|state_mx_chis
19|Pichucalco|state_mx_chis
20|Puerto Madero (San Benito)|state_mx_chis
21|Pijijiapan|state_mx_chis
22|Reforma|state_mx_chis
23|Huixtla|state_mx_chis
24|Motozintla de Mendoza|state_mx_chis
01|Ciudad Acuña|state_mx_coah
02|Frontera|state_mx_coah
01|Colima|state_mx_col
02|Manzanillo|state_mx_col
03|Tecoman|state_mx_col
04|Ciudad de Villa de Álvarez|state_mx_col
05|Ciudad de Armería|state_mx_col
01|Ciudad de México|state_mx_df
02|Ciudad de México|state_mx_df
03|Ciudad de México|state_mx_df
04|Ciudad de México|state_mx_df
05|Ciudad de México|state_mx_df
06|Ciudad de México|state_mx_df
07|Ciudad de México|state_mx_df
08|Ciudad de México|state_mx_df
09|Ciudad de México|state_mx_df
10|Ciudad de México|state_mx_df
11|Ciudad de México|state_mx_df
12|Ciudad de México|state_mx_df
13|Ciudad de México|state_mx_df
14|Ciudad de México|state_mx_df
15|Ciudad de México|state_mx_df
16|Ciudad de México|state_mx_df
01|Victoria de Durango|state_mx_dgo
02|Gómez Palacio|state_mx_dgo
03|Ciudad Lerdo|state_mx_dgo
04|Santiago Papasquiaro|state_mx_dgo
05|Canatlán|state_mx_dgo
06|San Juan del Río del Centauro del Norte|state_mx_dgo
07|Peñón Blanco|state_mx_dgo
08|Francisco I. Madero|state_mx_dgo
09|Nombre de Dios|state_mx_dgo
10|Vicente Guerrero|state_mx_dgo
11|El Salto|state_mx_dgo
12|Santa María del Oro|state_mx_dgo
01|Acapulco de Juárez|state_mx_gro
02|Chilpancingo de los Bravo|state_mx_gro
01|Acámbaro|state_mx_gto
02|San miguel de Allende|state_mx_gto
03|Celaya|state_mx_gto
04|Cortazar|state_mx_gto
05|Guanajuato|state_mx_gto
06|Irapuato|state_mx_gto
07|León de los Aldama|state_mx_gto
08|Moroleón|state_mx_gto
09|Salamanca|state_mx_gto
10|San Francisco del Rincón|state_mx_gto
11|Silao|state_mx_gto
12|Jerécuaro|state_mx_gto
13|Santiago Maravatío|state_mx_gto
14|Romita|state_mx_gto
15|Tarandacuao|state_mx_gto
16|Huanímaro|state_mx_gto
17|Comonfort|state_mx_gto
18|Uriangato|state_mx_gto
19|Pénjamo|state_mx_gto
20|Cuerámaro|state_mx_gto
21|Empalme Escobedo (Escobedo)|state_mx_gto
22|San Luis de la Paz|state_mx_gto
23|Valle de Santiago|state_mx_gto
24|Abasolo|state_mx_gto
25|Rincón de Tamayo|state_mx_gto
26|Villagrán|state_mx_gto
27|Yuriria|state_mx_gto
28|Apaseo el Grande|state_mx_gto
29|Purísima de Bustos|state_mx_gto
30|Salvatierra|state_mx_gto
31|Marfil|state_mx_gto
32|San José Iturbide|state_mx_gto
33|Apaseo el Alto|state_mx_gto
34|Ciudad Manuel Doblado|state_mx_gto
35|Jaral del Progreso|state_mx_gto
36|San Diego de la Unión|state_mx_gto
37|Santa Cruz Juventino Rosas|state_mx_gto
38|Doctor Mora|state_mx_gto
39|Dolores Hgo. Cuna de la Indep. Nal.|state_mx_gto
01|Actopan|state_mx_hgo
02|Apan|state_mx_hgo
01|Ameca|state_mx_jal
02|Ciudad Guzmán|state_mx_jal
01|Ciudad Adolfo López Mateos|state_mx_mex
02|Chimalhuacán|state_mx_mex
03|Coacalco de Berriozabal|state_mx_mex
04|Cuautitlán Izcalli|state_mx_mex
05|Ecatepec de Morelos|state_mx_mex
06|Huixquilucan de Degollado|state_mx_mex
07|Los Reyes Acaquilpan (La Paz)|state_mx_mex
08|Metepec|state_mx_mex
09|Naucalpan de Juárez|state_mx_mex
10|Ciudad Nezahualcoyotl|state_mx_mex
11|Villa Nicolás Romero|state_mx_mex
12|Tecamac de Felipe Villanueva|state_mx_mex
13|Tepotzotlán|state_mx_mex
14|Tlalnepantla de Baz|state_mx_mex
15|Santa Maria Tultepec|state_mx_mex
16|Tultitlán de Mariano Escobedo|state_mx_mex
17|Cuautitlán|state_mx_mex
18|Ixtapaluca|state_mx_mex
19|Texcoco de Mora|state_mx_mex
20|Toluca de Lerdo|state_mx_mex
21|Valle de Chalco Solidaridad|state_mx_mex
22|Tejupilco de Hidalgo|state_mx_mex
23|Chalco de Díaz Covarrubias|state_mx_mex
24|Amatepec|state_mx_mex
26|Melchor Ocampo|state_mx_mex
27|San Vicente Chicoloapan de Juárez|state_mx_mex
28|Capulhuac|state_mx_mex
29|Juchitepec de Mariano Riva Palacio|state_mx_mex
30|Tequixquiac|state_mx_mex
31|Xonacatlán|state_mx_mex
32|San Mateo Atenco|state_mx_mex
36|Chiconcuac|state_mx_mex
39|Almoloya de Juárez|state_mx_mex
40|Ocoyoacac|state_mx_mex
41|Zumpango|state_mx_mex
01|Apatzingán de la Constitución|state_mx_mich
02|Los Reyes de Salgado|state_mx_mich
03|Ciudad Hidalgo|state_mx_mich
04|Jacona de Plancarte|state_mx_mich
05|La piedad de Cabadas|state_mx_mich
06|Morelia|state_mx_mich
07|Pátzcuaro|state_mx_mich
08|Sahuayo de Morelos|state_mx_mich
09|Uruapan|state_mx_mich
10|Zacapu|state_mx_mich
11|Zamora de Hidalgo|state_mx_mich
12|Heroica Zitácuaro|state_mx_mich
13|Paracho de Verduzco|state_mx_mich
14|Tangancícuaro de Arista|state_mx_mich
15|Maravatío de Ocampo|state_mx_mich
16|Zinapécuaro de Figueroa|state_mx_mich
17|Puruándiro|state_mx_mich
18|Yurécuaro|state_mx_mich
19|Huetamo de Núñez|state_mx_mich
20|Tacámbaro de Codallos|state_mx_mich
21|Ciudad Lázaro Cárdenas|state_mx_mich
22|Las Guacamayas|state_mx_mich
23|Jiquilpan de Juárez|state_mx_mich
24|Tuxpan|state_mx_mich
25|Cotija de la Paz|state_mx_mich
26|Nueva Italia de Ruiz|state_mx_mich
27|Cuitzeo del Porvenir|state_mx_mich
01|Cuautla (Cuautla de Morelos)|state_mx_mor
01|Santiago Ixcuintla|state_mx_nay
02|Tepic|state_mx_nay
03|Tuxpan|state_mx_nay
04|Acaponeta|state_mx_nay
05|Tecuala|state_mx_nay
06|Compostela|state_mx_nay
07|Francisco I. Madero (Puga)|state_mx_nay
08|Villa Hidalgo (El Nuevo)|state_mx_nay
09|Ruiz|state_mx_nay
10|San Blas|state_mx_nay
11|Ixtlán del Río|state_mx_nay
12|Bucerías|state_mx_nay
13|Las Varas|state_mx_nay
14|Xalisco|state_mx_nay
15|San pedro Lagunillas|state_mx_nay
16|La peñita de Jaltemba|state_mx_nay
17|Jala|state_mx_nay
18|Ahuacatlán|state_mx_nay
01|Ciudad Apodaca|state_mx_nl
02|San Pedro Garza García|state_mx_nl
01|Juchitán (Juchitán de Zaragoza)|state_mx_oax
02|Oaxaca de Juárez|state_mx_oax
01|Atlixco|state_mx_pue
02|Izúcar de Matamoros|state_mx_pue
01|Querétaro|state_mx_qro
01|Cancún|state_mx_q_roo
02|San Juan del Rio|state_mx_qro
02|Cozumel|state_mx_q_roo
03|Felipe Carrillo Puerto|state_mx_q_roo
04|Chetumal|state_mx_q_roo
05|Playa del Carmen|state_mx_q_roo
06|Kantunilkín|state_mx_q_roo
07|Isla Mujeres|state_mx_q_roo
08|Bacalar|state_mx_q_roo
01|Los Mochis|state_mx_sin
02|Culiacán Rosales|state_mx_sin
03|Escuinapa de Hidalgo|state_mx_sin
04|Guasave|state_mx_sin
05|Mazatlán|state_mx_sin
06|Guamúchil|state_mx_sin
07|Navolato|state_mx_sin
08|Quila|state_mx_sin
09|Ahome|state_mx_sin
10|Higuera de Zaragoza|state_mx_sin
11|Choix|state_mx_sin
12|Villa Unión|state_mx_sin
13|Sinaloa de Leyva|state_mx_sin
14|Mocorito|state_mx_sin
15|Angostura|state_mx_sin
16|San Blas|state_mx_sin
17|La Cruz|state_mx_sin
18|El rosario|state_mx_sin
19|Estación Naranjo|state_mx_sin
20|Aguaruto|state_mx_sin
21|Cosalá|state_mx_sin
22|San Ignacio|state_mx_sin
23|Topolobampo|state_mx_sin
24|Lic. Benito Juárez (Campo Gobierno)|state_mx_sin
01|Ciudad Valles|state_mx_slp
01|San Luis Río Colorado|state_mx_son
01|Cárdenas|state_mx_tab
02|Villahermosa|state_mx_tab
03|Comalcalco|state_mx_tab
04|Emiliano Zapata|state_mx_tab
05|Jalpa de Méndez|state_mx_tab
07|Macuspana|state_mx_tab
08|Tenosique de Pino Suárez|state_mx_tab
09|Teapa|state_mx_tab
10|Paraíso|state_mx_tab
11|Frontera|state_mx_tab
12|Cunduacán|state_mx_tab
13|Huimanguillo|state_mx_tab
01|Altamira|state_mx_tamps
01|Apizaco|state_mx_tlax
02|Villa Vicente Guerrero|state_mx_tlax
03|Tlaxcala (Tlaxcala de Xicotencatl)|state_mx_tlax
04|Huamantla|state_mx_tlax
05|Calpulalpan|state_mx_tlax
06|Chiautempan|state_mx_tlax
01|Acayucan|state_mx_ver
02|Naranjos|state_mx_ver
03|Boca del RÍo|state_mx_ver
04|Coatepec|state_mx_ver
05|Agua dulce|state_mx_ver
06|Coatzacoalcos|state_mx_ver
07|Córdoba|state_mx_ver
08|Tres Valles|state_mx_ver
09|Jáltipan de Morelos|state_mx_ver
10|Xalapa-Enríquez|state_mx_ver
11|Minatitlán|state_mx_ver
12|Orizaba|state_mx_ver
13|Papantla de Olarte|state_mx_ver
14|Poza Rica de Hidalgo|state_mx_ver
15|San Andrés Tuxtla|state_mx_ver
16|Túxpam de Rodríguez Cano|state_mx_ver
17|Veracruz|state_mx_ver
18|Tierra Blanca|state_mx_ver
19|Cosamaloapan|state_mx_ver
20|Carlos A. Carrillo|state_mx_ver
21|Pánuco|state_mx_ver
22|Tampico Alto|state_mx_ver
23|Tempoal de Sánchez|state_mx_ver
24|Tantoyuca|state_mx_ver
25|Gutiérrez Zamora|state_mx_ver
26|Platón Sánchez|state_mx_ver
27|Juan Rodríguez Clara|state_mx_ver
28|Huatusco de Chicuellar|state_mx_ver
29|Ixtaczoquitlán|state_mx_ver
30|Río Blanco|state_mx_ver
31|Isla|state_mx_ver
32|Cuitláhuac|state_mx_ver
33|Fortín de las Flores|state_mx_ver
34|Alvarado|state_mx_ver
35|José Cardel|state_mx_ver
36|Banderilla|state_mx_ver
37|Paraje Nuevo|state_mx_ver
38|Playa Vicente|state_mx_ver
39|Altotonga|state_mx_ver
40|Juan Díaz Covarrubias|state_mx_ver
41|Cuichapa|state_mx_ver
42|Santiago Tuxtla|state_mx_ver
43|Huayacocotla|state_mx_ver
44|Paso de Ovejas|state_mx_ver
45|Catemaco|state_mx_ver
46|Nogales|state_mx_ver
47|Las Choapas|state_mx_ver
48|General Miguel Alemán (Potrero Nuevo)|state_mx_ver
49|Coatzintla|state_mx_ver
50|Ángel R. Cabada|state_mx_ver
51|San Rafael|state_mx_ver
52|Tlacojalpan|state_mx_ver
53|Cosoleacaque|state_mx_ver
54|Lerdo de Tejada|state_mx_ver
55|Tihuatlán|state_mx_ver
56|Atoyac|state_mx_ver
57|Huiloapan de Cuauhtémoc|state_mx_ver
58|Cazones de Herrera|state_mx_ver
59|Yecuatla|state_mx_ver
60|Soledad de Doblado|state_mx_ver
61|Cerro Azul|state_mx_ver
62|Tezonapa|state_mx_ver
66|Sihuapan|state_mx_ver
67|El Higo|state_mx_ver
68|Paso del Macho|state_mx_ver
69|Tlapacoyan|state_mx_ver
01|Mérida|state_mx_yuc
01|Fresnillo|state_mx_zac
02|Jerez de García Salinas|state_mx_zac
03|Zacatecas|state_mx_zac
04|Guadalupe|state_mx_zac
05|Río Grande|state_mx_zac
06|Ciudad Cuauhtémoc|state_mx_zac
07|Ojocaliente|state_mx_zac
08|Villa Hidalgo|state_mx_zac
09|Villanueva|state_mx_zac
10|Villa de Cos|state_mx_zac
11|Nochistlán de Mejía|state_mx_zac
12|Víctor Rosales|state_mx_zac
13|Valparaíso|state_mx_zac
14|Luis Moya|state_mx_zac
15|Moyahua de Estrada|state_mx_zac
16|Sombrerete|state_mx_zac
17|Jalpa|state_mx_zac
18|Loreto|state_mx_zac
19|Juan Aldama|state_mx_zac
