<?xml version="1.0" encoding="utf-8"?>
<odoo>
    <record id="uom.product_uom_dozen" model="uom.uom">
        <field name="l10n_mx_edi_code_aduana">19</field>
    </record>
    <record id="uom.product_uom_gram" model="uom.uom">
        <field name="l10n_mx_edi_code_aduana">02</field>
    </record>
    <record id="uom.product_uom_kgm" model="uom.uom">
        <field name="l10n_mx_edi_code_aduana">01</field>
    </record>
    <record id="uom.product_uom_litre" model="uom.uom">
        <field name="l10n_mx_edi_code_aduana">08</field>
    </record>
    <record id="uom.product_uom_unit" model="uom.uom">
        <field name="l10n_mx_edi_code_aduana">06</field>
    </record>
</odoo>
