<?xml version="1.0" encoding="utf-8"?>
<odoo>
    <record id="balance_sheet_l10n_de" model="account.report">
        <field name="name">Balance Sheet</field>
        <field name="root_report_id" ref="account_reports.balance_sheet"/>
        <field name="filter_analytic_groupby" eval="True"/>
        <field name="filter_unfold_all" eval="True"/>
        <field name="filter_journals" eval="False"/>
        <field name="country_id" ref="base.de"/>
        <field name="filter_multi_company">selector</field>
        <field name="column_ids">
            <record id="balance_sheet_l10n_de_column" model="account.report.column">
                <field name="name">Balance</field>
                <field name="expression_label">balance</field>
            </record>
        </field>
        <field name="line_ids">
            <record id="skr_asset_total" model="account.report.line">
                <field name="name">Aktivseite</field>
                <field name="code">SKR_BS_ASSET_TOTAL</field>
                <field name="expression_ids">
                    <record id="skr_asset_total_balance" model="account.report.expression">
                        <field name="label">balance</field>
                        <field name="engine">aggregation</field>
                        <field name="formula">SKR_BS_ASSET_A.balance + SKR_BS_ASSET_B.balance + SKR_BS_ASSET_C.balance + SKR_BS_ASSET_D.balance + SKR_BS_ASSET_E.balance</field>
                        <field name="date_scope">normal</field>
                    </record>
                </field>
                <field name="children_ids">
                    <record id="skr_bs_asset_a" model="account.report.line">
                        <field name="name">A. Anlagevermögen</field>
                        <field name="code">SKR_BS_ASSET_A</field>
                        <field name="expression_ids">
                            <record id="skr_bs_asset_a_balance" model="account.report.expression">
                                <field name="label">balance</field>
                                <field name="engine">aggregation</field>
                                <field name="formula">SKR_BS_ASSET_A1.balance + SKR_BS_ASSET_A2.balance + SKR_BS_ASSET_A3.balance</field>
                                <field name="date_scope">normal</field>
                            </record>
                        </field>
                        <field name="children_ids">
                            <record id="skr_bs_asset_a_i" model="account.report.line">
                                <field name="name">I. Immaterielle Vermögensgegenstände</field>
                                <field name="code">SKR_BS_ASSET_A1</field>
                                <field name="expression_ids">
                                    <record id="skr_bs_asset_a_i_balance" model="account.report.expression">
                                        <field name="label">balance</field>
                                        <field name="engine">aggregation</field>
                                        <field name="formula">SKR_BS_ASSET_A11.balance + SKR_BS_ASSET_A12.balance + SKR_BS_ASSET_A13.balance + SKR_BS_ASSET_A14.balance</field>
                                        <field name="date_scope">normal</field>
                                    </record>
                                </field>
                                <field name="children_ids">
                                    <record id="skr_bs_asset_a_i_1" model="account.report.line">
                                        <field name="name">1. Selbst geschaffene gewerbliche Schutzrechte und ähnliche Rechte und Werte</field>
                                        <field name="code">SKR_BS_ASSET_A11</field>
                                        <field name="groupby">account_id</field>
                                        <field name="foldable" eval="True"/>
                                        <field name="expression_ids">
                                            <record id="skr_bs_asset_a_i_1_balance" model="account.report.expression">
                                                <field name="label">balance</field>
                                                <field name="engine">domain</field>
                                                <field name="formula" eval="[('account_id.tag_ids', 'in', [ref('l10n_de.tag_de_asset_bs_A_I_1')])]"/>
                                                <field name="date_scope">normal</field>
                                                <field name="subformula">sum</field>
                                            </record>
                                        </field>
                                    </record>
                                    <record id="skr_bs_asset_a_i_2" model="account.report.line">
                                        <field name="name">2. Konzessionen, Lizenzen und ähnliche Rechte und Werte</field>
                                        <field name="code">SKR_BS_ASSET_A12</field>
                                        <field name="groupby">account_id</field>
                                        <field name="foldable" eval="True"/>
                                        <field name="expression_ids">
                                            <record id="skr_bs_asset_a_i_2_balance" model="account.report.expression">
                                                <field name="label">balance</field>
                                                <field name="engine">domain</field>
                                                <field name="formula" eval="[('account_id.tag_ids', 'in', [ref('l10n_de.tag_de_asset_bs_A_I_2')])]"/>
                                                <field name="date_scope">normal</field>
                                                <field name="subformula">sum</field>
                                            </record>
                                        </field>
                                    </record>
                                    <record id="skr_bs_asset_a_i_3" model="account.report.line">
                                        <field name="name">3. Geschäfts- oder Firmenwert</field>
                                        <field name="code">SKR_BS_ASSET_A13</field>
                                        <field name="groupby">account_id</field>
                                        <field name="foldable" eval="True"/>
                                        <field name="expression_ids">
                                            <record id="skr_bs_asset_a_i_3_balance" model="account.report.expression">
                                                <field name="label">balance</field>
                                                <field name="engine">domain</field>
                                                <field name="formula" eval="[('account_id.tag_ids', 'in', [ref('l10n_de.tag_de_asset_bs_A_I_3')])]"/>
                                                <field name="date_scope">normal</field>
                                                <field name="subformula">sum</field>
                                            </record>
                                        </field>
                                    </record>
                                    <record id="skr_bs_asset_a_i_4" model="account.report.line">
                                        <field name="name">4. geleistete Anzahlungen</field>
                                        <field name="code">SKR_BS_ASSET_A14</field>
                                        <field name="groupby">account_id</field>
                                        <field name="foldable" eval="True"/>
                                        <field name="expression_ids">
                                            <record id="skr_bs_asset_a_i_4_balance" model="account.report.expression">
                                                <field name="label">balance</field>
                                                <field name="engine">domain</field>
                                                <field name="formula" eval="[('account_id.tag_ids', 'in', [ref('l10n_de.tag_de_asset_bs_A_I_4')])]"/>
                                                <field name="date_scope">normal</field>
                                                <field name="subformula">sum</field>
                                            </record>
                                        </field>
                                    </record>
                                </field>
                            </record>
                            <record id="skr_bs_asset_a_ii" model="account.report.line">
                                <field name="name">II. Sachanlagen</field>
                                <field name="code">SKR_BS_ASSET_A2</field>
                                <field name="expression_ids">
                                    <record id="skr_bs_asset_a_ii_balance" model="account.report.expression">
                                        <field name="label">balance</field>
                                        <field name="engine">aggregation</field>
                                        <field name="formula">SKR_BS_ASSET_A21.balance + SKR_BS_ASSET_A22.balance + SKR_BS_ASSET_A23.balance + SKR_BS_ASSET_A24.balance</field>
                                        <field name="date_scope">normal</field>
                                    </record>
                                </field>
                                <field name="children_ids">
                                    <record id="skr_bs_asset_a_ii_1" model="account.report.line">
                                        <field name="name">1. Grundstücke. grundstücksgleiche Rechte und Bauten</field>
                                        <field name="code">SKR_BS_ASSET_A21</field>
                                        <field name="groupby">account_id</field>
                                        <field name="foldable" eval="True"/>
                                        <field name="expression_ids">
                                            <record id="skr_bs_asset_a_ii_1_balance" model="account.report.expression">
                                                <field name="label">balance</field>
                                                <field name="engine">domain</field>
                                                <field name="formula" eval="[('account_id.tag_ids', 'in', [ref('l10n_de.tag_de_asset_bs_A_II_1')])]"/>
                                                <field name="date_scope">normal</field>
                                                <field name="subformula">sum</field>
                                            </record>
                                        </field>
                                    </record>
                                    <record id="skr_bs_asset_a_ii_2" model="account.report.line">
                                        <field name="name">2. Technische  Anlagen und Maschinen</field>
                                        <field name="code">SKR_BS_ASSET_A22</field>
                                        <field name="groupby">account_id</field>
                                        <field name="foldable" eval="True"/>
                                        <field name="expression_ids">
                                            <record id="skr_bs_asset_a_ii_2_balance" model="account.report.expression">
                                                <field name="label">balance</field>
                                                <field name="engine">domain</field>
                                                <field name="formula" eval="[('account_id.tag_ids', 'in', [ref('l10n_de.tag_de_asset_bs_A_II_2')])]"/>
                                                <field name="date_scope">normal</field>
                                                <field name="subformula">sum</field>
                                            </record>
                                        </field>
                                    </record>
                                    <record id="skr_bs_asset_a_ii_3" model="account.report.line">
                                        <field name="name">3. Andere Anlagen. Betriebs- und Geschäftsausstattung</field>
                                        <field name="code">SKR_BS_ASSET_A23</field>
                                        <field name="groupby">account_id</field>
                                        <field name="foldable" eval="True"/>
                                        <field name="expression_ids">
                                            <record id="skr_bs_asset_a_ii_3_balance" model="account.report.expression">
                                                <field name="label">balance</field>
                                                <field name="engine">domain</field>
                                                <field name="formula" eval="[('account_id.tag_ids', 'in', [ref('l10n_de.tag_de_asset_bs_A_II_3')])]"/>
                                                <field name="date_scope">normal</field>
                                                <field name="subformula">sum</field>
                                            </record>
                                        </field>
                                    </record>
                                    <record id="skr_bs_asset_a_ii_4" model="account.report.line">
                                        <field name="name">4. Geleistete Anzahlungen und Anlagen im Bau</field>
                                        <field name="code">SKR_BS_ASSET_A24</field>
                                        <field name="groupby">account_id</field>
                                        <field name="foldable" eval="True"/>
                                        <field name="expression_ids">
                                            <record id="skr_bs_asset_a_ii_4_balance" model="account.report.expression">
                                                <field name="label">balance</field>
                                                <field name="engine">domain</field>
                                                <field name="formula" eval="[('account_id.tag_ids', 'in', [ref('l10n_de.tag_de_asset_bs_A_II_4')])]"/>
                                                <field name="date_scope">normal</field>
                                                <field name="subformula">sum</field>
                                            </record>
                                        </field>
                                    </record>
                                </field>
                            </record>
                            <record id="skr_bs_asset_a_iii" model="account.report.line">
                                <field name="name">III. Finanzanlagen</field>
                                <field name="code">SKR_BS_ASSET_A3</field>
                                <field name="expression_ids">
                                    <record id="skr_bs_asset_a_iii_balance" model="account.report.expression">
                                        <field name="label">balance</field>
                                        <field name="engine">aggregation</field>
                                        <field name="formula">SKR_BS_ASSET_A31.balance + SKR_BS_ASSET_A32.balance + SKR_BS_ASSET_A33.balance + SKR_BS_ASSET_A34.balance + SKR_BS_ASSET_A35.balance + SKR_BS_ASSET_A36.balance</field>
                                        <field name="date_scope">normal</field>
                                    </record>
                                </field>
                                <field name="children_ids">
                                    <record id="skr_bs_asset_a_iii_1" model="account.report.line">
                                        <field name="name">1. Anteile an verbundenen Unternehmen</field>
                                        <field name="code">SKR_BS_ASSET_A31</field>
                                        <field name="groupby">account_id</field>
                                        <field name="foldable" eval="True"/>
                                        <field name="expression_ids">
                                            <record id="skr_bs_asset_a_iii_1_balance" model="account.report.expression">
                                                <field name="label">balance</field>
                                                <field name="engine">domain</field>
                                                <field name="formula" eval="[('account_id.tag_ids', 'in', [ref('l10n_de.tag_de_asset_bs_A_III_1')])]"/>
                                                <field name="date_scope">normal</field>
                                                <field name="subformula">sum</field>
                                            </record>
                                        </field>
                                    </record>
                                    <record id="skr_bs_asset_a_iii_2" model="account.report.line">
                                        <field name="name">2. Ausleihungen an verbundene Unternehmen</field>
                                        <field name="code">SKR_BS_ASSET_A32</field>
                                        <field name="groupby">account_id</field>
                                        <field name="foldable" eval="True"/>
                                        <field name="expression_ids">
                                            <record id="skr_bs_asset_a_iii_2_balance" model="account.report.expression">
                                                <field name="label">balance</field>
                                                <field name="engine">domain</field>
                                                <field name="formula" eval="[('account_id.tag_ids', 'in', [ref('l10n_de.tag_de_asset_bs_A_III_2')])]"/>
                                                <field name="date_scope">normal</field>
                                                <field name="subformula">sum</field>
                                            </record>
                                        </field>
                                    </record>
                                    <record id="skr_bs_asset_a_iii_3" model="account.report.line">
                                        <field name="name">3. Beteiligungen</field>
                                        <field name="code">SKR_BS_ASSET_A33</field>
                                        <field name="groupby">account_id</field>
                                        <field name="foldable" eval="True"/>
                                        <field name="expression_ids">
                                            <record id="skr_bs_asset_a_iii_3_balance" model="account.report.expression">
                                                <field name="label">balance</field>
                                                <field name="engine">domain</field>
                                                <field name="formula" eval="[('account_id.tag_ids', 'in', [ref('l10n_de.tag_de_asset_bs_A_III_3')])]"/>
                                                <field name="date_scope">normal</field>
                                                <field name="subformula">sum</field>
                                            </record>
                                        </field>
                                    </record>
                                    <record id="skr_bs_asset_a_iii_4" model="account.report.line">
                                        <field name="name">4. Ausleihungen an Unternehmen, mit denen ein Beteiligungsverhältnis besteht</field>
                                        <field name="code">SKR_BS_ASSET_A34</field>
                                        <field name="groupby">account_id</field>
                                        <field name="foldable" eval="True"/>
                                        <field name="expression_ids">
                                            <record id="skr_bs_asset_a_iii_4_balance" model="account.report.expression">
                                                <field name="label">balance</field>
                                                <field name="engine">domain</field>
                                                <field name="formula" eval="[('account_id.tag_ids', 'in', [ref('l10n_de.tag_de_asset_bs_A_III_4')])]"/>
                                                <field name="date_scope">normal</field>
                                                <field name="subformula">sum</field>
                                            </record>
                                        </field>
                                    </record>
                                    <record id="skr_bs_asset_a_iii_5" model="account.report.line">
                                        <field name="name">5. Wertpapiere des Anlagevermögens</field>
                                        <field name="code">SKR_BS_ASSET_A35</field>
                                        <field name="groupby">account_id</field>
                                        <field name="foldable" eval="True"/>
                                        <field name="expression_ids">
                                            <record id="skr_bs_asset_a_iii_5_balance" model="account.report.expression">
                                                <field name="label">balance</field>
                                                <field name="engine">domain</field>
                                                <field name="formula" eval="[('account_id.tag_ids', 'in', [ref('l10n_de.tag_de_asset_bs_A_III_5')])]"/>
                                                <field name="date_scope">normal</field>
                                                <field name="subformula">sum</field>
                                            </record>
                                        </field>
                                    </record>
                                    <record id="skr_bs_asset_a_iii_6" model="account.report.line">
                                        <field name="name">6. sonstige Ausleihungen</field>
                                        <field name="code">SKR_BS_ASSET_A36</field>
                                        <field name="groupby">account_id</field>
                                        <field name="foldable" eval="True"/>
                                        <field name="expression_ids">
                                            <record id="skr_bs_asset_a_iii_6_balance" model="account.report.expression">
                                                <field name="label">balance</field>
                                                <field name="engine">domain</field>
                                                <field name="formula" eval="[('account_id.tag_ids', 'in', [ref('l10n_de.tag_de_asset_bs_A_III_6')])]"/>
                                                <field name="date_scope">normal</field>
                                                <field name="subformula">sum</field>
                                            </record>
                                        </field>
                                    </record>
                                </field>
                            </record>
                        </field>
                    </record>
                    <record id="skr_bs_asset_b" model="account.report.line">
                        <field name="name">B. Umlaufvermögen</field>
                        <field name="code">SKR_BS_ASSET_B</field>
                        <field name="expression_ids">
                            <record id="skr_bs_asset_b_balance" model="account.report.expression">
                                <field name="label">balance</field>
                                <field name="engine">aggregation</field>
                                <field name="formula">SKR_BS_ASSET_B1.balance + SKR_BS_ASSET_B2.balance + SKR_BS_ASSET_B3.balance + SKR_BS_ASSET_B4.balance</field>
                                <field name="date_scope">normal</field>
                            </record>
                        </field>
                        <field name="children_ids">
                            <record id="skr_bs_asset_b_i" model="account.report.line">
                                <field name="name">I. Vorräte</field>
                                <field name="code">SKR_BS_ASSET_B1</field>
                                <field name="expression_ids">
                                    <record id="skr_bs_asset_b_i_balance" model="account.report.expression">
                                        <field name="label">balance</field>
                                        <field name="engine">aggregation</field>
                                        <field name="formula">SKR_BS_ASSET_B11.balance + SKR_BS_ASSET_B12.balance + SKR_BS_ASSET_B13.balance + SKR_BS_ASSET_B14.balance</field>
                                        <field name="date_scope">normal</field>
                                    </record>
                                </field>
                                <field name="children_ids">
                                    <record id="skr_bs_asset_b_i_1" model="account.report.line">
                                        <field name="name">1. Roh-, Hilfs- und Betriebsstoffe</field>
                                        <field name="code">SKR_BS_ASSET_B11</field>
                                        <field name="groupby">account_id</field>
                                        <field name="foldable" eval="True"/>
                                        <field name="expression_ids">
                                            <record id="skr_bs_asset_b_i_1_balance" model="account.report.expression">
                                                <field name="label">balance</field>
                                                <field name="engine">domain</field>
                                                <field name="formula" eval="[('account_id.tag_ids', 'in', [ref('l10n_de.tag_de_asset_bs_B_I_1')])]"/>
                                                <field name="date_scope">normal</field>
                                                <field name="subformula">sum</field>
                                            </record>
                                        </field>
                                    </record>
                                    <record id="skr_bs_asset_b_i_2" model="account.report.line">
                                        <field name="name">2. Unfertige Erzeugnisse, unfertige Leistungen</field>
                                        <field name="code">SKR_BS_ASSET_B12</field>
                                        <field name="groupby">account_id</field>
                                        <field name="foldable" eval="True"/>
                                        <field name="expression_ids">
                                            <record id="skr_bs_asset_b_i_2_balance" model="account.report.expression">
                                                <field name="label">balance</field>
                                                <field name="engine">domain</field>
                                                <field name="formula" eval="[('account_id.tag_ids', 'in', [ref('l10n_de.tag_de_asset_bs_B_I_2')])]"/>
                                                <field name="date_scope">normal</field>
                                                <field name="subformula">sum</field>
                                            </record>
                                        </field>
                                    </record>
                                    <record id="skr_bs_asset_b_i_3" model="account.report.line">
                                        <field name="name">3. Fertige Erzeugnisse und Waren</field>
                                        <field name="code">SKR_BS_ASSET_B13</field>
                                        <field name="groupby">account_id</field>
                                        <field name="foldable" eval="True"/>
                                        <field name="expression_ids">
                                            <record id="skr_bs_asset_b_i_3_balance" model="account.report.expression">
                                                <field name="label">balance</field>
                                                <field name="engine">domain</field>
                                                <field name="formula" eval="[('account_id.tag_ids', 'in', [ref('l10n_de.tag_de_asset_bs_B_I_3')])]"/>
                                                <field name="date_scope">normal</field>
                                                <field name="subformula">sum</field>
                                            </record>
                                        </field>
                                    </record>
                                    <record id="skr_bs_asset_b_i_4" model="account.report.line">
                                        <field name="name">4. Geleistete Anzahlungen</field>
                                        <field name="code">SKR_BS_ASSET_B14</field>
                                        <field name="groupby">account_id</field>
                                        <field name="foldable" eval="True"/>
                                        <field name="expression_ids">
                                            <record id="skr_bs_asset_b_i_4_balance" model="account.report.expression">
                                                <field name="label">balance</field>
                                                <field name="engine">domain</field>
                                                <field name="formula" eval="[('account_id.tag_ids', 'in', [ref('l10n_de.tag_de_asset_bs_B_I_4')])]"/>
                                                <field name="date_scope">normal</field>
                                                <field name="subformula">sum</field>
                                            </record>
                                        </field>
                                    </record>
                                </field>
                            </record>
                            <record id="skr_bs_asset_b_ii" model="account.report.line">
                                <field name="name">II. Forderungen und sonstige Vermögensgegenstände</field>
                                <field name="code">SKR_BS_ASSET_B2</field>
                                <field name="expression_ids">
                                    <record id="skr_bs_asset_b_ii_balance" model="account.report.expression">
                                        <field name="label">balance</field>
                                        <field name="engine">aggregation</field>
                                        <field name="formula">SKR_BS_ASSET_B21.balance + SKR_BS_ASSET_B22.balance + SKR_BS_ASSET_B23.balance + SKR_BS_ASSET_B24.balance</field>
                                        <field name="date_scope">normal</field>
                                    </record>
                                </field>
                                <field name="children_ids">
                                    <record id="skr_bs_asset_b_ii_1" model="account.report.line">
                                        <field name="name">1. Forderungen aus Lieferungen und Leistungen</field>
                                        <field name="code">SKR_BS_ASSET_B21</field>
                                        <field name="groupby">account_id</field>
                                        <field name="foldable" eval="True"/>
                                        <field name="expression_ids">
                                            <record id="skr_bs_asset_b_ii_1_balance" model="account.report.expression">
                                                <field name="label">balance</field>
                                                <field name="engine">domain</field>
                                                <field name="formula" eval="[('account_id.tag_ids', 'in', [ref('l10n_de.tag_de_asset_bs_B_II_1')])]"/>
                                                <field name="date_scope">normal</field>
                                                <field name="subformula">sum</field>
                                            </record>
                                        </field>
                                    </record>
                                    <record id="skr_bs_asset_b_ii_2" model="account.report.line">
                                        <field name="name">2. Forderungen gegen verbundene Unternehmen</field>
                                        <field name="code">SKR_BS_ASSET_B22</field>
                                        <field name="groupby">account_id</field>
                                        <field name="foldable" eval="True"/>
                                        <field name="expression_ids">
                                            <record id="skr_bs_asset_b_ii_2_balance" model="account.report.expression">
                                                <field name="label">balance</field>
                                                <field name="engine">domain</field>
                                                <field name="formula" eval="[('account_id.tag_ids', 'in', [ref('l10n_de.tag_de_asset_bs_B_II_2')])]"/>
                                                <field name="date_scope">normal</field>
                                                <field name="subformula">sum</field>
                                            </record>
                                        </field>
                                    </record>
                                    <record id="skr_bs_asset_b_ii_3" model="account.report.line">
                                        <field name="name">3. Forderungen gegen Unternehmen, mit denen ein Beteiligungsverhältnis besteht</field>
                                        <field name="code">SKR_BS_ASSET_B23</field>
                                        <field name="groupby">account_id</field>
                                        <field name="foldable" eval="True"/>
                                        <field name="expression_ids">
                                            <record id="skr_bs_asset_b_ii_3_balance" model="account.report.expression">
                                                <field name="label">balance</field>
                                                <field name="engine">domain</field>
                                                <field name="formula" eval="[('account_id.tag_ids', 'in', [ref('l10n_de.tag_de_asset_bs_B_II_3')])]"/>
                                                <field name="date_scope">normal</field>
                                                <field name="subformula">sum</field>
                                            </record>
                                        </field>
                                    </record>
                                    <record id="skr_bs_asset_b_ii_4" model="account.report.line">
                                        <field name="name">4. Sonstige Vermögensgegenstände</field>
                                        <field name="code">SKR_BS_ASSET_B24</field>
                                        <field name="groupby">account_id</field>
                                        <field name="foldable" eval="True"/>
                                        <field name="expression_ids">
                                            <record id="skr_bs_asset_b_ii_4_balance" model="account.report.expression">
                                                <field name="label">balance</field>
                                                <field name="engine">domain</field>
                                                <field name="formula" eval="[('account_id.tag_ids', 'in', [ref('l10n_de.tag_de_asset_bs_B_II_4')])]"/>
                                                <field name="date_scope">normal</field>
                                                <field name="subformula">sum</field>
                                            </record>
                                        </field>
                                    </record>
                                </field>
                            </record>
                            <record id="skr_bs_asset_b_iii" model="account.report.line">
                                <field name="name">III. Wertpapiere</field>
                                <field name="code">SKR_BS_ASSET_B3</field>
                                <field name="expression_ids">
                                    <record id="skr_bs_asset_b_iii_balance" model="account.report.expression">
                                        <field name="label">balance</field>
                                        <field name="engine">aggregation</field>
                                        <field name="formula">SKR_BS_ASSET_B31.balance + SKR_BS_ASSET_B32.balance</field>
                                        <field name="date_scope">normal</field>
                                    </record>
                                </field>
                                <field name="children_ids">
                                    <record id="skr_bs_asset_b_iii_1" model="account.report.line">
                                        <field name="name">1. Anteile an verbundenen Unternehmen</field>
                                        <field name="code">SKR_BS_ASSET_B31</field>
                                        <field name="groupby">account_id</field>
                                        <field name="foldable" eval="True"/>
                                        <field name="expression_ids">
                                            <record id="skr_bs_asset_b_iii_1_balance" model="account.report.expression">
                                                <field name="label">balance</field>
                                                <field name="engine">domain</field>
                                                <field name="formula" eval="[('account_id.tag_ids', 'in', [ref('l10n_de.tag_de_asset_bs_B_III_1')])]"/>
                                                <field name="date_scope">normal</field>
                                                <field name="subformula">sum</field>
                                            </record>
                                        </field>
                                    </record>
                                    <record id="skr_bs_asset_b_iii_2" model="account.report.line">
                                        <field name="name">2. sonstige Wertpapiere</field>
                                        <field name="code">SKR_BS_ASSET_B32</field>
                                        <field name="groupby">account_id</field>
                                        <field name="foldable" eval="True"/>
                                        <field name="expression_ids">
                                            <record id="skr_bs_asset_b_iii_2_balance" model="account.report.expression">
                                                <field name="label">balance</field>
                                                <field name="engine">domain</field>
                                                <field name="formula" eval="[('account_id.tag_ids', 'in', [ref('l10n_de.tag_de_asset_bs_B_III_2')])]"/>
                                                <field name="date_scope">normal</field>
                                                <field name="subformula">sum</field>
                                            </record>
                                        </field>
                                    </record>
                                </field>
                            </record>
                            <record id="skr_bs_asset_b_iv" model="account.report.line">
                                <field name="name">IV. Kassenbestand, Bundesbankguthaben, Guthaben bei Kreditinstituten und Schecks</field>
                                <field name="code">SKR_BS_ASSET_B4</field>
                                <field name="groupby">account_id</field>
                                <field name="foldable" eval="True"/>
                                <field name="expression_ids">
                                    <record id="skr_bs_asset_b_iv_balance" model="account.report.expression">
                                        <field name="label">balance</field>
                                        <field name="engine">domain</field>
                                        <field name="formula" eval="[('account_id.tag_ids', 'in', [ref('l10n_de.tag_de_asset_bs_B_IV')])]"/>
                                        <field name="date_scope">normal</field>
                                        <field name="subformula">sum</field>
                                    </record>
                                </field>
                            </record>
                        </field>
                    </record>
                    <record id="skr_bs_asset_c" model="account.report.line">
                        <field name="name">C. Rechnungsabgrenzungsposten</field>
                        <field name="code">SKR_BS_ASSET_C</field>
                        <field name="groupby">account_id</field>
                        <field name="foldable" eval="True"/>
                        <field name="expression_ids">
                            <record id="skr_bs_asset_c_balance" model="account.report.expression">
                                <field name="label">balance</field>
                                <field name="engine">domain</field>
                                <field name="formula" eval="[('account_id.tag_ids', 'in', [ref('l10n_de.tag_de_asset_bs_C')])]"/>
                                <field name="date_scope">normal</field>
                                <field name="subformula">sum</field>
                            </record>
                        </field>
                    </record>
                    <record id="skr_bs_asset_d" model="account.report.line">
                        <field name="name">D. Aktive latente Steuern</field>
                        <field name="code">SKR_BS_ASSET_D</field>
                        <field name="groupby">account_id</field>
                        <field name="foldable" eval="True"/>
                        <field name="expression_ids">
                            <record id="skr_bs_asset_d_balance" model="account.report.expression">
                                <field name="label">balance</field>
                                <field name="engine">domain</field>
                                <field name="formula" eval="[('account_id.tag_ids', 'in', [ref('l10n_de.tag_de_asset_bs_D')])]"/>
                                <field name="date_scope">normal</field>
                                <field name="subformula">sum</field>
                            </record>
                        </field>
                    </record>
                    <record id="skr_bs_asset_e" model="account.report.line">
                        <field name="name">E. Aktiver Unterschiedsbetrag aus der Vermögensverrechnung</field>
                        <field name="code">SKR_BS_ASSET_E</field>
                        <field name="groupby">account_id</field>
                        <field name="foldable" eval="True"/>
                        <field name="expression_ids">
                            <record id="skr_bs_asset_e_balance" model="account.report.expression">
                                <field name="label">balance</field>
                                <field name="engine">domain</field>
                                <field name="formula" eval="[('account_id.tag_ids', 'in', [ref('l10n_de.tag_de_asset_bs_E')])]"/>
                                <field name="date_scope">normal</field>
                                <field name="subformula">sum</field>
                            </record>
                        </field>
                    </record>
                </field>
            </record>
            <record id="skr_liabilities_total" model="account.report.line">
                <field name="name">Passivseite</field>
                <field name="code">SKR_BS_LIABILITIES_TOTAL</field>
                <field name="expression_ids">
                    <record id="skr_liabilities_total_balance" model="account.report.expression">
                        <field name="label">balance</field>
                        <field name="engine">aggregation</field>
                        <field name="formula">SKR_BS_LIABILITIES_A.balance + SKR_BS_LIABILITIES_B.balance + SKR_BS_LIABILITIES_C.balance + SKR_BS_LIABILITIES_D.balance + SKR_BS_LIABILITIES_E.balance + SKR_BS_LIABILITIES_F.balance</field>
                        <field name="date_scope">normal</field>
                    </record>
                </field>
                <field name="children_ids">
                    <record id="skr_bs_liabilities_a" model="account.report.line">
                        <field name="name">A. Eigenkapital</field>
                        <field name="code">SKR_BS_LIABILITIES_A</field>
                        <field name="expression_ids">
                            <record id="skr_bs_liabilities_a_balance" model="account.report.expression">
                                <field name="label">balance</field>
                                <field name="engine">aggregation</field>
                                <field name="formula">SKR_BS_LIABILITIES_A1.balance + SKR_BS_LIABILITIES_A2.balance + SKR_BS_LIABILITIES_A3.balance + SKR_BS_LIABILITIES_A4.balance + SKR_BS_LIABILITIES_A5.balance</field>
                                <field name="date_scope">normal</field>
                            </record>
                        </field>
                        <field name="children_ids">
                            <record id="skr_bs_liabilities_a_i" model="account.report.line">
                                <field name="name">I. Gezeichnetes Kapital</field>
                                <field name="code">SKR_BS_LIABILITIES_A1</field>
                                <field name="groupby">account_id</field>
                                <field name="foldable" eval="True"/>
                                <field name="expression_ids">
                                    <record id="skr_bs_liabilities_a_i_balance" model="account.report.expression">
                                        <field name="label">balance</field>
                                        <field name="engine">domain</field>
                                        <field name="formula" eval="[('account_id.tag_ids', 'in', [ref('l10n_de.tag_de_liabilities_bs_A_I')])]"/>
                                        <field name="date_scope">normal</field>
                                        <field name="subformula">-sum</field>
                                    </record>
                                </field>
                            </record>
                            <record id="skr_bs_liabilities_a_ii" model="account.report.line">
                                <field name="name">II. Kapitalrücklage</field>
                                <field name="code">SKR_BS_LIABILITIES_A2</field>
                                <field name="groupby">account_id</field>
                                <field name="foldable" eval="True"/>
                                <field name="expression_ids">
                                    <record id="skr_bs_liabilities_a_ii_balance" model="account.report.expression">
                                        <field name="label">balance</field>
                                        <field name="engine">domain</field>
                                        <field name="formula" eval="[('account_id.tag_ids', 'in', [ref('l10n_de.tag_de_liabilities_bs_A_II')])]"/>
                                        <field name="date_scope">normal</field>
                                        <field name="subformula">-sum</field>
                                    </record>
                                </field>
                            </record>
                            <record id="skr_bs_liabilities_a_iii" model="account.report.line">
                                <field name="name">III. Gewinnrücklagen</field>
                                <field name="code">SKR_BS_LIABILITIES_A3</field>
                                <field name="expression_ids">
                                    <record id="skr_bs_liabilities_a_iii_balance" model="account.report.expression">
                                        <field name="label">balance</field>
                                        <field name="engine">aggregation</field>
                                        <field name="formula">SKR_BS_LIABILITIES_A31.balance + SKR_BS_LIABILITIES_A32.balance + SKR_BS_LIABILITIES_A33.balance + SKR_BS_LIABILITIES_A34.balance</field>
                                        <field name="date_scope">normal</field>
                                    </record>
                                </field>
                                <field name="children_ids">
                                    <record id="skr_bs_liabilities_a_iii_1" model="account.report.line">
                                        <field name="name">1. Gesetzliche Rücklage</field>
                                        <field name="code">SKR_BS_LIABILITIES_A31</field>
                                        <field name="groupby">account_id</field>
                                        <field name="foldable" eval="True"/>
                                        <field name="expression_ids">
                                            <record id="skr_bs_liabilities_a_iii_1_balance" model="account.report.expression">
                                                <field name="label">balance</field>
                                                <field name="engine">domain</field>
                                                <field name="formula" eval="[('account_id.tag_ids', 'in', [ref('l10n_de.tag_de_liabilities_bs_A_III_1')])]"/>
                                                <field name="date_scope">normal</field>
                                                <field name="subformula">-sum</field>
                                            </record>
                                        </field>
                                    </record>
                                    <record id="skr_bs_liabilities_a_iii_2" model="account.report.line">
                                        <field name="name">2. Rücklage für Anteile an einem herrschenden oder mehrheitlich beteiligten Unternehmen</field>
                                        <field name="code">SKR_BS_LIABILITIES_A32</field>
                                        <field name="groupby">account_id</field>
                                        <field name="foldable" eval="True"/>
                                        <field name="expression_ids">
                                            <record id="skr_bs_liabilities_a_iii_2_balance" model="account.report.expression">
                                                <field name="label">balance</field>
                                                <field name="engine">domain</field>
                                                <field name="formula" eval="[('account_id.tag_ids', 'in', [ref('l10n_de.tag_de_liabilities_bs_A_III_2')])]"/>
                                                <field name="date_scope">normal</field>
                                                <field name="subformula">-sum</field>
                                            </record>
                                        </field>
                                    </record>
                                    <record id="skr_bs_liabilities_a_iii_3" model="account.report.line">
                                        <field name="name">3. Satzungsmäßige Rücklagen</field>
                                        <field name="code">SKR_BS_LIABILITIES_A33</field>
                                        <field name="groupby">account_id</field>
                                        <field name="foldable" eval="True"/>
                                        <field name="expression_ids">
                                            <record id="skr_bs_liabilities_a_iii_3_balance" model="account.report.expression">
                                                <field name="label">balance</field>
                                                <field name="engine">domain</field>
                                                <field name="formula" eval="[('account_id.tag_ids', 'in', [ref('l10n_de.tag_de_liabilities_bs_A_III_3')])]"/>
                                                <field name="date_scope">normal</field>
                                                <field name="subformula">-sum</field>
                                            </record>
                                        </field>
                                    </record>
                                    <record id="skr_bs_liabilities_a_iii_4" model="account.report.line">
                                        <field name="name">4. Andere Gewinnrücklagen</field>
                                        <field name="code">SKR_BS_LIABILITIES_A34</field>
                                        <field name="groupby">account_id</field>
                                        <field name="foldable" eval="True"/>
                                        <field name="expression_ids">
                                            <record id="skr_bs_liabilities_a_iii_4_balance" model="account.report.expression">
                                                <field name="label">balance</field>
                                                <field name="engine">domain</field>
                                                <field name="formula" eval="[('account_id.tag_ids', 'in', [ref('l10n_de.tag_de_liabilities_bs_A_III_4')])]"/>
                                                <field name="date_scope">normal</field>
                                                <field name="subformula">-sum</field>
                                            </record>
                                        </field>
                                    </record>
                                </field>
                            </record>
                            <record id="skr_bs_liabilities_a_iv" model="account.report.line">
                                <field name="name">IV. Gewinnvortrag/Verlustvortrag</field>
                                <field name="code">SKR_BS_LIABILITIES_A4</field>
                                <field name="groupby">account_id</field>
                                <field name="foldable" eval="True"/>
                                <field name="expression_ids">
                                    <record id="skr_bs_liabilities_a_iv_balance" model="account.report.expression">
                                        <field name="label">balance</field>
                                        <field name="engine">domain</field>
                                        <field name="formula" eval="[('account_id.tag_ids', 'in', [ref('l10n_de.tag_de_liabilities_bs_A_IV')])]"/>
                                        <field name="date_scope">normal</field>
                                        <field name="subformula">-sum</field>
                                    </record>
                                </field>
                            </record>
                            <record id="skr_bs_liabilities_a_v" model="account.report.line">
                                <field name="name">V. Jahresüberschuß/Jahresfehlbetrag</field>
                                <field name="code">SKR_BS_LIABILITIES_A5</field>
                                <field name="groupby">account_id</field>
                                <field name="foldable" eval="True"/>
                                <field name="expression_ids">
                                    <record id="skr_bs_liabilities_a_v_balance" model="account.report.expression">
                                        <field name="label">balance</field>
                                        <field name="engine">domain</field>
                                        <field name="formula" eval="[('account_id.account_type', 'in', ['income', 'income_other', 'expense_direct_cost', 'expense', 'expense_depreciation'])]"/>
                                        <field name="date_scope">normal</field>
                                        <field name="subformula">-sum</field>
                                    </record>
                                </field>
                            </record>
                        </field>
                    </record>
                    <record id="skr_bs_liabilities_b" model="account.report.line">
                        <field name="name">B. Sonderposten mit Rücklageanteil</field>
                        <field name="code">SKR_BS_LIABILITIES_B</field>
                        <field name="groupby">account_id</field>
                        <field name="foldable" eval="True"/>
                        <field name="expression_ids">
                            <record id="skr_bs_liabilities_b_balance" model="account.report.expression">
                                <field name="label">balance</field>
                                <field name="engine">domain</field>
                                <field name="formula" eval="[('account_id.tag_ids', 'in', [ref('l10n_de.tag_de_liabilities_bs_B')])]"/>
                                <field name="date_scope">normal</field>
                                <field name="subformula">-sum</field>
                            </record>
                        </field>
                    </record>
                    <record id="skr_bs_liabilities_c" model="account.report.line">
                        <field name="name">C. Rückstellungen</field>
                        <field name="code">SKR_BS_LIABILITIES_C</field>
                        <field name="expression_ids">
                            <record id="skr_bs_liabilities_c_balance" model="account.report.expression">
                                <field name="label">balance</field>
                                <field name="engine">aggregation</field>
                                <field name="formula">SKR_BS_LIABILITIES_C1.balance + SKR_BS_LIABILITIES_C2.balance + SKR_BS_LIABILITIES_C3.balance</field>
                                <field name="date_scope">normal</field>
                            </record>
                        </field>
                        <field name="children_ids">
                            <record id="skr_bs_liabilities_c_1" model="account.report.line">
                                <field name="name">1. Rückstellungen für Pensionen und ähnliche Verpflichtungen</field>
                                <field name="code">SKR_BS_LIABILITIES_C1</field>
                                <field name="groupby">account_id</field>
                                <field name="foldable" eval="True"/>
                                <field name="expression_ids">
                                    <record id="skr_bs_liabilities_c_1_balance" model="account.report.expression">
                                        <field name="label">balance</field>
                                        <field name="engine">domain</field>
                                        <field name="formula" eval="[('account_id.tag_ids', 'in', [ref('l10n_de.tag_de_liabilities_bs_C_1')])]"/>
                                        <field name="date_scope">normal</field>
                                        <field name="subformula">-sum</field>
                                    </record>
                                </field>
                            </record>
                            <record id="skr_bs_liabilities_c_2" model="account.report.line">
                                <field name="name">2. Steuerrückstellungen</field>
                                <field name="code">SKR_BS_LIABILITIES_C2</field>
                                <field name="groupby">account_id</field>
                                <field name="foldable" eval="True"/>
                                <field name="expression_ids">
                                    <record id="skr_bs_liabilities_c_2_balance" model="account.report.expression">
                                        <field name="label">balance</field>
                                        <field name="engine">domain</field>
                                        <field name="formula" eval="[('account_id.tag_ids', 'in', [ref('l10n_de.tag_de_liabilities_bs_C_2')])]"/>
                                        <field name="date_scope">normal</field>
                                        <field name="subformula">-sum</field>
                                    </record>
                                </field>
                            </record>
                            <record id="skr_bs_liabilities_c_3" model="account.report.line">
                                <field name="name">3. Sonstige Rückstellungen</field>
                                <field name="code">SKR_BS_LIABILITIES_C3</field>
                                <field name="groupby">account_id</field>
                                <field name="foldable" eval="True"/>
                                <field name="expression_ids">
                                    <record id="skr_bs_liabilities_c_3_balance" model="account.report.expression">
                                        <field name="label">balance</field>
                                        <field name="engine">domain</field>
                                        <field name="formula" eval="[('account_id.tag_ids', 'in', [ref('l10n_de.tag_de_liabilities_bs_C_3')])]"/>
                                        <field name="date_scope">normal</field>
                                        <field name="subformula">-sum</field>
                                    </record>
                                </field>
                            </record>
                        </field>
                    </record>
                    <record id="skr_bs_liabilities_d" model="account.report.line">
                        <field name="name">D. Verbindlichkeiten</field>
                        <field name="code">SKR_BS_LIABILITIES_D</field>
                        <field name="expression_ids">
                            <record id="skr_bs_liabilities_d_balance" model="account.report.expression">
                                <field name="label">balance</field>
                                <field name="engine">aggregation</field>
                                <field name="formula">SKR_BS_LIABILITIES_D1.balance + SKR_BS_LIABILITIES_D2.balance + SKR_BS_LIABILITIES_D3.balance + SKR_BS_LIABILITIES_D4.balance + SKR_BS_LIABILITIES_D5.balance + SKR_BS_LIABILITIES_D6.balance + SKR_BS_LIABILITIES_D7.balance + SKR_BS_LIABILITIES_D8.balance</field>
                                <field name="date_scope">normal</field>
                            </record>
                        </field>
                        <field name="children_ids">
                            <record id="skr_bs_liabilities_d_1" model="account.report.line">
                                <field name="name">1. Anleihen, davon konvertibeln</field>
                                <field name="code">SKR_BS_LIABILITIES_D1</field>
                                <field name="groupby">account_id</field>
                                <field name="foldable" eval="True"/>
                                <field name="expression_ids">
                                    <record id="skr_bs_liabilities_d_1_balance" model="account.report.expression">
                                        <field name="label">balance</field>
                                        <field name="engine">domain</field>
                                        <field name="formula" eval="[('account_id.tag_ids', 'in', [ref('l10n_de.tag_de_liabilities_bs_D_1')])]"/>
                                        <field name="date_scope">normal</field>
                                        <field name="subformula">-sum</field>
                                    </record>
                                </field>
                            </record>
                            <record id="skr_bs_liabilities_d_2" model="account.report.line">
                                <field name="name">2. Verbindlichkeiten gegenüber Kreditinstituten</field>
                                <field name="code">SKR_BS_LIABILITIES_D2</field>
                                <field name="groupby">account_id</field>
                                <field name="foldable" eval="True"/>
                                <field name="expression_ids">
                                    <record id="skr_bs_liabilities_d_2_balance" model="account.report.expression">
                                        <field name="label">balance</field>
                                        <field name="engine">domain</field>
                                        <field name="formula" eval="[('account_id.tag_ids', 'in', [ref('l10n_de.tag_de_liabilities_bs_D_2')])]"/>
                                        <field name="date_scope">normal</field>
                                        <field name="subformula">-sum</field>
                                    </record>
                                </field>
                            </record>
                            <record id="skr_bs_liabilities_d_3" model="account.report.line">
                                <field name="name">3. Erhaltene Anzahlungen auf Bestellungen</field>
                                <field name="code">SKR_BS_LIABILITIES_D3</field>
                                <field name="groupby">account_id</field>
                                <field name="foldable" eval="True"/>
                                <field name="expression_ids">
                                    <record id="skr_bs_liabilities_d_3_balance" model="account.report.expression">
                                        <field name="label">balance</field>
                                        <field name="engine">domain</field>
                                        <field name="formula" eval="[('account_id.tag_ids', 'in', [ref('l10n_de.tag_de_liabilities_bs_D_3')])]"/>
                                        <field name="date_scope">normal</field>
                                        <field name="subformula">-sum</field>
                                    </record>
                                </field>
                            </record>
                            <record id="skr_bs_liabilities_d_4" model="account.report.line">
                                <field name="name">4. Verbindlichkeiten aus Lieferungen und Leistungen</field>
                                <field name="code">SKR_BS_LIABILITIES_D4</field>
                                <field name="groupby">account_id</field>
                                <field name="foldable" eval="True"/>
                                <field name="expression_ids">
                                    <record id="skr_bs_liabilities_d_4_balance" model="account.report.expression">
                                        <field name="label">balance</field>
                                        <field name="engine">domain</field>
                                        <field name="formula" eval="[('account_id.tag_ids', 'in', [ref('l10n_de.tag_de_liabilities_bs_D_4')])]"/>
                                        <field name="date_scope">normal</field>
                                        <field name="subformula">-sum</field>
                                    </record>
                                </field>
                            </record>
                            <record id="skr_bs_liabilities_d_5" model="account.report.line">
                                <field name="name">5. Verbindlichkeiten aus der Annahme gezogener Wechsel und der Ausstellung eigener Wechsel</field>
                                <field name="code">SKR_BS_LIABILITIES_D5</field>
                                <field name="groupby">account_id</field>
                                <field name="foldable" eval="True"/>
                                <field name="expression_ids">
                                    <record id="skr_bs_liabilities_d_5_balance" model="account.report.expression">
                                        <field name="label">balance</field>
                                        <field name="engine">domain</field>
                                        <field name="formula" eval="[('account_id.tag_ids', 'in', [ref('l10n_de.tag_de_liabilities_bs_D_5')])]"/>
                                        <field name="date_scope">normal</field>
                                        <field name="subformula">-sum</field>
                                    </record>
                                </field>
                            </record>
                            <record id="skr_bs_liabilities_d_6" model="account.report.line">
                                <field name="name">6. Verbindlichkeiten gegenüber verbundenen Unternehmen</field>
                                <field name="code">SKR_BS_LIABILITIES_D6</field>
                                <field name="groupby">account_id</field>
                                <field name="foldable" eval="True"/>
                                <field name="expression_ids">
                                    <record id="skr_bs_liabilities_d_6_balance" model="account.report.expression">
                                        <field name="label">balance</field>
                                        <field name="engine">domain</field>
                                        <field name="formula" eval="[('account_id.tag_ids', 'in', [ref('l10n_de.tag_de_liabilities_bs_D_6')])]"/>
                                        <field name="date_scope">normal</field>
                                        <field name="subformula">-sum</field>
                                    </record>
                                </field>
                            </record>
                            <record id="skr_bs_liabilities_d_7" model="account.report.line">
                                <field name="name">7. Verbindlichkeiten gegenüber Unternehmen, mit denen ein Beteiligungsverhältnis besteht</field>
                                <field name="code">SKR_BS_LIABILITIES_D7</field>
                                <field name="groupby">account_id</field>
                                <field name="foldable" eval="True"/>
                                <field name="expression_ids">
                                    <record id="skr_bs_liabilities_d_7_balance" model="account.report.expression">
                                        <field name="label">balance</field>
                                        <field name="engine">domain</field>
                                        <field name="formula" eval="[('account_id.tag_ids', 'in', [ref('l10n_de.tag_de_liabilities_bs_D_7')])]"/>
                                        <field name="date_scope">normal</field>
                                        <field name="subformula">-sum</field>
                                    </record>
                                </field>
                            </record>
                            <record id="skr_bs_liabilities_d_8" model="account.report.line">
                                <field name="name">8. Sonstige Verbindlichkeiten, davon aus Steuern, davon im Rahmen der sozialen Sicherheit</field>
                                <field name="code">SKR_BS_LIABILITIES_D8</field>
                                <field name="groupby">account_id</field>
                                <field name="foldable" eval="True"/>
                                <field name="expression_ids">
                                    <record id="skr_bs_liabilities_d_8_balance" model="account.report.expression">
                                        <field name="label">balance</field>
                                        <field name="engine">domain</field>
                                        <field name="formula" eval="[('account_id.tag_ids', 'in', [ref('l10n_de.tag_de_liabilities_bs_D_8')])]"/>
                                        <field name="date_scope">normal</field>
                                        <field name="subformula">-sum</field>
                                    </record>
                                </field>
                            </record>
                        </field>
                    </record>
                    <record id="skr_bs_liabilities_e" model="account.report.line">
                        <field name="name">E. Rechnungsabgrenzungsposten</field>
                        <field name="code">SKR_BS_LIABILITIES_E</field>
                        <field name="groupby">account_id</field>
                        <field name="foldable" eval="True"/>
                        <field name="expression_ids">
                            <record id="skr_bs_liabilities_e_balance" model="account.report.expression">
                                <field name="label">balance</field>
                                <field name="engine">domain</field>
                                <field name="formula" eval="[('account_id.tag_ids', 'in', [ref('l10n_de.tag_de_liabilities_bs_E')])]"/>
                                <field name="date_scope">normal</field>
                                <field name="subformula">-sum</field>
                            </record>
                        </field>
                    </record>
                    <record id="skr_bs_liabilities_f" model="account.report.line">
                        <field name="name">F. Passive latente Steuern</field>
                        <field name="code">SKR_BS_LIABILITIES_F</field>
                        <field name="groupby">account_id</field>
                        <field name="foldable" eval="True"/>
                        <field name="expression_ids">
                            <record id="skr_bs_liabilities_f_balance" model="account.report.expression">
                                <field name="label">balance</field>
                                <field name="engine">domain</field>
                                <field name="formula" eval="[('account_id.tag_ids', 'in', [ref('l10n_de.tag_de_liabilities_bs_F')])]"/>
                                <field name="date_scope">normal</field>
                                <field name="subformula">-sum</field>
                            </record>
                        </field>
                    </record>
                </field>
            </record>
            <record id="account_financial_report_de_off_sheet" model="account.report.line">
                <field name="name">OFF BALANCE SHEET ACCOUNTS</field>
                <field name="code">DE_OS</field>
                <field name="groupby">account_id</field>
                <field name="hide_if_zero" eval="1"/>
                <field name="foldable" eval="True"/>
                <field name="expression_ids">
                    <record id="account_financial_report_de_off_sheet_balance" model="account.report.expression">
                        <field name="label">balance</field>
                        <field name="engine">domain</field>
                        <field name="formula" eval="[('account_id.account_type', '=', 'off_balance')]"/>
                        <field name="date_scope">normal</field>
                        <field name="subformula">-sum</field>
                    </record>
                </field>
            </record>
        </field>
    </record>
</odoo>
