<?xml version='1.0' encoding='UTF-8' ?>
<odoo>
    <data noupdate="1">
        <record id="datev_start_count" model="ir.config_parameter">
            <field name="key">l10n_de.datev_start_count</field>
            <field name="value">100000000</field>
        </record>
        <record id="datev_start_count_vendors" model="ir.config_parameter">
            <field name="key">l10n_de.datev_start_count_vendors</field>
            <field name="value">700000000</field>
        </record>
    </data>
</odoo>