id,name,model_id:id,group_id:id,perm_read,perm_write,perm_create,perm_unlink
access_dte_caf_manager,access_dte_caf_manager,model_l10n_cl_dte_caf,account.group_account_manager,1,1,1,1
access_partner_activities_user,l10n_cl_company_activities_user,model_l10n_cl_company_activities,,1,0,0,0
edit_partner_activities_manager,l10n_cl_company_activities_manager,model_l10n_cl_company_activities,base.group_system,1,1,1,1
access_account_invoice_reference,access_account_invoice_reference,model_l10n_cl_account_invoice_reference,,1,1,1,1
access_account_invoice_reference_manager,account_invoice_reference_manager,model_l10n_cl_account_invoice_reference,account.group_account_manager,1,1,1,1
access_l10n_cl_certificate,access_l10n_cl_certificate,model_l10n_cl_certificate,base.group_system,1,1,1,1
