id,code,name,tax_category
eco_new_acti_011101,011101,CULTIVO DE TRIGO,1
eco_new_acti_011102,011102,CULTIVO DE MAÍZ,1
eco_new_acti_011103,011103,CULTIVO DE AVENA,1
eco_new_acti_011104,011104,CULTIVO DE CEBADA,1
eco_new_acti_011105,011105,"CULTIVO DE OTROS CEREALES (EXCEPTO TRIGO, MAÍZ, AVENA Y CEBADA)",1
eco_new_acti_011106,011106,CULTIVO DE POROTOS,1
eco_new_acti_011107,011107,CULTIVO DE LUPINO,1
eco_new_acti_011108,011108,CULTIVO DE OTRAS LEGUMBRES (EXCEPTO POROTOS Y LUPINO),1
eco_new_acti_011109,011109,CULTIVO DE SEMILLAS DE RAPS,1
eco_new_acti_011110,011110,CULTIVO DE SEMILLAS DE MARAVILLA (GIRASOL),1
eco_new_acti_011111,011111,"CULTIVO DE SEMILLAS DE CEREALES, LEGUMBRES Y OLEAGINOSAS (EXCEPTO SEMILLAS DE RAPS Y MARAVILLA)",1
eco_new_acti_011200,011200,CULTIVO DE ARROZ,1
eco_new_acti_011301,011301,CULTIVO DE PAPAS,1
eco_new_acti_011302,011302,CULTIVO DE CAMOTES,1
eco_new_acti_011303,011303,CULTIVO DE OTROS TUBÉRCULOS (EXCEPTO PAPAS Y CAMOTES),1
eco_new_acti_011304,011304,CULTIVO DE REMOLACHA AZUCARERA,1
eco_new_acti_011305,011305,CULTIVO DE SEMILLAS DE HORTALIZAS,1
eco_new_acti_011306,011306,CULTIVO DE HORTALIZAS Y MELONES,1
eco_new_acti_011400,011400,CULTIVO DE CAÑA DE AZÚCAR,1
eco_new_acti_011500,011500,CULTIVO DE TABACO,1
eco_new_acti_011600,011600,CULTIVO DE PLANTAS DE FIBRA,1
eco_new_acti_011901,011901,CULTIVO DE FLORES,1
eco_new_acti_011902,011902,CULTIVOS FORRAJEROS EN PRADERAS MEJORADAS O SEMBRADAS; CULTIVOS SUPLEMENTARIOS FORRAJEROS,1
eco_new_acti_011903,011903,CULTIVOS DE SEMILLAS DE FLORES; CULTIVO DE SEMILLAS DE PLANTAS FORRAJERAS,1
eco_new_acti_012111,012111,CULTIVO DE UVA DESTINADA A LA PRODUCCIÓN DE PISCO Y AGUARDIENTE,1
eco_new_acti_012112,012112,CULTIVO DE UVA DESTINADA A LA PRODUCCIÓN DE VINO,1
eco_new_acti_012120,012120,CULTIVO DE UVA PARA MESA,1
eco_new_acti_012200,012200,CULTIVO DE FRUTAS TROPICALES Y SUBTROPICALES (INCLUYE EL CULTIVO DE PALTAS),1
eco_new_acti_012300,012300,CULTIVO DE CÍTRICOS,1
eco_new_acti_012400,012400,CULTIVO DE FRUTAS DE PEPITA Y DE HUESO,1
eco_new_acti_012501,012501,CULTIVO DE SEMILLAS DE FRUTAS,1
eco_new_acti_012502,012502,CULTIVO DE OTROS FRUTOS Y NUECES DE ÁRBOLES Y ARBUSTOS,1
eco_new_acti_012600,012600,CULTIVO DE FRUTOS OLEAGINOSOS (INCLUYE EL CULTIVO DE ACEITUNAS),1
eco_new_acti_012700,012700,"CULTIVO DE PLANTAS CON LAS QUE SE PREPARAN BEBIDAS (INCLUYE EL CULTIVO DE CAFÉ, TÉ Y MATE)",1
eco_new_acti_012801,012801,CULTIVO DE ESPECIAS,1
eco_new_acti_012802,012802,"CULTIVO DE PLANTAS AROMÁTICAS, MEDICINALES Y FARMACÉUTICAS",1
eco_new_acti_012900,012900,CULTIVO DE OTRAS PLANTAS PERENNES,1
eco_new_acti_013000,013000,CULTIVO DE PLANTAS VIVAS INCLUIDA LA PRODUCCIÓN EN VIVEROS (EXCEPTO VIVEROS FORESTALES),1
eco_new_acti_014101,014101,CRÍA DE GANADO BOVINO PARA LA PRODUCCIÓN LECHERA,1
eco_new_acti_014102,014102,CRÍA DE GANADO BOVINO PARA LA PRODUCCIÓN DE CARNE O COMO GANADO REPRODUCTOR,1
eco_new_acti_014200,014200,CRÍA DE CABALLOS Y OTROS EQUINOS,1
eco_new_acti_014300,014300,"CRÍA DE LLAMAS, ALPACAS, VICUÑAS, GUANACOS Y OTROS CAMÉLIDOS",1
eco_new_acti_014410,014410,CRÍA DE OVEJAS (OVINOS),1
eco_new_acti_014420,014420,CRÍA DE CABRAS (CAPRINOS),1
eco_new_acti_014500,014500,CRÍA DE CERDOS,1
eco_new_acti_014601,014601,CRÍA DE AVES DE CORRAL PARA LA PRODUCCIÓN DE CARNE,1
eco_new_acti_014602,014602,CRÍA DE AVES DE CORRAL PARA LA PRODUCCIÓN DE HUEVOS,1
eco_new_acti_014901,014901,APICULTURA,1
eco_new_acti_014909,014909,CRÍA DE OTROS ANIMALES N.C.P.,1
eco_new_acti_015000,015000,CULTIVO DE PRODUCTOS AGRÍCOLAS EN COMBINACIÓN CON LA CRÍA DE ANIMALES (EXPLOTACIÓN MIXTA),1
eco_new_acti_016100,016100,ACTIVIDADES DE APOYO A LA AGRICULTURA,1
eco_new_acti_016200,016200,ACTIVIDADES DE APOYO A LA GANADERÍA,1
eco_new_acti_016300,016300,ACTIVIDADES POSCOSECHA,1
eco_new_acti_016400,016400,TRATAMIENTO DE SEMILLAS PARA PROPAGACIÓN,1
eco_new_acti_017000,017000,CAZA ORDINARIA Y MEDIANTE TRAMPAS Y ACTIVIDADES DE SERVICIOS CONEXAS,1
eco_new_acti_021001,021001,EXPLOTACIÓN DE VIVEROS FORESTALES,1
eco_new_acti_021002,021002,SILVICULTURA Y OTRAS ACTIVIDADES FORESTALES (EXCEPTO EXPLOTACIÓN DE VIVEROS FORESTALES),1
eco_new_acti_022000,022000,EXTRACCIÓN DE MADERA,1
eco_new_acti_023000,023000,RECOLECCIÓN DE PRODUCTOS FORESTALES DISTINTOS DE LA MADERA,1
eco_new_acti_024001,024001,SERVICIOS DE FORESTACIÓN A CAMBIO DE UNA RETRIBUCIÓN O POR CONTRATA,1
eco_new_acti_024002,024002,SERVICIOS DE CORTA DE MADERA A CAMBIO DE UNA RETRIBUCIÓN O POR CONTRATA,1
eco_new_acti_024003,024003,SERVICIOS DE EXTINCIÓN Y PREVENCIÓN DE INCENDIOS FORESTALES,1
eco_new_acti_024009,024009,OTROS SERVICIOS DE APOYO A LA SILVICULTURA N.C.P.,1
eco_new_acti_031110,031110,"PESCA MARÍTIMA INDUSTRIAL, EXCEPTO DE BARCOS FACTORÍA",1
eco_new_acti_031120,031120,PESCA MARÍTIMA ARTESANAL,1
eco_new_acti_031130,031130,RECOLECCIÓN Y EXTRACCIÓN DE PRODUCTOS MARINOS,1
eco_new_acti_031140,031140,SERVICIOS RELACIONADOS CON LA PESCA MARÍTIMA,1
eco_new_acti_031200,031200,PESCA DE AGUA DULCE,1
eco_new_acti_032110,032110,CULTIVO Y CRIANZA DE PECES MARINOS,1
eco_new_acti_032120,032120,"CULTIVO, REPRODUCCIÓN Y MANEJO DE ALGAS MARINAS",1
eco_new_acti_032130,032130,"REPRODUCCIÓN Y CRÍA DE MOLUSCOS, CRUSTÁCEOS Y GUSANOS MARINOS",1
eco_new_acti_032140,032140,SERVICIOS RELACIONADOS CON LA ACUICULTURA MARINA,1
eco_new_acti_032200,032200,ACUICULTURA DE AGUA DULCE,1
eco_new_acti_040000,040000,EXTRACCIÓN Y PROCESAMIENTO DE COBRE,1
eco_new_acti_051000,051000,EXTRACCIÓN DE CARBÓN DE PIEDRA,1
eco_new_acti_052000,052000,EXTRACCIÓN DE LIGNITO,1
eco_new_acti_061000,061000,EXTRACCIÓN DE PETRÓLEO CRUDO,1
eco_new_acti_062000,062000,EXTRACCIÓN DE GAS NATURAL,1
eco_new_acti_071000,071000,EXTRACCIÓN DE MINERALES DE HIERRO,1
eco_new_acti_072100,072100,EXTRACCIÓN DE MINERALES DE URANIO Y TORIO,1
eco_new_acti_072910,072910,EXTRACCIÓN DE ORO Y PLATA,1
eco_new_acti_072991,072991,EXTRACCIÓN DE ZINC Y PLOMO,1
eco_new_acti_072992,072992,EXTRACCIÓN DE MANGANESO,1
eco_new_acti_072999,072999,"EXTRACCIÓN DE OTROS MINERALES METALÍFEROS NO FERROSOS N.C.P. (EXCEPTO ZINC, PLOMO Y MANGANESO)",1
eco_new_acti_081000,081000,"EXTRACCIÓN DE PIEDRA, ARENA Y ARCILLA",1
eco_new_acti_089110,089110,EXTRACCIÓN Y PROCESAMIENTO DE LITIO,1
eco_new_acti_089190,089190,EXTRACCIÓN DE MINERALES PARA LA FABRICACIÓN DE ABONOS Y PRODUCTOS QUÍMICOS N.C.P.,1
eco_new_acti_089200,089200,EXTRACCIÓN DE TURBA,1
eco_new_acti_089300,089300,EXTRACCIÓN DE SAL,1
eco_new_acti_089900,089900,EXPLOTACIÓN DE OTRAS MINAS Y CANTERAS N.C.P.,1
eco_new_acti_091001,091001,ACTIVIDADES DE APOYO PARA LA EXTRACCIÓN DE PETRÓLEO Y GAS NATURAL PRESTADOS POR EMPRESAS,1
eco_new_acti_091002,091002,ACTIVIDADES DE APOYO PARA LA EXTRACCIÓN DE PETRÓLEO Y GAS NATURAL PRESTADOS POR PROFESIONALES,2
eco_new_acti_099001,099001,ACTIVIDADES DE APOYO PARA LA EXPLOTACIÓN DE OTRAS MINAS Y CANTERAS PRESTADOS POR EMPRESAS,1
eco_new_acti_099002,099002,ACTIVIDADES DE APOYO PARA LA EXPLOTACIÓN DE OTRAS MINAS Y CANTERAS PRESTADOS POR PROFESIONALES,2
eco_new_acti_101011,101011,"EXPLOTACIÓN DE MATADEROS DE BOVINOS, OVINOS, EQUINOS, CAPRINOS, PORCINOS Y CAMÉLIDOS",1
eco_new_acti_101019,101019,EXPLOTACIÓN DE MATADEROS DE AVES Y DE OTROS TIPOS DE ANIMALES N.C.P.,1
eco_new_acti_101020,101020,ELABORACIÓN Y CONSERVACIÓN DE CARNE Y PRODUCTOS CÁRNICOS,1
eco_new_acti_102010,102010,PRODUCCIÓN DE HARINA DE PESCADO,1
eco_new_acti_102020,102020,ELABORACIÓN Y CONSERVACIÓN DE SALMÓNIDOS,1
eco_new_acti_102030,102030,"ELABORACIÓN Y CONSERVACIÓN DE OTROS PESCADOS, EN PLANTAS EN TIERRA (EXCEPTO BARCOS FACTORÍA)",1
eco_new_acti_102040,102040,"ELABORACIÓN Y CONSERVACIÓN DE CRUSTÁCEOS, MOLUSCOS Y OTROS PRODUCTOS ACUÁTICOS, EN PLANTAS EN TIERRA",1
eco_new_acti_102050,102050,"ACTIVIDADES DE ELABORACIÓN Y CONSERVACIÓN DE PESCADO, REALIZADAS EN BARCOS FACTORÍA",1
eco_new_acti_102060,102060,ELABORACIÓN Y PROCESAMIENTO DE ALGAS,1
eco_new_acti_103000,103000,"ELABORACIÓN Y CONSERVACIÓN DE FRUTAS, LEGUMBRES Y HORTALIZAS",1
eco_new_acti_104000,104000,ELABORACIÓN DE ACEITES Y GRASAS DE ORIGEN VEGETAL Y ANIMAL (EXCEPTO ELABORACIÓN DE MANTEQUILLA),1
eco_new_acti_105000,105000,ELABORACIÓN DE PRODUCTOS LÁCTEOS,1
eco_new_acti_106101,106101,"MOLIENDA DE TRIGO: PRODUCCIÓN DE HARINA, SÉMOLA Y GRÁNULOS",1
eco_new_acti_106102,106102,MOLIENDA DE ARROZ; PRODUCCIÓN DE HARINA DE ARROZ,1
eco_new_acti_106109,106109,ELABORACIÓN DE OTROS PRODUCTOS DE MOLINERÍA N.C.P.,1
eco_new_acti_106200,106200,ELABORACIÓN DE ALMIDONES Y PRODUCTOS DERIVADOS DEL ALMIDÓN,1
eco_new_acti_107100,107100,ELABORACIÓN DE PRODUCTOS DE PANADERÍA Y PASTELERÍA,1
eco_new_acti_107200,107200,ELABORACIÓN DE AZÚCAR,1
eco_new_acti_107300,107300,"ELABORACIÓN DE CACAO, CHOCOLATE Y DE PRODUCTOS DE CONFITERÍA",1
eco_new_acti_107400,107400,"ELABORACIÓN DE MACARRONES, FIDEOS, ALCUZCUZ Y PRODUCTOS FARINÁCEOS SIMILARES",1
eco_new_acti_107500,107500,"ELABORACIÓN DE COMIDAS Y PLATOS PREPARADOS ENVASADOS, ROTULADOS Y CON INFORMACIÓN NUTRICIONAL",1
eco_new_acti_107901,107901,"ELABORACIÓN DE TÉ, CAFÉ, MATE E INFUSIONES DE HIERBAS",1
eco_new_acti_107902,107902,ELABORACIÓN DE LEVADURAS NATURALES O ARTIFICIALES,1
eco_new_acti_107903,107903,"ELABORACIÓN DE VINAGRES, MOSTAZAS, MAYONESAS Y CONDIMENTOS EN GENERAL",1
eco_new_acti_107909,107909,ELABORACIÓN DE OTROS PRODUCTOS ALIMENTICIOS N.C.P.,1
eco_new_acti_108000,108000,ELABORACIÓN DE PIENSOS PREPARADOS PARA ANIMALES,1
eco_new_acti_110110,110110,ELABORACIÓN DE PISCO (INDUSTRIAS PISQUERAS),1
eco_new_acti_110120,110120,"DESTILACIÓN, RECTIFICACIÓN Y MEZCLAS DE BEBIDAS ALCOHÓLICAS; EXCEPTO PISCO",1
eco_new_acti_110200,110200,ELABORACIÓN DE VINOS,1
eco_new_acti_110300,110300,ELABORACIÓN DE BEBIDAS MALTEADAS Y DE MALTA,1
eco_new_acti_110401,110401,ELABORACIÓN DE BEBIDAS NO ALCOHÓLICAS,1
eco_new_acti_110402,110402,PRODUCCIÓN DE AGUAS MINERALES Y OTRAS AGUAS EMBOTELLADAS,1
eco_new_acti_120001,120001,ELABORACIÓN DE CIGARROS Y CIGARRILLOS,1
eco_new_acti_120009,120009,ELABORACIÓN DE OTROS PRODUCTOS DE TABACO N.C.P.,1
eco_new_acti_131100,131100,PREPARACIÓN E HILATURA DE FIBRAS TEXTILES,1
eco_new_acti_131200,131200,TEJEDURA DE PRODUCTOS TEXTILES,1
eco_new_acti_131300,131300,ACABADO DE PRODUCTOS TEXTILES,1
eco_new_acti_139100,139100,FABRICACIÓN DE TEJIDOS DE PUNTO Y GANCHILLO,1
eco_new_acti_139200,139200,"FABRICACIÓN DE ARTÍCULOS CONFECCIONADOS DE MATERIALES TEXTILES, EXCEPTO PRENDAS DE VESTIR",1
eco_new_acti_139300,139300,FABRICACIÓN DE TAPICES Y ALFOMBRAS,1
eco_new_acti_139400,139400,"FABRICACIÓN DE CUERDAS, CORDELES, BRAMANTES Y REDES",1
eco_new_acti_139900,139900,FABRICACIÓN DE OTROS PRODUCTOS TEXTILES N.C.P.,1
eco_new_acti_141001,141001,FABRICACIÓN DE PRENDAS DE VESTIR DE MATERIALES TEXTILES Y SIMILARES,1
eco_new_acti_141002,141002,FABRICACIÓN DE PRENDAS DE VESTIR DE CUERO NATURAL O ARTIFICIAL,1
eco_new_acti_141003,141003,FABRICACIÓN DE ACCESORIOS DE VESTIR,1
eco_new_acti_141004,141004,FABRICACIÓN DE ROPA DE TRABAJO,1
eco_new_acti_142000,142000,FABRICACIÓN DE ARTÍCULOS DE PIEL,1
eco_new_acti_143000,143000,FABRICACIÓN DE ARTÍCULOS DE PUNTO Y GANCHILLO,1
eco_new_acti_151100,151100,CURTIDO Y ADOBO DE CUEROS; ADOBO Y TEÑIDO DE PIELES,1
eco_new_acti_151200,151200,"FABRICACIÓN DE MALETAS, BOLSOS Y ARTÍCULOS SIMILARES, ARTÍCULOS DE TALABARTERÍA Y GUARNICIONERÍA",1
eco_new_acti_152000,152000,FABRICACIÓN DE CALZADO,1
eco_new_acti_161000,161000,ASERRADO Y ACEPILLADURA DE MADERA,1
eco_new_acti_162100,162100,FABRICACIÓN DE HOJAS DE MADERA PARA ENCHAPADO Y TABLEROS A BASE DE MADERA,1
eco_new_acti_162200,162200,FABRICACIÓN DE PARTES Y PIEZAS DE CARPINTERÍA PARA EDIFICIOS Y CONSTRUCCIONES,1
eco_new_acti_162300,162300,FABRICACIÓN DE RECIPIENTES DE MADERA,1
eco_new_acti_162900,162900,"FABRICACIÓN DE OTROS PRODUCTOS DE MADERA, DE ARTÍCULOS DE CORCHO, PAJA Y MATERIALES TRENZABLES",1
eco_new_acti_170110,170110,FABRICACIÓN DE CELULOSA Y OTRAS PASTAS DE MADERA,1
eco_new_acti_170190,170190,FABRICACIÓN DE PAPEL Y CARTÓN PARA SU POSTERIOR USO INDUSTRIAL N.C.P.,1
eco_new_acti_170200,170200,FABRICACIÓN DE PAPEL Y CARTÓN ONDULADO Y DE ENVASES DE PAPEL Y CARTÓN,1
eco_new_acti_170900,170900,FABRICACIÓN DE OTROS ARTÍCULOS DE PAPEL Y CARTÓN,1
eco_new_acti_181101,181101,IMPRESIÓN DE LIBROS,1
eco_new_acti_181109,181109,OTRAS ACTIVIDADES DE IMPRESIÓN N.C.P.,1
eco_new_acti_181200,181200,ACTIVIDADES DE SERVICIOS RELACIONADAS CON LA IMPRESIÓN,1
eco_new_acti_182000,182000,REPRODUCCIÓN DE GRABACIONES,1
eco_new_acti_191000,191000,FABRICACIÓN DE PRODUCTOS DE HORNOS DE COQUE,1
eco_new_acti_192000,192000,FABRICACIÓN DE PRODUCTOS DE LA REFINACIÓN DEL PETRÓLEO,1
eco_new_acti_201101,201101,FABRICACIÓN DE CARBÓN VEGETAL (EXCEPTO ACTIVADO); FABRICACIÓN DE BRIQUETAS DE CARBÓN VEGETAL,1
eco_new_acti_201109,201109,FABRICACIÓN DE OTRAS SUSTANCIAS QUÍMICAS BÁSICAS N.C.P.,1
eco_new_acti_201200,201200,FABRICACIÓN DE ABONOS Y COMPUESTOS DE NITRÓGENO,1
eco_new_acti_201300,201300,FABRICACIÓN DE PLÁSTICOS Y CAUCHO SINTÉTICO EN FORMAS PRIMARIAS,1
eco_new_acti_202100,202100,FABRICACIÓN DE PLAGUICIDAS Y OTROS PRODUCTOS QUÍMICOS DE USO AGROPECUARIO,1
eco_new_acti_202200,202200,"FABRICACIÓN DE PINTURAS, BARNICES Y PRODUCTOS DE REVESTIMIENTO, TINTAS DE IMPRENTA Y MASILLAS",1
eco_new_acti_202300,202300,"FABRICACIÓN DE JABONES Y DETERGENTES, PREPARADOS PARA LIMPIAR, PERFUMES Y PREPARADOS DE TOCADOR",1
eco_new_acti_202901,202901,FABRICACIÓN DE EXPLOSIVOS Y PRODUCTOS PIROTÉCNICOS,1
eco_new_acti_202909,202909,FABRICACIÓN DE OTROS PRODUCTOS QUÍMICOS N.C.P.,1
eco_new_acti_203000,203000,FABRICACIÓN DE FIBRAS ARTIFICIALES,1
eco_new_acti_210000,210000,"FABRICACIÓN DE PRODUCTOS FARMACÉUTICOS, SUSTANCIAS QUÍMICAS MEDICINALES Y PRODUCTOS BOTÁNICOS",1
eco_new_acti_221100,221100,FABRICACIÓN DE CUBIERTAS Y CÁMARAS DE CAUCHO; RECAUCHUTADO Y RENOVACIÓN DE CUBIERTAS DE CAUCHO,1
eco_new_acti_221900,221900,FABRICACIÓN DE OTROS PRODUCTOS DE CAUCHO,1
eco_new_acti_222000,222000,FABRICACIÓN DE PRODUCTOS DE PLÁSTICO,1
eco_new_acti_231001,231001,FABRICACIÓN DE VIDRIO PLANO,1
eco_new_acti_231002,231002,FABRICACIÓN DE VIDRIO HUECO,1
eco_new_acti_231003,231003,FABRICACIÓN DE FIBRAS DE VIDRIO,1
eco_new_acti_231009,231009,FABRICACIÓN DE PRODUCTOS DE VIDRIO N.C.P.,1
eco_new_acti_239100,239100,FABRICACIÓN DE PRODUCTOS REFRACTARIOS,1
eco_new_acti_239200,239200,FABRICACIÓN DE MATERIALES DE CONSTRUCCIÓN DE ARCILLA,1
eco_new_acti_239300,239300,FABRICACIÓN DE OTROS PRODUCTOS DE PORCELANA Y DE CERÁMICA,1
eco_new_acti_239400,239400,"FABRICACIÓN DE CEMENTO, CAL Y YESO",1
eco_new_acti_239500,239500,"FABRICACIÓN DE ARTÍCULOS DE HORMIGÓN, CEMENTO Y YESO",1
eco_new_acti_239600,239600,"CORTE, TALLA Y ACABADO DE LA PIEDRA",1
eco_new_acti_239900,239900,FABRICACIÓN DE OTROS PRODUCTOS MINERALES NO METÁLICOS N.C.P.,1
eco_new_acti_241000,241000,INDUSTRIAS BÁSICAS DE HIERRO Y ACERO,1
eco_new_acti_242001,242001,FABRICACIÓN DE PRODUCTOS PRIMARIOS DE COBRE,1
eco_new_acti_242002,242002,FABRICACIÓN DE PRODUCTOS PRIMARIOS DE ALUMINIO,1
eco_new_acti_242009,242009,FABRICACIÓN DE PRODUCTOS PRIMARIOS DE METALES PRECIOSOS Y DE OTROS METALES NO FERROSOS N.C.P.,1
eco_new_acti_243100,243100,FUNDICIÓN DE HIERRO Y ACERO,1
eco_new_acti_243200,243200,FUNDICIÓN DE METALES NO FERROSOS,1
eco_new_acti_251100,251100,FABRICACIÓN DE PRODUCTOS METÁLICOS PARA USO ESTRUCTURAL,1
eco_new_acti_251201,251201,FABRICACIÓN DE RECIPIENTES DE METAL PARA GASES COMPRIMIDOS O LICUADOS,1
eco_new_acti_251209,251209,"FABRICACIÓN DE TANQUES, DEPÓSITOS Y RECIPIENTES DE METAL N.C.P.",1
eco_new_acti_251300,251300,"FABRICACIÓN DE GENERADORES DE VAPOR, EXCEPTO CALDERAS DE AGUA CALIENTE PARA CALEFACCIÓN CENTRAL",1
eco_new_acti_252000,252000,FABRICACIÓN DE ARMAS Y MUNICIONES,1
eco_new_acti_259100,259100,"FORJA, PRENSADO, ESTAMPADO Y LAMINADO DE METALES; PULVIMETALURGIA",1
eco_new_acti_259200,259200,TRATAMIENTO Y REVESTIMIENTO DE METALES; MAQUINADO,1
eco_new_acti_259300,259300,"FABRICACIÓN DE ARTÍCULOS DE CUCHILLERÍA, HERRAMIENTAS DE MANO Y ARTÍCULOS DE FERRETERÍA",1
eco_new_acti_259900,259900,FABRICACIÓN DE OTROS PRODUCTOS ELABORADOS DE METAL N.C.P.,1
eco_new_acti_261000,261000,FABRICACIÓN DE COMPONENTES Y TABLEROS ELECTRÓNICOS,1
eco_new_acti_262000,262000,FABRICACIÓN DE COMPUTADORES Y EQUIPO PERIFÉRICO,1
eco_new_acti_263000,263000,FABRICACIÓN DE EQUIPO DE COMUNICACIONES,1
eco_new_acti_264000,264000,FABRICACIÓN DE APARATOS ELECTRÓNICOS DE CONSUMO,1
eco_new_acti_265100,265100,"FABRICACIÓN DE EQUIPO DE MEDICIÓN, PRUEBA, NAVEGACIÓN Y CONTROL",1
eco_new_acti_265200,265200,FABRICACIÓN DE RELOJES,1
eco_new_acti_266000,266000,FABRICACIÓN DE EQUIPO DE IRRADIACIÓN Y EQUIPO ELECTRÓNICO DE USO MÉDICO Y TERAPÉUTICO,1
eco_new_acti_267000,267000,FABRICACIÓN DE INSTRUMENTOS ÓPTICOS Y EQUIPO FOTOGRÁFICO,1
eco_new_acti_268000,268000,FABRICACIÓN DE SOPORTES MAGNÉTICOS Y ÓPTICOS,1
eco_new_acti_271000,271000,"FABRICACIÓN DE MOTORES, GENERADORES Y TRANSFORMADORES ELÉCTRICOS, APARATOS DE DISTRIBUCIÓN Y CONTROL",1
eco_new_acti_272000,272000,"FABRICACIÓN DE PILAS, BATERÍAS Y ACUMULADORES",1
eco_new_acti_273100,273100,FABRICACIÓN DE CABLES DE FIBRA ÓPTICA,1
eco_new_acti_273200,273200,FABRICACIÓN DE OTROS HILOS Y CABLES ELÉCTRICOS,1
eco_new_acti_273300,273300,FABRICACIÓN DE DISPOSITIVOS DE CABLEADO,1
eco_new_acti_274000,274000,FABRICACIÓN DE EQUIPO ELÉCTRICO DE ILUMINACIÓN,1
eco_new_acti_275000,275000,FABRICACIÓN DE APARATOS DE USO DOMÉSTICO,1
eco_new_acti_279000,279000,FABRICACIÓN DE OTROS TIPOS DE EQUIPO ELÉCTRICO,1
eco_new_acti_281100,281100,"FABRICACIÓN DE MOTORES Y TURBINAS, EXCEPTO PARA AERONAVES, VEHÍCULOS AUTOMOTORES Y MOTOCICLETAS",1
eco_new_acti_281200,281200,FABRICACIÓN DE EQUIPO DE PROPULSIÓN DE FLUIDOS,1
eco_new_acti_281300,281300,"FABRICACIÓN DE OTRAS BOMBAS, COMPRESORES, GRIFOS Y VÁLVULAS",1
eco_new_acti_281400,281400,"FABRICACIÓN DE COJINETES, ENGRANAJES, TRENES DE ENGRANAJES Y PIEZAS DE TRANSMISIÓN",1
eco_new_acti_281500,281500,"FABRICACIÓN DE HORNOS, CALDERAS Y QUEMADORES",1
eco_new_acti_281600,281600,FABRICACIÓN DE EQUIPO DE ELEVACIÓN Y MANIPULACIÓN,1
eco_new_acti_281700,281700,FABRICACIÓN DE MAQUINARIA Y EQUIPO DE OFICINA (EXCEPTO COMPUTADORES Y EQUIPO PERIFÉRICO),1
eco_new_acti_281800,281800,FABRICACIÓN DE HERRAMIENTAS DE MANO MOTORIZADAS,1
eco_new_acti_281900,281900,FABRICACIÓN DE OTROS TIPOS DE MAQUINARIA DE USO GENERAL,1
eco_new_acti_282100,282100,FABRICACIÓN DE MAQUINARIA AGROPECUARIA Y FORESTAL,1
eco_new_acti_282200,282200,FABRICACIÓN DE MAQUINARIA PARA LA CONFORMACIÓN DE METALES Y DE MÁQUINAS HERRAMIENTA,1
eco_new_acti_282300,282300,FABRICACIÓN DE MAQUINARIA METALÚRGICA,1
eco_new_acti_282400,282400,FABRICACIÓN DE MAQUINARIA PARA LA EXPLOTACIÓN DE MINAS Y CANTERAS Y PARA OBRAS DE CONSTRUCCIÓN,1
eco_new_acti_282500,282500,"FABRICACIÓN DE MAQUINARIA PARA LA ELABORACIÓN DE ALIMENTOS, BEBIDAS Y TABACO",1
eco_new_acti_282600,282600,"FABRICACIÓN DE MAQUINARIA PARA LA ELABORACIÓN DE PRODUCTOS TEXTILES, PRENDAS DE VESTIR Y CUEROS",1
eco_new_acti_282900,282900,FABRICACIÓN DE OTROS TIPOS DE MAQUINARIA DE USO ESPECIAL,1
eco_new_acti_291000,291000,FABRICACIÓN DE VEHÍCULOS AUTOMOTORES,1
eco_new_acti_292000,292000,FABRICACIÓN DE CARROCERÍAS PARA VEHÍCULOS AUTOMOTORES; FABRICACIÓN DE REMOLQUES Y SEMIRREMOLQUES,1
eco_new_acti_293000,293000,"FABRICACIÓN DE PARTES, PIEZAS Y ACCESORIOS PARA VEHÍCULOS AUTOMOTORES",1
eco_new_acti_301100,301100,"CONSTRUCCIÓN DE BUQUES, EMBARCACIONES MENORES Y ESTRUCTURAS FLOTANTES",1
eco_new_acti_301200,301200,CONSTRUCCIÓN DE EMBARCACIONES DE RECREO Y DE DEPORTE,1
eco_new_acti_302000,302000,FABRICACIÓN DE LOCOMOTORAS Y MATERIAL RODANTE,1
eco_new_acti_303000,303000,"FABRICACIÓN DE AERONAVES, NAVES ESPACIALES Y MAQUINARIA CONEXA",1
eco_new_acti_304000,304000,FABRICACIÓN DE VEHÍCULOS MILITARES DE COMBATE,1
eco_new_acti_309100,309100,FABRICACIÓN DE MOTOCICLETAS,1
eco_new_acti_309200,309200,FABRICACIÓN DE BICICLETAS Y DE SILLAS DE RUEDAS,1
eco_new_acti_309900,309900,FABRICACIÓN DE OTROS TIPOS DE EQUIPO DE TRANSPORTE N.C.P.,1
eco_new_acti_310001,310001,FABRICACIÓN DE MUEBLES PRINCIPALMENTE DE MADERA,1
eco_new_acti_310009,310009,FABRICACIÓN DE COLCHONES; FABRICACIÓN DE OTROS MUEBLES N.C.P.,1
eco_new_acti_321100,321100,FABRICACIÓN DE JOYAS Y ARTÍCULOS CONEXOS,1
eco_new_acti_321200,321200,FABRICACIÓN DE BISUTERÍA Y ARTÍCULOS CONEXOS,1
eco_new_acti_322000,322000,FABRICACIÓN DE INSTRUMENTOS MUSICALES,1
eco_new_acti_323000,323000,FABRICACIÓN DE ARTÍCULOS DE DEPORTE,1
eco_new_acti_324000,324000,FABRICACIÓN DE JUEGOS Y JUGUETES,1
eco_new_acti_325001,325001,ACTIVIDADES DE LABORATORIOS DENTALES,1
eco_new_acti_325009,325009,"FABRICACIÓN DE INSTRUMENTOS Y MATERIALES MÉDICOS, OFTALMOLÓGICOS Y ODONTOLÓGICOS N.C.P.",1
eco_new_acti_329000,329000,OTRAS INDUSTRIAS MANUFACTURERAS N.C.P.,1
eco_new_acti_331100,331100,REPARACIÓN DE PRODUCTOS ELABORADOS DE METAL,1
eco_new_acti_331201,331201,REPARACIÓN DE MAQUINARIA AGROPECUARIA Y FORESTAL,1
eco_new_acti_331202,331202,"REPARACIÓN DE MAQUINARIA METALÚRGICA, PARA LA MINERÍA, EXTRACCIÓN DE PETRÓLEO Y PARA LA CONSTRUCCIÓN",1
eco_new_acti_331203,331203,"REPARACIÓN DE MAQUINARIA PARA LA ELABORACIÓN DE ALIMENTOS, BEBIDAS Y TABACO",1
eco_new_acti_331204,331204,"REPARACIÓN DE MAQUINARIA PARA PRODUCIR TEXTILES, PRENDAS DE VESTIR, ARTÍCULOS DE CUERO Y CALZADO",1
eco_new_acti_331209,331209,REPARACIÓN DE OTRO TIPO DE MAQUINARIA Y EQUIPOS INDUSTRIALES N.C.P.,1
eco_new_acti_331301,331301,"REPARACIÓN DE EQUIPO DE MEDICIÓN, PRUEBA, NAVEGACIÓN Y CONTROL",1
eco_new_acti_331309,331309,REPARACIÓN DE OTROS EQUIPOS ELECTRÓNICOS Y ÓPTICOS N.C.P.,1
eco_new_acti_331400,331400,REPARACIÓN DE EQUIPO ELÉCTRICO (EXCEPTO REPARACIÓN DE EQUIPO Y ENSERES DOMÉSTICOS),1
eco_new_acti_331501,331501,"REPARACIÓN DE BUQUES, EMBARCACIONES MENORES Y ESTRUCTURAS FLOTANTES",1
eco_new_acti_331502,331502,REPARACIÓN DE AERONAVES Y NAVES ESPACIALES,1
eco_new_acti_331509,331509,"REPARACIÓN DE OTROS EQUIPOS DE TRANSPORTE N.C.P., EXCEPTO VEHÍCULOS AUTOMOTORES",1
eco_new_acti_331900,331900,REPARACIÓN DE OTROS TIPOS DE EQUIPO,1
eco_new_acti_332000,332000,INSTALACIÓN DE MAQUINARIA Y EQUIPOS INDUSTRIALES,1
eco_new_acti_351011,351011,GENERACIÓN DE ENERGÍA ELÉCTRICA EN CENTRALES HIDROELÉCTRICAS,1
eco_new_acti_351012,351012,GENERACIÓN DE ENERGÍA ELÉCTRICA EN CENTRALES TERMOELÉCTRICAS,1
eco_new_acti_351019,351019,GENERACIÓN DE ENERGÍA ELÉCTRICA EN OTRAS CENTRALES N.C.P.,1
eco_new_acti_351020,351020,TRANSMISIÓN DE ENERGÍA ELÉCTRICA,1
eco_new_acti_351030,351030,DISTRIBUCIÓN DE ENERGÍA ELÉCTRICA,1
eco_new_acti_352010,352010,REGASIFICACIÓN DE GAS NATURAL LICUADO (GNL),1
eco_new_acti_352020,352020,"FABRICACIÓN DE GAS; DISTRIBUCIÓN DE COMBUSTIBLES GASEOSOS POR TUBERÍA, EXCEPTO REGASIFICACIÓN DE GNL",1
eco_new_acti_353001,353001,SUMINISTRO DE VAPOR Y DE AIRE ACONDICIONADO,1
eco_new_acti_353002,353002,ELABORACIÓN DE HIELO (EXCEPTO FABRICACIÓN DE HIELO SECO),1
eco_new_acti_360000,360000,"CAPTACIÓN, TRATAMIENTO Y DISTRIBUCIÓN DE AGUA",1
eco_new_acti_370000,370000,EVACUACIÓN Y TRATAMIENTO DE AGUAS SERVIDAS,1
eco_new_acti_381100,381100,RECOGIDA DE DESECHOS NO PELIGROSOS,1
eco_new_acti_381200,381200,RECOGIDA DE DESECHOS PELIGROSOS,1
eco_new_acti_382100,382100,TRATAMIENTO Y ELIMINACIÓN DE DESECHOS NO PELIGROSOS,1
eco_new_acti_382200,382200,TRATAMIENTO Y ELIMINACIÓN DE DESECHOS PELIGROSOS,1
eco_new_acti_383001,383001,RECUPERACIÓN Y RECICLAMIENTO DE DESPERDICIOS Y DESECHOS METÁLICOS,1
eco_new_acti_383002,383002,RECUPERACIÓN Y RECICLAMIENTO DE PAPEL,1
eco_new_acti_383003,383003,RECUPERACIÓN Y RECICLAMIENTO DE VIDRIO,1
eco_new_acti_383009,383009,RECUPERACIÓN Y RECICLAMIENTO DE OTROS DESPERDICIOS Y DESECHOS N.C.P.,1
eco_new_acti_390000,390000,ACTIVIDADES DE DESCONTAMINACIÓN Y OTROS SERVICIOS DE GESTIÓN DE DESECHOS,1
eco_new_acti_410010,410010,CONSTRUCCIÓN DE EDIFICIOS PARA USO RESIDENCIAL,1
eco_new_acti_410020,410020,CONSTRUCCIÓN DE EDIFICIOS PARA USO NO RESIDENCIAL,1
eco_new_acti_421000,421000,CONSTRUCCIÓN DE CARRETERAS Y LÍNEAS DE FERROCARRIL,1
eco_new_acti_422000,422000,CONSTRUCCIÓN DE PROYECTOS DE SERVICIO PÚBLICO,1
eco_new_acti_429000,429000,CONSTRUCCIÓN DE OTRAS OBRAS DE INGENIERÍA CIVIL,1
eco_new_acti_431100,431100,DEMOLICIÓN,1
eco_new_acti_431200,431200,PREPARACIÓN DEL TERRENO,1
eco_new_acti_432100,432100,INSTALACIONES ELÉCTRICAS,1
eco_new_acti_432200,432200,"INSTALACIONES DE GASFITERÍA, CALEFACCIÓN Y AIRE ACONDICIONADO",1
eco_new_acti_432900,432900,OTRAS INSTALACIONES PARA OBRAS DE CONSTRUCCIÓN,1
eco_new_acti_433000,433000,TERMINACIÓN Y ACABADO DE EDIFICIOS,1
eco_new_acti_439000,439000,OTRAS ACTIVIDADES ESPECIALIZADAS DE CONSTRUCCIÓN,1
eco_new_acti_451001,451001,VENTA AL POR MAYOR DE VEHÍCULOS AUTOMOTORES,1
eco_new_acti_451002,451002,VENTA AL POR MENOR DE VEHÍCULOS AUTOMOTORES NUEVOS O USADOS (INCLUYE COMPRAVENTA),1
eco_new_acti_452001,452001,SERVICIO DE LAVADO DE VEHÍCULOS AUTOMOTORES,1
eco_new_acti_452002,452002,MANTENIMIENTO Y REPARACIÓN DE VEHÍCULOS AUTOMOTORES,1
eco_new_acti_453000,453000,"VENTA DE PARTES, PIEZAS Y ACCESORIOS PARA VEHÍCULOS AUTOMOTORES",1
eco_new_acti_454001,454001,VENTA DE MOTOCICLETAS,1
eco_new_acti_454002,454002,"VENTA DE PARTES, PIEZAS Y ACCESORIOS DE MOTOCICLETAS",1
eco_new_acti_454003,454003,MANTENIMIENTO Y REPARACIÓN DE MOTOCICLETAS,1
eco_new_acti_461001,461001,CORRETAJE AL POR MAYOR DE PRODUCTOS AGRÍCOLAS,1
eco_new_acti_461002,461002,CORRETAJE AL POR MAYOR DE GANADO,1
eco_new_acti_461009,461009,OTROS TIPOS DE CORRETAJES O REMATES AL POR MAYOR N.C.P.,1
eco_new_acti_462010,462010,VENTA AL POR MAYOR DE MATERIAS PRIMAS AGRÍCOLAS,1
eco_new_acti_462020,462020,VENTA AL POR MAYOR DE ANIMALES VIVOS,1
eco_new_acti_462090,462090,VENTA AL POR MAYOR DE OTRAS MATERIAS PRIMAS AGROPECUARIAS N.C.P.,1
eco_new_acti_463011,463011,VENTA AL POR MAYOR DE FRUTAS Y VERDURAS,1
eco_new_acti_463012,463012,VENTA AL POR MAYOR DE CARNE Y PRODUCTOS CÁRNICOS,1
eco_new_acti_463013,463013,"VENTA AL POR MAYOR DE PRODUCTOS DEL MAR (PESCADOS, MARISCOS Y ALGAS)",1
eco_new_acti_463014,463014,VENTA AL POR MAYOR DE PRODUCTOS DE CONFITERÍA,1
eco_new_acti_463019,463019,"VENTA AL POR MAYOR DE HUEVOS, LÁCTEOS, ABARROTES Y DE OTROS ALIMENTOS N.C.P.",1
eco_new_acti_463020,463020,VENTA AL POR MAYOR DE BEBIDAS ALCOHÓLICAS Y NO ALCOHÓLICAS,1
eco_new_acti_463030,463030,VENTA AL POR MAYOR DE TABACO,1
eco_new_acti_464100,464100,"VENTA AL POR MAYOR DE PRODUCTOS TEXTILES, PRENDAS DE VESTIR Y CALZADO",1
eco_new_acti_464901,464901,"VENTA AL POR MAYOR DE MUEBLES, EXCEPTO MUEBLES DE OFICINA",1
eco_new_acti_464902,464902,VENTA AL POR MAYOR DE ARTÍCULOS ELÉCTRICOS Y ELECTRÓNICOS PARA EL HOGAR,1
eco_new_acti_464903,464903,"VENTA AL POR MAYOR DE ARTÍCULOS DE PERFUMERÍA, DE TOCADOR Y COSMÉTICOS",1
eco_new_acti_464904,464904,VENTA AL POR MAYOR DE ARTÍCULOS DE PAPELERÍA Y ESCRITORIO,1
eco_new_acti_464905,464905,VENTA AL POR MAYOR DE LIBROS,1
eco_new_acti_464906,464906,VENTA AL POR MAYOR DE DIARIOS Y REVISTAS,1
eco_new_acti_464907,464907,VENTA AL POR MAYOR DE PRODUCTOS FARMACÉUTICOS Y MEDICINALES,1
eco_new_acti_464908,464908,VENTA AL POR MAYOR DE INSTRUMENTOS CIENTÍFICOS Y QUIRÚRGICOS,1
eco_new_acti_464909,464909,VENTA AL POR MAYOR DE OTROS ENSERES DOMÉSTICOS N.C.P.,1
eco_new_acti_465100,465100,"VENTA AL POR MAYOR DE COMPUTADORES, EQUIPO PERIFÉRICO Y PROGRAMAS INFORMÁTICOS",1
eco_new_acti_465200,465200,"VENTA AL POR MAYOR DE EQUIPO, PARTES Y PIEZAS ELECTRÓNICOS Y DE TELECOMUNICACIONES",1
eco_new_acti_465300,465300,"VENTA AL POR MAYOR DE MAQUINARIA, EQUIPO Y MATERIALES AGROPECUARIOS",1
eco_new_acti_465901,465901,"VENTA AL POR MAYOR DE MAQUINARIA METALÚRGICA, PARA LA MINERÍA, EXTRACCIÓN DE PETRÓLEO Y CONSTRUCCIÓN",1
eco_new_acti_465902,465902,"VENTA AL POR MAYOR DE MAQUINARIA PARA LA ELABORACIÓN DE ALIMENTOS, BEBIDAS Y TABACO",1
eco_new_acti_465903,465903,"VENTA AL POR MAYOR DE MAQUINARIA PARA LA INDUSTRIA TEXTIL, DEL CUERO Y DEL CALZADO",1
eco_new_acti_465904,465904,VENTA AL POR MAYOR DE MAQUINARIA Y EQUIPO DE OFICINA; VENTA AL POR MAYOR DE MUEBLES DE OFICINA,1
eco_new_acti_465905,465905,"VENTA AL POR MAYOR DE EQUIPO DE TRANSPORTE(EXCEPTO VEHÍCULOS AUTOMOTORES, MOTOCICLETAS Y BICICLETAS)",1
eco_new_acti_465909,465909,VENTA AL POR MAYOR DE OTROS TIPOS DE MAQUINARIA Y EQUIPO N.C.P.,1
eco_new_acti_466100,466100,"VENTA AL POR MAYOR DE COMBUSTIBLES SÓLIDOS, LÍQUIDOS Y GASEOSOS Y PRODUCTOS CONEXOS",1
eco_new_acti_466200,466200,VENTA AL POR MAYOR DE METALES Y MINERALES METALÍFEROS,1
eco_new_acti_466301,466301,VENTA AL POR MAYOR DE MADERA EN BRUTO Y PRODUCTOS PRIMARIOS DE LA ELABORACIÓN DE MADERA,1
eco_new_acti_466302,466302,"VENTA AL POR MAYOR DE MATERIALES DE CONSTRUCCIÓN, ARTÍCULOS DE FERRETERÍA, GASFITERÍA Y CALEFACCIÓN",1
eco_new_acti_466901,466901,VENTA AL POR MAYOR DE PRODUCTOS QUÍMICOS,1
eco_new_acti_466902,466902,VENTA AL POR MAYOR DE DESECHOS METÁLICOS (CHATARRA),1
eco_new_acti_466909,466909,"VENTA AL POR MAYOR DE DESPERDICIOS, DESECHOS Y OTROS PRODUCTOS N.C.P.",1
eco_new_acti_469000,469000,VENTA AL POR MAYOR NO ESPECIALIZADA,1
eco_new_acti_471100,471100,"VENTA AL POR MENOR EN COMERCIOS DE ALIMENTOS, BEBIDAS O TABACO (SUPERMERCADOS E HIPERMERCADOS)",1
eco_new_acti_471910,471910,VENTA AL POR MENOR EN COMERCIOS DE VESTUARIO Y PRODUCTOS PARA EL HOGAR (GRANDES TIENDAS),1
eco_new_acti_471990,471990,OTRAS ACTIVIDADES DE VENTA AL POR MENOR EN COMERCIOS NO ESPECIALIZADOS N.C.P.,1
eco_new_acti_472101,472101,VENTA AL POR MENOR DE ALIMENTOS EN COMERCIOS ESPECIALIZADOS (ALMACENES PEQUEÑOS Y MINIMARKET),1
eco_new_acti_472102,472102,VENTA AL POR MENOR EN COMERCIOS ESPECIALIZADOS DE CARNE Y PRODUCTOS CÁRNICOS,1
eco_new_acti_472103,472103,VENTA AL POR MENOR EN COMERCIOS ESPECIALIZADOS DE FRUTAS Y VERDURAS (VERDULERÍAS),1
eco_new_acti_472104,472104,"VENTA AL POR MENOR EN COMERCIOS ESPECIALIZADOS DE PESCADO, MARISCOS Y PRODUCTOS CONEXOS",1
eco_new_acti_472105,472105,VENTA AL POR MENOR EN COMERCIOS ESPECIALIZADOS DE PRODUCTOS DE PANADERÍA Y PASTELERÍA,1
eco_new_acti_472109,472109,"VENTA AL POR MENOR EN COMERCIOS ESPECIALIZADOS DE HUEVOS, CONFITES Y PRODUCTOS ALIMENTICIOS N.C.P.",1
eco_new_acti_472200,472200,VENTA AL POR MENOR DE BEBIDAS ALCOHÓLICAS Y NO ALCOHÓLICAS EN COMERCIOS ESPECIALIZADOS (BOTILLERÍAS),1
eco_new_acti_472300,472300,VENTA AL POR MENOR DE TABACO Y PRODUCTOS DE TABACO EN COMERCIOS ESPECIALIZADOS,1
eco_new_acti_473000,473000,VENTA AL POR MENOR DE COMBUSTIBLES PARA VEHÍCULOS AUTOMOTORES EN COMERCIOS ESPECIALIZADOS,1
eco_new_acti_474100,474100,"VENTA AL POR MENOR DE COMPUTADORES, EQUIPO PERIFÉRICO, PROGRAMAS INFORMÁTICOS Y EQUIPO DE TELECOM.",1
eco_new_acti_474200,474200,VENTA AL POR MENOR DE EQUIPO DE SONIDO Y DE VIDEO EN COMERCIOS ESPECIALIZADOS,1
eco_new_acti_475100,475100,"VENTA AL POR MENOR DE TELAS, LANAS, HILOS Y SIMILARES EN COMERCIOS ESPECIALIZADOS",1
eco_new_acti_475201,475201,VENTA AL POR MENOR DE ARTÍCULOS DE FERRETERÍA Y MATERIALES DE CONSTRUCCIÓN,1
eco_new_acti_475202,475202,"VENTA AL POR MENOR DE PINTURAS, BARNICES Y LACAS EN COMERCIOS ESPECIALIZADOS",1
eco_new_acti_475203,475203,VENTA AL POR MENOR DE PRODUCTOS DE VIDRIO EN COMERCIOS ESPECIALIZADOS,1
eco_new_acti_475300,475300,"VENTA AL POR MENOR DE TAPICES, ALFOMBRAS Y CUBRIMIENTOS PARA PAREDES Y PISOS",1
eco_new_acti_475901,475901,VENTA AL POR MENOR DE MUEBLES Y COLCHONES EN COMERCIOS ESPECIALIZADOS,1
eco_new_acti_475902,475902,VENTA AL POR MENOR DE INSTRUMENTOS MUSICALES EN COMERCIOS ESPECIALIZADOS,1
eco_new_acti_475909,475909,"VENTA AL POR MENOR DE APARATOS ELÉCTRICOS, TEXTILES PARA EL HOGAR Y OTROS ENSERES DOMÉSTICOS N.C.P.",1
eco_new_acti_476101,476101,VENTA AL POR MENOR DE LIBROS EN COMERCIOS ESPECIALIZADOS,1
eco_new_acti_476102,476102,VENTA AL POR MENOR DE DIARIOS Y REVISTAS EN COMERCIOS ESPECIALIZADOS,1
eco_new_acti_476103,476103,VENTA AL POR MENOR DE ARTÍCULOS DE PAPELERÍA Y ESCRITORIO EN COMERCIOS ESPECIALIZADOS,1
eco_new_acti_476200,476200,VENTA AL POR MENOR DE GRABACIONES DE MÚSICA Y DE VIDEO EN COMERCIOS ESPECIALIZADOS,1
eco_new_acti_476301,476301,VENTA AL POR MENOR DE ARTÍCULOS DE CAZA Y PESCA EN COMERCIOS ESPECIALIZADOS,1
eco_new_acti_476302,476302,VENTA AL POR MENOR DE BICICLETAS Y SUS REPUESTOS EN COMERCIOS ESPECIALIZADOS,1
eco_new_acti_476309,476309,VENTA AL POR MENOR DE OTROS ARTÍCULOS Y EQUIPOS DE DEPORTE N.C.P.,1
eco_new_acti_476400,476400,VENTA AL POR MENOR DE JUEGOS Y JUGUETES EN COMERCIOS ESPECIALIZADOS,1
eco_new_acti_477101,477101,VENTA AL POR MENOR DE CALZADO EN COMERCIOS ESPECIALIZADOS,1
eco_new_acti_477102,477102,VENTA AL POR MENOR DE PRENDAS Y ACCESORIOS DE VESTIR EN COMERCIOS ESPECIALIZADOS,1
eco_new_acti_477103,477103,"VENTA AL POR MENOR DE CARTERAS, MALETAS Y OTROS ACCESORIOS DE VIAJE EN COMERCIOS ESPECIALIZADOS",1
eco_new_acti_477201,477201,VENTA AL POR MENOR DE PRODUCTOS FARMACÉUTICOS Y MEDICINALES EN COMERCIOS ESPECIALIZADOS,1
eco_new_acti_477202,477202,VENTA AL POR MENOR DE ARTÍCULOS ORTOPÉDICOS EN COMERCIOS ESPECIALIZADOS,1
eco_new_acti_477203,477203,"VENTA AL POR MENOR DE ARTÍCULOS DE PERFUMERÍA, DE TOCADOR Y COSMÉTICOS EN COMERCIOS ESPECIALIZADOS",1
eco_new_acti_477310,477310,VENTA AL POR MENOR DE GAS LICUADO EN BOMBONAS (CILINDROS) EN COMERCIOS ESPECIALIZADOS,1
eco_new_acti_477391,477391,VENTA AL POR MENOR DE ALIMENTO Y ACCESORIOS PARA MASCOTAS EN COMERCIOS ESPECIALIZADOS,1
eco_new_acti_477392,477392,VENTA AL POR MENOR DE ARMAS Y MUNICIONES EN COMERCIOS ESPECIALIZADOS,1
eco_new_acti_477393,477393,VENTA AL POR MENOR DE ARTÍCULOS ÓPTICOS EN COMERCIOS ESPECIALIZADOS,1
eco_new_acti_477394,477394,"VENTA AL POR MENOR DE ARTÍCULOS DE JOYERÍA, BISUTERÍA Y RELOJERÍA EN COMERCIOS ESPECIALIZADOS",1
eco_new_acti_477395,477395,"VENTA AL POR MENOR DE CARBÓN, LEÑA Y OTROS COMBUSTIBLES DE USO DOMÉSTICO EN COMERCIOS ESPECIALIZADOS",1
eco_new_acti_477396,477396,"VENTA AL POR MENOR DE RECUERDOS, ARTESANÍAS Y ARTÍCULOS RELIGIOSOS EN COMERCIOS ESPECIALIZADOS",1
eco_new_acti_477397,477397,"VENTA AL POR MENOR DE FLORES, PLANTAS, ARBOLES, SEMILLAS Y ABONOS EN COMERCIOS ESPECIALIZADOS",1
eco_new_acti_477398,477398,VENTA AL POR MENOR DE MASCOTAS EN COMERCIOS ESPECIALIZADOS,1
eco_new_acti_477399,477399,VENTA AL POR MENOR DE OTROS PRODUCTOS EN COMERCIOS ESPECIALIZADOS N.C.P.,1
eco_new_acti_477401,477401,VENTA AL POR MENOR DE ANTIGÜEDADES EN COMERCIOS,1
eco_new_acti_477402,477402,VENTA AL POR MENOR DE ROPA USADA EN COMERCIOS,1
eco_new_acti_477409,477409,VENTA AL POR MENOR DE OTROS ARTÍCULOS DE SEGUNDA MANO EN COMERCIOS N.C.P.,1
eco_new_acti_478100,478100,"VENTA AL POR MENOR DE ALIMENTOS, BEBIDAS Y TABACO EN PUESTOS DE VENTA Y MERCADOS (INCLUYE FERIAS)",1
eco_new_acti_478200,478200,"VENTA AL POR MENOR DE PRODUCTOS TEXTILES, PRENDAS DE VESTIR Y CALZADO EN PUESTOS DE VENTA Y MERCADOS",1
eco_new_acti_478900,478900,VENTA AL POR MENOR DE OTROS PRODUCTOS EN PUESTOS DE VENTA Y MERCADOS (INCLUYE FERIAS),1
eco_new_acti_479100,479100,"VENTA AL POR MENOR POR CORREO, POR INTERNET Y VÍA TELEFÓNICA",1
eco_new_acti_479901,479901,VENTA AL POR MENOR REALIZADA POR INDEPENDIENTES EN LA LOCOMOCIÓN COLECTIVA (LEY 20.388),1
eco_new_acti_479902,479902,VENTA AL POR MENOR MEDIANTE MAQUINAS EXPENDEDORAS,1
eco_new_acti_479903,479903,VENTA AL POR MENOR POR COMISIONISTAS (NO DEPENDIENTES DE COMERCIOS),1
eco_new_acti_479909,479909,"OTRAS ACTIVIDADES DE VENTA POR MENOR NO REALIZADAS EN COMERCIOS, PUESTOS DE VENTA O MERCADOS N.C.P.",1
eco_new_acti_491100,491100,TRANSPORTE INTERURBANO DE PASAJEROS POR FERROCARRIL,1
eco_new_acti_491200,491200,TRANSPORTE DE CARGA POR FERROCARRIL,1
eco_new_acti_492110,492110,TRANSPORTE URBANO Y SUBURBANO DE PASAJEROS VÍA METRO Y METROTREN,1
eco_new_acti_492120,492120,TRANSPORTE URBANO Y SUBURBANO DE PASAJEROS VÍA LOCOMOCIÓN COLECTIVA,1
eco_new_acti_492130,492130,TRANSPORTE DE PASAJEROS VÍA TAXI COLECTIVO,1
eco_new_acti_492190,492190,OTRAS ACTIVIDADES DE TRANSPORTE URBANO Y SUBURBANO DE PASAJEROS POR VÍA TERRESTRE N.C.P.,1
eco_new_acti_492210,492210,SERVICIOS DE TRANSPORTE DE ESCOLARES,1
eco_new_acti_492220,492220,SERVICIOS DE TRANSPORTE DE TRABAJADORES,1
eco_new_acti_492230,492230,SERVICIOS DE TRANSPORTE DE PASAJEROS EN TAXIS LIBRES Y RADIOTAXIS,1
eco_new_acti_492240,492240,SERVICIOS DE TRANSPORTE A TURISTAS,1
eco_new_acti_492250,492250,TRANSPORTE DE PASAJEROS EN BUSES INTERURBANOS,1
eco_new_acti_492290,492290,OTRAS ACTIVIDADES DE TRANSPORTE DE PASAJEROS POR VÍA TERRESTRE N.C.P.,1
eco_new_acti_492300,492300,TRANSPORTE DE CARGA POR CARRETERA,1
eco_new_acti_493010,493010,TRANSPORTE POR OLEODUCTOS,1
eco_new_acti_493020,493020,TRANSPORTE POR GASODUCTOS,1
eco_new_acti_493090,493090,OTRAS ACTIVIDADES DE TRANSPORTE POR TUBERÍAS N.C.P.,1
eco_new_acti_501100,501100,TRANSPORTE DE PASAJEROS MARÍTIMO Y DE CABOTAJE,1
eco_new_acti_501200,501200,TRANSPORTE DE CARGA MARÍTIMO Y DE CABOTAJE,1
eco_new_acti_502100,502100,TRANSPORTE DE PASAJEROS POR VÍAS DE NAVEGACIÓN INTERIORES,1
eco_new_acti_502200,502200,TRANSPORTE DE CARGA POR VÍAS DE NAVEGACIÓN INTERIORES,1
eco_new_acti_511000,511000,TRANSPORTE DE PASAJEROS POR VÍA AÉREA,1
eco_new_acti_512000,512000,TRANSPORTE DE CARGA POR VÍA AÉREA,1
eco_new_acti_521001,521001,EXPLOTACIÓN DE FRIGORÍFICOS PARA ALMACENAMIENTO Y DEPÓSITO,1
eco_new_acti_521009,521009,OTROS SERVICIOS DE ALMACENAMIENTO Y DEPÓSITO N.C.P.,1
eco_new_acti_522110,522110,EXPLOTACIÓN DE TERMINALES TERRESTRES DE PASAJEROS,1
eco_new_acti_522120,522120,EXPLOTACIÓN DE ESTACIONAMIENTOS DE VEHÍCULOS AUTOMOTORES Y PARQUÍMETROS,1
eco_new_acti_522130,522130,SERVICIOS PRESTADOS POR CONCESIONARIOS DE CARRETERAS,1
eco_new_acti_522190,522190,ACTIVIDADES DE SERVICIOS VINCULADAS AL TRANSPORTE TERRESTRE N.C.P.,1
eco_new_acti_522200,522200,ACTIVIDADES DE SERVICIOS VINCULADAS AL TRANSPORTE ACUÁTICO,1
eco_new_acti_522300,522300,ACTIVIDADES DE SERVICIOS VINCULADAS AL TRANSPORTE AÉREO,1
eco_new_acti_522400,522400,MANIPULACIÓN DE LA CARGA,1
eco_new_acti_522910,522910,AGENCIAS DE ADUANAS,1
eco_new_acti_522920,522920,AGENCIAS DE NAVES,1
eco_new_acti_522990,522990,OTRAS ACTIVIDADES DE APOYO AL TRANSPORTE N.C.P.,1
eco_new_acti_531000,531000,ACTIVIDADES POSTALES,1
eco_new_acti_532000,532000,ACTIVIDADES DE MENSAJERÍA,1
eco_new_acti_551001,551001,ACTIVIDADES DE HOTELES,1
eco_new_acti_551002,551002,ACTIVIDADES DE MOTELES,1
eco_new_acti_551003,551003,ACTIVIDADES DE RESIDENCIALES PARA TURISTAS,1
eco_new_acti_551009,551009,OTRAS ACTIVIDADES DE ALOJAMIENTO PARA TURISTAS N.C.P.,1
eco_new_acti_552000,552000,ACTIVIDADES DE CAMPING Y DE PARQUES PARA CASAS RODANTES,1
eco_new_acti_559001,559001,ACTIVIDADES DE RESIDENCIALES PARA ESTUDIANTES Y TRABAJADORES,1
eco_new_acti_559009,559009,OTRAS ACTIVIDADES DE ALOJAMIENTO N.C.P.,1
eco_new_acti_561000,561000,ACTIVIDADES DE RESTAURANTES Y DE SERVICIO MÓVIL DE COMIDAS,1
eco_new_acti_562100,562100,SUMINISTRO DE COMIDAS POR ENCARGO (SERVICIOS DE BANQUETERÍA),1
eco_new_acti_562900,562900,SUMINISTRO INDUSTRIAL DE COMIDAS POR ENCARGO; CONCESIÓN DE SERVICIOS DE ALIMENTACIÓN,1
eco_new_acti_563001,563001,"ACTIVIDADES DE DISCOTECAS Y CABARET (NIGHT CLUB), CON PREDOMINIO DEL SERVICIO DE BEBIDAS",1
eco_new_acti_563009,563009,OTRAS ACTIVIDADES DE SERVICIO DE BEBIDAS N.C.P.,1
eco_new_acti_581100,581100,EDICIÓN DE LIBROS,1
eco_new_acti_581200,581200,EDICIÓN DE DIRECTORIOS Y LISTAS DE CORREO,1
eco_new_acti_581300,581300,"EDICIÓN DE DIARIOS, REVISTAS Y OTRAS PUBLICACIONES PERIÓDICAS",1
eco_new_acti_581900,581900,OTRAS ACTIVIDADES DE EDICIÓN,1
eco_new_acti_582000,582000,EDICIÓN DE PROGRAMAS INFORMÁTICOS,1
eco_new_acti_591100,591100,"ACTIVIDADES DE PRODUCCIÓN DE PELÍCULAS CINEMATOGRÁFICAS, VIDEOS Y PROGRAMAS DE TELEVISIÓN",1
eco_new_acti_591200,591200,"ACTIVIDADES DE POSTPRODUCCIÓN DE PELÍCULAS CINEMATOGRÁFICAS, VIDEOS Y PROGRAMAS DE TELEVISIÓN",1
eco_new_acti_591300,591300,"ACTIVIDADES DE DISTRIBUCIÓN DE PELÍCULAS CINEMATOGRÁFICAS, VIDEOS Y PROGRAMAS DE TELEVISIÓN",1
eco_new_acti_591400,591400,ACTIVIDADES DE EXHIBICIÓN DE PELÍCULAS CINEMATOGRÁFICAS Y CINTAS DE VIDEO,1
eco_new_acti_592000,592000,ACTIVIDADES DE GRABACIÓN DE SONIDO Y EDICIÓN DE MÚSICA,1
eco_new_acti_601000,601000,TRANSMISIONES DE RADIO,1
eco_new_acti_602000,602000,PROGRAMACIÓN Y TRANSMISIONES DE TELEVISIÓN,1
eco_new_acti_611010,611010,TELEFONÍA FIJA,1
eco_new_acti_611020,611020,TELEFONÍA LARGA DISTANCIA,1
eco_new_acti_611030,611030,TELEVISIÓN DE PAGO POR CABLE,1
eco_new_acti_611090,611090,OTROS SERVICIOS DE TELECOMUNICACIONES ALÁMBRICAS N.C.P.,1
eco_new_acti_612010,612010,TELEFONÍA MÓVIL CELULAR,1
eco_new_acti_612020,612020,RADIOCOMUNICACIONES MÓVILES,1
eco_new_acti_612030,612030,TELEVISIÓN DE PAGO INALÁMBRICA,1
eco_new_acti_612090,612090,OTROS SERVICIOS DE TELECOMUNICACIONES INALÁMBRICAS N.C.P.,1
eco_new_acti_613010,613010,TELEFONÍA MÓVIL SATELITAL,1
eco_new_acti_613020,613020,TELEVISIÓN DE PAGO SATELITAL,1
eco_new_acti_613090,613090,OTROS SERVICIOS DE TELECOMUNICACIONES POR SATÉLITE N.C.P.,1
eco_new_acti_619010,619010,CENTROS DE LLAMADOS Y CENTROS DE ACCESO A INTERNET,1
eco_new_acti_619090,619090,OTRAS ACTIVIDADES DE TELECOMUNICACIONES N.C.P.,1
eco_new_acti_620100,620100,ACTIVIDADES DE PROGRAMACIÓN INFORMÁTICA,2
eco_new_acti_620200,620200,ACTIVIDADES DE CONSULTORÍA DE INFORMÁTICA Y DE GESTIÓN DE INSTALACIONES INFORMÁTICAS,1
eco_new_acti_620900,620900,OTRAS ACTIVIDADES DE TECNOLOGÍA DE LA INFORMACIÓN Y DE SERVICIOS INFORMÁTICOS,1
eco_new_acti_631100,631100,"PROCESAMIENTO DE DATOS, HOSPEDAJE Y ACTIVIDADES CONEXAS",1
eco_new_acti_631200,631200,PORTALES WEB,1
eco_new_acti_639100,639100,ACTIVIDADES DE AGENCIAS DE NOTICIAS,1
eco_new_acti_639900,639900,OTRAS ACTIVIDADES DE SERVICIOS DE INFORMACIÓN N.C.P.,1
eco_new_acti_641100,641100,BANCA CENTRAL,1
eco_new_acti_641910,641910,ACTIVIDADES BANCARIAS,1
eco_new_acti_641990,641990,OTROS TIPOS DE INTERMEDIACIÓN MONETARIA N.C.P.,1
eco_new_acti_642000,642000,ACTIVIDADES DE SOCIEDADES DE CARTERA,1
eco_new_acti_643000,643000,FONDOS Y SOCIEDADES DE INVERSIÓN Y ENTIDADES FINANCIERAS SIMILARES,1
eco_new_acti_649100,649100,LEASING FINANCIERO,1
eco_new_acti_649201,649201,FINANCIERAS,1
eco_new_acti_649202,649202,ACTIVIDADES DE CRÉDITO PRENDARIO,1
eco_new_acti_649203,649203,CAJAS DE COMPENSACIÓN,1
eco_new_acti_649209,649209,OTRAS ACTIVIDADES DE CONCESIÓN DE CRÉDITO N.C.P.,1
eco_new_acti_649900,649900,"OTRAS ACTIVIDADES DE SERVICIOS FINANCIEROS, EXCEPTO LAS DE SEGUROS Y FONDOS DE PENSIONES N.C.P.",1
eco_new_acti_651100,651100,SEGUROS DE VIDA,1
eco_new_acti_651210,651210,"SEGUROS GENERALES, EXCEPTO ACTIVIDADES DE ISAPRES",1
eco_new_acti_651220,651220,ACTIVIDADES DE ISAPRES,1
eco_new_acti_652000,652000,REASEGUROS,1
eco_new_acti_653000,653000,FONDOS DE PENSIONES,1
eco_new_acti_661100,661100,ADMINISTRACIÓN DE MERCADOS FINANCIEROS,1
eco_new_acti_661201,661201,ACTIVIDADES DE SECURITIZADORAS,1
eco_new_acti_661202,661202,CORREDORES DE BOLSA,1
eco_new_acti_661203,661203,AGENTES DE VALORES,1
eco_new_acti_661204,661204,ACTIVIDADES DE CASAS DE CAMBIO Y OPERADORES DE DIVISA,1
eco_new_acti_661209,661209,OTROS SERVICIOS DE CORRETAJE DE VALORES Y COMMODITIES N.C.P.,1
eco_new_acti_661901,661901,ACTIVIDADES DE CÁMARAS DE COMPENSACIÓN,1
eco_new_acti_661902,661902,ADMINISTRACIÓN DE TARJETAS DE CRÉDITO,1
eco_new_acti_661903,661903,EMPRESAS DE ASESORÍA Y CONSULTORÍA EN INVERSIÓN FINANCIERA; SOCIEDADES DE APOYO AL GIRO,1
eco_new_acti_661904,661904,ACTIVIDADES DE CLASIFICADORAS DE RIESGO,1
eco_new_acti_661909,661909,OTRAS ACTIVIDADES AUXILIARES DE LAS ACTIVIDADES DE SERVICIOS FINANCIEROS N.C.P.,1
eco_new_acti_662100,662100,EVALUACIÓN DE RIESGOS Y DAÑOS (INCLUYE ACTIVIDADES DE LIQUIDADORES DE SEGUROS),2
eco_new_acti_662200,662200,ACTIVIDADES DE AGENTES Y CORREDORES DE SEGUROS,1
eco_new_acti_662900,662900,OTRAS ACTIVIDADES AUXILIARES DE LAS ACTIVIDADES DE SEGUROS Y FONDOS DE PENSIONES,nd
eco_new_acti_663010,663010,ADMINISTRADORAS DE FONDOS DE PENSIONES (AFP),1
eco_new_acti_663091,663091,ADMINISTRADORAS DE FONDOS DE INVERSIÓN,1
eco_new_acti_663092,663092,ADMINISTRADORAS DE FONDOS MUTUOS,1
eco_new_acti_663093,663093,ADMINISTRADORAS DE FICES (FONDOS DE INVERSIÓN DE CAPITAL EXTRANJERO),1
eco_new_acti_663094,663094,ADMINISTRADORAS DE FONDOS PARA LA VIVIENDA,1
eco_new_acti_663099,663099,ADMINISTRADORAS DE FONDOS PARA OTROS FINES N.C.P.,1
eco_new_acti_681011,681011,ALQUILER DE BIENES INMUEBLES AMOBLADOS O CON EQUIPOS Y MAQUINARIAS,1
eco_new_acti_681012,681012,"COMPRA, VENTA Y ALQUILER (EXCEPTO AMOBLADOS) DE INMUEBLES",1
eco_new_acti_681020,681020,SERVICIOS IMPUTADOS DE ALQUILER DE VIVIENDAS,1
eco_new_acti_682000,682000,ACTIVIDADES INMOBILIARIAS REALIZADAS A CAMBIO DE UNA RETRIBUCIÓN O POR CONTRATA,nd
eco_new_acti_691001,691001,SERVICIOS DE ASESORAMIENTO Y REPRESENTACIÓN JURÍDICA,2
eco_new_acti_691002,691002,SERVICIO NOTARIAL,2
eco_new_acti_691003,691003,CONSERVADOR DE BIENES RAÍCES,2
eco_new_acti_691004,691004,RECEPTORES JUDICIALES,2
eco_new_acti_691009,691009,SERVICIOS DE ARBITRAJE; SÍNDICOS DE QUIEBRA Y PERITOS JUDICIALES; OTRAS ACTIVIDADES JURÍDICAS N.C.P.,2
eco_new_acti_692000,692000,"ACTIVIDADES DE CONTABILIDAD, TENEDURÍA DE LIBROS Y AUDITORÍA; CONSULTORÍA FISCAL",2
eco_new_acti_701000,701000,ACTIVIDADES DE OFICINAS PRINCIPALES,nd
eco_new_acti_702000,702000,ACTIVIDADES DE CONSULTORÍA DE GESTIÓN,nd
eco_new_acti_711001,711001,"SERVICIOS DE ARQUITECTURA (DISEÑO DE EDIFICIOS, DIBUJO DE PLANOS DE CONSTRUCCIÓN, ENTRE OTROS)",2
eco_new_acti_711002,711002,EMPRESAS DE SERVICIOS DE INGENIERÍA Y ACTIVIDADES CONEXAS DE CONSULTORÍA TÉCNICA,1
eco_new_acti_711003,711003,SERVICIOS PROFESIONALES DE INGENIERÍA Y ACTIVIDADES CONEXAS DE CONSULTORÍA TÉCNICA,2
eco_new_acti_712001,712001,ACTIVIDADES DE PLANTAS DE REVISIÓN TÉCNICA PARA VEHÍCULOS AUTOMOTORES,1
eco_new_acti_712009,712009,OTROS SERVICIOS DE ENSAYOS Y ANÁLISIS TÉCNICOS (EXCEPTO ACTIVIDADES DE PLANTAS DE REVISIÓN TÉCNICA),1
eco_new_acti_721000,721000,INVESTIGACIONES Y DESARROLLO EXPERIMENTAL EN EL CAMPO DE LAS CIENCIAS NATURALES Y LA INGENIERÍA,1
eco_new_acti_722000,722000,INVESTIGACIONES Y DESARROLLO EXPERIMENTAL EN EL CAMPO DE LAS CIENCIAS SOCIALES Y LAS HUMANIDADES,1
eco_new_acti_731001,731001,SERVICIOS DE PUBLICIDAD PRESTADOS POR EMPRESAS,1
eco_new_acti_731002,731002,SERVICIOS DE PUBLICIDAD PRESTADOS POR PROFESIONALES,2
eco_new_acti_732000,732000,ESTUDIOS DE MERCADO Y ENCUESTAS DE OPINIÓN PÚBLICA,nd
eco_new_acti_741001,741001,ACTIVIDADES DE DISEÑO DE VESTUARIO,nd
eco_new_acti_741002,741002,ACTIVIDADES DE DISEÑO Y DECORACIÓN DE INTERIORES,nd
eco_new_acti_741009,741009,OTRAS ACTIVIDADES ESPECIALIZADAS DE DISEÑO N.C.P.,nd
eco_new_acti_742001,742001,"SERVICIOS DE REVELADO, IMPRESIÓN Y AMPLIACIÓN DE FOTOGRAFÍAS",1
eco_new_acti_742002,742002,SERVICIOS Y ACTIVIDADES DE FOTOGRAFÍA,nd
eco_new_acti_742003,742003,SERVICIOS PERSONALES DE FOTOGRAFÍA,2
eco_new_acti_749001,749001,ASESORÍA Y GESTIÓN EN LA COMPRA O VENTA DE PEQUEÑAS Y MEDIANAS EMPRESAS,1
eco_new_acti_749002,749002,SERVICIOS DE TRADUCCIÓN E INTERPRETACIÓN PRESTADOS POR EMPRESAS,1
eco_new_acti_749003,749003,SERVICIOS PERSONALES DE TRADUCCIÓN E INTERPRETACIÓN,2
eco_new_acti_749004,749004,"ACTIVIDADES DE AGENCIAS Y AGENTES DE REPRESENTACIÓN DE ACTORES, DEPORTISTAS Y OTRAS FIGURAS PÚBLICAS",1
eco_new_acti_749009,749009,"OTRAS ACTIVIDADES PROFESIONALES, CIENTÍFICAS Y TÉCNICAS N.C.P.",2
eco_new_acti_750001,750001,ACTIVIDADES DE CLÍNICAS VETERINARIAS,1
eco_new_acti_750002,750002,"ACTIVIDADES DE VETERINARIOS, TÉCNICOS Y OTRO PERSONAL AUXILIAR, PRESTADOS DE FORMA INDEPENDIENTE",2
eco_new_acti_771000,771000,ALQUILER DE VEHÍCULOS AUTOMOTORES SIN CHOFER,1
eco_new_acti_772100,772100,ALQUILER Y ARRENDAMIENTO DE EQUIPO RECREATIVO Y DEPORTIVO,1
eco_new_acti_772200,772200,ALQUILER DE CINTAS DE VIDEO Y DISCOS,1
eco_new_acti_772900,772900,ALQUILER DE OTROS EFECTOS PERSONALES Y ENSERES DOMÉSTICOS (INCLUYE MOBILIARIO PARA EVENTOS),1
eco_new_acti_773001,773001,"ALQUILER DE EQUIPOS DE TRANSPORTE SIN OPERARIO, EXCEPTO VEHÍCULOS AUTOMOTORES",1
eco_new_acti_773002,773002,"ALQUILER DE MAQUINARIA Y EQUIPO AGROPECUARIO, FORESTAL, DE CONSTRUCCIÓN E ING. CIVIL, SIN OPERARIOS",1
eco_new_acti_773003,773003,"ALQUILER DE MAQUINARIA Y EQUIPO DE OFICINA, SIN OPERARIOS (SIN SERVICIO ADMINISTRATIVO)",1
eco_new_acti_773009,773009,ALQUILER DE OTROS TIPOS DE MAQUINARIAS Y EQUIPOS SIN OPERARIO N.C.P.,1
eco_new_acti_774000,774000,"ARRENDAMIENTO DE PROPIEDAD INTELECTUAL Y SIMILARES, EXCEPTO OBRAS PROTEGIDAS POR DERECHOS DE AUTOR",1
eco_new_acti_781000,781000,ACTIVIDADES DE AGENCIAS DE EMPLEO,1
eco_new_acti_782000,782000,ACTIVIDADES DE AGENCIAS DE EMPLEO TEMPORAL (INCLUYE EMPRESAS DE SERVICIOS TRANSITORIOS),1
eco_new_acti_783000,783000,OTRAS ACTIVIDADES DE DOTACIÓN DE RECURSOS HUMANOS,1
eco_new_acti_791100,791100,ACTIVIDADES DE AGENCIAS DE VIAJES,1
eco_new_acti_791200,791200,ACTIVIDADES DE OPERADORES TURÍSTICOS,1
eco_new_acti_799000,799000,"OTROS SERVICIOS DE RESERVAS Y ACTIVIDADES CONEXAS (INCLUYE VENTA DE ENTRADAS PARA TEATRO, Y OTROS)",1
eco_new_acti_801001,801001,SERVICIOS DE SEGURIDAD PRIVADA PRESTADOS POR EMPRESAS,1
eco_new_acti_801002,801002,SERVICIO DE TRANSPORTE DE VALORES EN VEHÍCULOS BLINDADOS,1
eco_new_acti_801003,801003,SERVICIOS DE SEGURIDAD PRIVADA PRESTADOS POR INDEPENDIENTES,2
eco_new_acti_802000,802000,ACTIVIDADES DE SERVICIOS DE SISTEMAS DE SEGURIDAD (INCLUYE SERVICIOS DE CERRAJERÍA),1
eco_new_acti_803000,803000,ACTIVIDADES DE INVESTIGACIÓN (INCLUYE ACTIVIDADES DE INVESTIGADORES Y DETECTIVES PRIVADOS),nd
eco_new_acti_811000,811000,ACTIVIDADES COMBINADAS DE APOYO A INSTALACIONES,nd
eco_new_acti_812100,812100,LIMPIEZA GENERAL DE EDIFICIOS,1
eco_new_acti_812901,812901,"DESRATIZACIÓN, DESINFECCIÓN Y EXTERMINIO DE PLAGAS NO AGRÍCOLAS",1
eco_new_acti_812909,812909,OTRAS ACTIVIDADES DE LIMPIEZA DE EDIFICIOS E INSTALACIONES INDUSTRIALES N.C.P.,1
eco_new_acti_813000,813000,"ACTIVIDADES DE PAISAJISMO, SERVICIOS DE JARDINERÍA Y SERVICIOS CONEXOS",1
eco_new_acti_821100,821100,ACTIVIDADES COMBINADAS DE SERVICIOS ADMINISTRATIVOS DE OFICINA,1
eco_new_acti_821900,821900,"FOTOCOPIADO, PREPARACIÓN DE DOCUMENTOS Y OTRAS ACTIVIDADES ESPECIALIZADAS DE APOYO DE OFICINA",1
eco_new_acti_822000,822000,ACTIVIDADES DE CALL-CENTER,1
eco_new_acti_823000,823000,ORGANIZACIÓN DE CONVENCIONES Y EXPOSICIONES COMERCIALES,1
eco_new_acti_829110,829110,ACTIVIDADES DE AGENCIAS DE COBRO,1
eco_new_acti_829120,829120,ACTIVIDADES DE AGENCIAS DE CALIFICACIÓN CREDITICIA,1
eco_new_acti_829200,829200,ACTIVIDADES DE ENVASADO Y EMPAQUETADO,1
eco_new_acti_829900,829900,OTRAS ACTIVIDADES DE SERVICIOS DE APOYO A LAS EMPRESAS N.C.P.,1
eco_new_acti_841100,841100,ACTIVIDADES DE LA ADMINISTRACIÓN PÚBLICA EN GENERAL,1
eco_new_acti_841200,841200,"REGULACIÓN DE LAS ACTIVIDADES DE ORGANISMOS QUE PRESTAN SERVICIOS SANITARIOS, EDUCATIVOS, CULTURALES",1
eco_new_acti_841300,841300,REGULACIÓN Y FACILITACIÓN DE LA ACTIVIDAD ECONÓMICA,1
eco_new_acti_842100,842100,RELACIONES EXTERIORES,1
eco_new_acti_842200,842200,ACTIVIDADES DE DEFENSA,1
eco_new_acti_842300,842300,ACTIVIDADES DE MANTENIMIENTO DEL ORDEN PÚBLICO Y DE SEGURIDAD,1
eco_new_acti_843010,843010,FONDO NACIONAL DE SALUD (FONASA),1
eco_new_acti_843020,843020,INSTITUTO DE PREVISIÓN SOCIAL (IPS),1
eco_new_acti_843090,843090,OTROS PLANES DE SEGURIDAD SOCIAL DE AFILIACIÓN OBLIGATORIA N.C.P.,1
eco_new_acti_850011,850011,ENSEÑANZA PREESCOLAR PÚBLICA,1
eco_new_acti_850012,850012,"ENSEÑANZA PRIMARIA, SECUNDARIA CIENTÍFICO HUMANISTA Y TÉCNICO PROFESIONAL PÚBLICA",1
eco_new_acti_850021,850021,ENSEÑANZA PREESCOLAR PRIVADA,1
eco_new_acti_850022,850022,"ENSEÑANZA PRIMARIA, SECUNDARIA CIENTÍFICO HUMANISTA Y TÉCNICO PROFESIONAL PRIVADA",1
eco_new_acti_853110,853110,ENSEÑANZA SUPERIOR EN UNIVERSIDADES PÚBLICAS,1
eco_new_acti_853120,853120,ENSEÑANZA SUPERIOR EN UNIVERSIDADES PRIVADAS,1
eco_new_acti_853201,853201,ENSEÑANZA SUPERIOR EN INSTITUTOS PROFESIONALES,1
eco_new_acti_853202,853202,ENSEÑANZA SUPERIOR EN CENTROS DE FORMACIÓN TÉCNICA,1
eco_new_acti_854100,854100,ENSEÑANZA DEPORTIVA Y RECREATIVA,1
eco_new_acti_854200,854200,ENSEÑANZA CULTURAL,2
eco_new_acti_854901,854901,ENSEÑANZA PREUNIVERSITARIA,1
eco_new_acti_854902,854902,SERVICIOS PERSONALES DE EDUCACIÓN,2
eco_new_acti_854909,854909,OTROS TIPOS DE ENSEÑANZA N.C.P.,1
eco_new_acti_855000,855000,ACTIVIDADES DE APOYO A LA ENSEÑANZA,nd
eco_new_acti_861010,861010,ACTIVIDADES DE HOSPITALES Y CLÍNICAS PÚBLICAS,1
eco_new_acti_861020,861020,ACTIVIDADES DE HOSPITALES Y CLÍNICAS PRIVADAS,1
eco_new_acti_862010,862010,ACTIVIDADES DE CENTROS DE SALUD MUNICIPALIZADOS (SERVICIOS DE SALUD PÚBLICA),1
eco_new_acti_862021,862021,CENTROS MÉDICOS PRIVADOS (ESTABLECIMIENTOS DE ATENCIÓN AMBULATORIA),1
eco_new_acti_862022,862022,CENTROS DE ATENCIÓN ODONTOLÓGICA PRIVADOS (ESTABLECIMIENTOS DE ATENCIÓN AMBULATORIA),1
eco_new_acti_862031,862031,SERVICIOS DE MÉDICOS PRESTADOS DE FORMA INDEPENDIENTE,2
eco_new_acti_862032,862032,SERVICIOS DE ODONTÓLOGOS PRESTADOS DE FORMA INDEPENDIENTE,2
eco_new_acti_869010,869010,ACTIVIDADES DE LABORATORIOS CLÍNICOS Y BANCOS DE SANGRE,1
eco_new_acti_869091,869091,OTROS SERVICIOS DE ATENCIÓN DE LA SALUD HUMANA PRESTADOS POR EMPRESAS,1
eco_new_acti_869092,869092,SERVICIOS PRESTADOS DE FORMA INDEPENDIENTE POR OTROS PROFESIONALES DE LA SALUD,2
eco_new_acti_871000,871000,ACTIVIDADES DE ATENCIÓN DE ENFERMERÍA EN INSTITUCIONES,1
eco_new_acti_872000,872000,ACTIVIDADES DE ATENCIÓN EN INSTITUCIONES PARA PERSONAS CON DISCAPACIDAD MENTAL Y TOXICÓMANOS,1
eco_new_acti_873000,873000,ACTIVIDADES DE ATENCIÓN EN INSTITUCIONES PARA PERSONAS DE EDAD Y PERSONAS CON DISCAPACIDAD FÍSICA,1
eco_new_acti_879000,879000,OTRAS ACTIVIDADES DE ATENCIÓN EN INSTITUCIONES,1
eco_new_acti_881000,881000,ACTIVIDADES DE ASISTENCIA SOCIAL SIN ALOJAMIENTO PARA PERSONAS DE EDAD Y PERSONAS CON DISCAPACIDAD,1
eco_new_acti_889000,889000,OTRAS ACTIVIDADES DE ASISTENCIA SOCIAL SIN ALOJAMIENTO,1
eco_new_acti_900001,900001,"SERVICIOS DE PRODUCCIÓN DE OBRAS DE TEATRO, CONCIERTOS, ESPECTÁCULOS DE DANZA, OTRAS PROD. ESCÉNICAS",1
eco_new_acti_900002,900002,"ACTIVIDADES ARTÍSTICAS REALIZADAS POR BANDAS DE MÚSICA, COMPAÑÍAS DE TEATRO, CIRCENSES Y SIMILARES",1
eco_new_acti_900003,900003,"ACTIVIDADES DE ARTISTAS REALIZADAS DE FORMA INDEPENDIENTE: ACTORES, MÚSICOS, ESCRITORES, ENTRE OTROS",2
eco_new_acti_900004,900004,SERVICIOS PRESTADOS POR PERIODISTAS INDEPENDIENTES,2
eco_new_acti_900009,900009,"OTRAS ACTIVIDADES CREATIVAS, ARTÍSTICAS Y DE ENTRETENIMIENTO N.C.P.",nd
eco_new_acti_910100,910100,ACTIVIDADES DE BIBLIOTECAS Y ARCHIVOS,1
eco_new_acti_910200,910200,"ACTIVIDADES DE MUSEOS, GESTIÓN DE LUGARES Y EDIFICIOS HISTÓRICOS",1
eco_new_acti_910300,910300,"ACTIVIDADES DE JARDINES BOTÁNICOS, ZOOLÓGICOS Y RESERVAS NATURALES",1
eco_new_acti_920010,920010,ACTIVIDADES DE CASINOS DE JUEGOS,1
eco_new_acti_920090,920090,OTRAS ACTIVIDADES DE JUEGOS DE AZAR Y APUESTAS N.C.P.,1
eco_new_acti_931101,931101,HIPÓDROMOS,1
eco_new_acti_931102,931102,GESTIÓN DE SALAS DE BILLAR; GESTIÓN DE SALAS DE BOLOS (BOWLING),1
eco_new_acti_931109,931109,GESTIÓN DE OTRAS INSTALACIONES DEPORTIVAS N.C.P.,1
eco_new_acti_931201,931201,ACTIVIDADES DE CLUBES DE FÚTBOL AMATEUR Y PROFESIONAL,1
eco_new_acti_931209,931209,ACTIVIDADES DE OTROS CLUBES DEPORTIVOS N.C.P.,1
eco_new_acti_931901,931901,PROMOCIÓN Y ORGANIZACIÓN DE COMPETENCIAS DEPORTIVAS,1
eco_new_acti_931909,931909,OTRAS ACTIVIDADES DEPORTIVAS N.C.P.,1
eco_new_acti_932100,932100,ACTIVIDADES DE PARQUES DE ATRACCIONES Y PARQUES TEMÁTICOS,1
eco_new_acti_932901,932901,GESTIÓN DE SALAS DE POOL; GESTIÓN (EXPLOTACIÓN) DE JUEGOS ELECTRÓNICOS,1
eco_new_acti_932909,932909,OTRAS ACTIVIDADES DE ESPARCIMIENTO Y RECREATIVAS N.C.P.,nd
eco_new_acti_941100,941100,ACTIVIDADES DE ASOCIACIONES EMPRESARIALES Y DE EMPLEADORES,1
eco_new_acti_941200,941200,ACTIVIDADES DE ASOCIACIONES PROFESIONALES,1
eco_new_acti_942000,942000,ACTIVIDADES DE SINDICATOS,1
eco_new_acti_949100,949100,ACTIVIDADES DE ORGANIZACIONES RELIGIOSAS,1
eco_new_acti_949200,949200,ACTIVIDADES DE ORGANIZACIONES POLÍTICAS,1
eco_new_acti_949901,949901,ACTIVIDADES DE CENTROS DE MADRES,1
eco_new_acti_949902,949902,ACTIVIDADES DE CLUBES SOCIALES,1
eco_new_acti_949903,949903,FUNDACIONES Y CORPORACIONES; ASOCIACIONES QUE PROMUEVEN ACTIVIDADES CULTURALES O RECREATIVAS,1
eco_new_acti_949904,949904,CONSEJO DE ADMINISTRACIÓN DE EDIFICIOS Y CONDOMINIOS,1
eco_new_acti_949909,949909,ACTIVIDADES DE OTRAS ASOCIACIONES N.C.P.,1
eco_new_acti_951100,951100,REPARACIÓN DE COMPUTADORES Y EQUIPO PERIFÉRICO,1
eco_new_acti_951200,951200,REPARACIÓN DE EQUIPO DE COMUNICACIONES (INCLUYE LA REPARACIÓN TELÉFONOS CELULARES),1
eco_new_acti_952100,952100,REPARACIÓN DE APARATOS ELECTRÓNICOS DE CONSUMO (INCLUYE APARATOS DE TELEVISIÓN Y RADIO),1
eco_new_acti_952200,952200,"REPARACIÓN DE APARATOS DE USO DOMÉSTICO, EQUIPO DOMÉSTICO Y DE JARDINERÍA",1
eco_new_acti_952300,952300,REPARACIÓN DE CALZADO Y DE ARTÍCULOS DE CUERO,1
eco_new_acti_952400,952400,REPARACIÓN DE MUEBLES Y ACCESORIOS DOMÉSTICOS,1
eco_new_acti_952900,952900,REPARACIÓN DE OTROS EFECTOS PERSONALES Y ENSERES DOMÉSTICOS,1
eco_new_acti_960100,960100,"LAVADO Y LIMPIEZA, INCLUIDA LA LIMPIEZA EN SECO, DE PRODUCTOS TEXTILES Y DE PIEL",1
eco_new_acti_960200,960200,PELUQUERÍA Y OTROS TRATAMIENTOS DE BELLEZA,nd
eco_new_acti_960310,960310,SERVICIOS FUNERARIOS,1
eco_new_acti_960320,960320,SERVICIOS DE CEMENTERIOS,1
eco_new_acti_960901,960901,"SERVICIOS DE ADIESTRAMIENTO, GUARDERÍA, PELUQUERÍA, PASEO DE MASCOTAS (EXCEPTO ACT. VETERINARIAS)",1
eco_new_acti_960902,960902,"ACTIVIDADES DE SALONES DE MASAJES, BAÑOS TURCOS, SAUNAS, SERVICIO DE BAÑOS PÚBLICOS",1
eco_new_acti_960909,960909,OTRAS ACTIVIDADES DE SERVICIOS PERSONALES N.C.P.,2
eco_new_acti_970000,970000,ACTIVIDADES DE LOS HOGARES COMO EMPLEADORES DE PERSONAL DOMÉSTICO,nd
eco_new_acti_990000,990000,ACTIVIDADES DE ORGANIZACIONES Y ÓRGANOS EXTRATERRITORIALES,1
