<?xml version="1.0" encoding="UTF-8" ?>

<templates id="template" xml:space="preserve">

        <t t-name="pos_all_orders.PartnerLine"
           t-inherit="point_of_sale.PartnerLine" t-inherit-mode="extension"
           owl="1">
            <xpath expr="//td[hasclass('partner-line-last-column-placeholder')]"
                   position="after">
                <td>
                    <button class="click-order" t-on-click="() => this._onClickOrder(props.partner.id)">View Orders</button>
                </td>
            </xpath>
        </t>
        </templates>


